Benchmarking: bin/black_scholes_base
Run 1

BASIC IMPLEMENTATION
--------------------------------------------------------------

Index  | Call Model | Call Actual | Put Model  | Put Actual
--------------------------------------------------------------
0      | 51.3883    | 51.7000    | 28.5523    | 29.6500   
1      | 53.1439    | 53.6500    | 24.8999    | 27.3750   
2      | 55.5507    | 56.4000    | 21.9540    | 25.3500   
3      | 58.3779    | 59.9750    | 18.8546    | 23.2750   
4      | 60.7531    | 63.1750    | 16.0375    | 21.2000   
5      | 62.9777    | 66.3250    | 13.9869    | 19.5250   
6      | 65.1464    | 69.7250    | 11.9810    | 17.7500   
7      | 67.0319    | 72.9000    | 10.2835    | 16.1500   
8      | 48.6629    | 48.7500    | 32.3818    | 31.9000   
9      | 46.3002    | 46.3750    | 36.7510    | 34.3250   

TIME TAKEN = 7381.07518 ms
Benchmarking: bin/black_scholes_base
Run 1

BASIC IMPLEMENTATION
--------------------------------------------------------------

Index  | Call Model | Call Actual | Put Model  | Put Actual
--------------------------------------------------------------
0      | 51.3883    | 51.7000    | 28.5523    | 29.6500   
1      | 53.1439    | 53.6500    | 24.8999    | 27.3750   
2      | 55.5507    | 56.4000    | 21.9540    | 25.3500   
3      | 58.3779    | 59.9750    | 18.8546    | 23.2750   
4      | 60.7531    | 63.1750    | 16.0375    | 21.2000   
5      | 62.9777    | 66.3250    | 13.9869    | 19.5250   
6      | 65.1464    | 69.7250    | 11.9810    | 17.7500   
7      | 67.0319    | 72.9000    | 10.2835    | 16.1500   
8      | 48.6629    | 48.7500    | 32.3818    | 31.9000   
9      | 46.3002    | 46.3750    | 36.7510    | 34.3250   

TIME TAKEN = 7345.04677 ms
Run 2

BASIC IMPLEMENTATION
--------------------------------------------------------------

Index  | Call Model | Call Actual | Put Model  | Put Actual
--------------------------------------------------------------
0      | 51.3883    | 51.7000    | 28.5523    | 29.6500   
1      | 53.1439    | 53.6500    | 24.8999    | 27.3750   
2      | 55.5507    | 56.4000    | 21.9540    | 25.3500   
3      | 58.3779    | 59.9750    | 18.8546    | 23.2750   
4      | 60.7531    | 63.1750    | 16.0375    | 21.2000   
5      | 62.9777    | 66.3250    | 13.9869    | 19.5250   
6      | 65.1464    | 69.7250    | 11.9810    | 17.7500   
7      | 67.0319    | 72.9000    | 10.2835    | 16.1500   
8      | 48.6629    | 48.7500    | 32.3818    | 31.9000   
9      | 46.3002    | 46.3750    | 36.7510    | 34.3250   

TIME TAKEN = 7355.63737 ms
Run 3

BASIC IMPLEMENTATION
--------------------------------------------------------------

Index  | Call Model | Call Actual | Put Model  | Put Actual
--------------------------------------------------------------
0      | 51.3883    | 51.7000    | 28.5523    | 29.6500   
1      | 53.1439    | 53.6500    | 24.8999    | 27.3750   
2      | 55.5507    | 56.4000    | 21.9540    | 25.3500   
3      | 58.3779    | 59.9750    | 18.8546    | 23.2750   
4      | 60.7531    | 63.1750    | 16.0375    | 21.2000   
5      | 62.9777    | 66.3250    | 13.9869    | 19.5250   
6      | 65.1464    | 69.7250    | 11.9810    | 17.7500   
7      | 67.0319    | 72.9000    | 10.2835    | 16.1500   
8      | 48.6629    | 48.7500    | 32.3818    | 31.9000   
9      | 46.3002    | 46.3750    | 36.7510    | 34.3250   

TIME TAKEN = 7392.51632 ms
Run 4

BASIC IMPLEMENTATION
--------------------------------------------------------------

Index  | Call Model | Call Actual | Put Model  | Put Actual
--------------------------------------------------------------
0      | 51.3883    | 51.7000    | 28.5523    | 29.6500   
1      | 53.1439    | 53.6500    | 24.8999    | 27.3750   
2      | 55.5507    | 56.4000    | 21.9540    | 25.3500   
3      | 58.3779    | 59.9750    | 18.8546    | 23.2750   
4      | 60.7531    | 63.1750    | 16.0375    | 21.2000   
5      | 62.9777    | 66.3250    | 13.9869    | 19.5250   
6      | 65.1464    | 69.7250    | 11.9810    | 17.7500   
7      | 67.0319    | 72.9000    | 10.2835    | 16.1500   
8      | 48.6629    | 48.7500    | 32.3818    | 31.9000   
9      | 46.3002    | 46.3750    | 36.7510    | 34.3250   

TIME TAKEN = 7353.51618 ms
Run 5

BASIC IMPLEMENTATION
--------------------------------------------------------------

Index  | Call Model | Call Actual | Put Model  | Put Actual
--------------------------------------------------------------
0      | 51.3883    | 51.7000    | 28.5523    | 29.6500   
1      | 53.1439    | 53.6500    | 24.8999    | 27.3750   
2      | 55.5507    | 56.4000    | 21.9540    | 25.3500   
3      | 58.3779    | 59.9750    | 18.8546    | 23.2750   
4      | 60.7531    | 63.1750    | 16.0375    | 21.2000   
5      | 62.9777    | 66.3250    | 13.9869    | 19.5250   
6      | 65.1464    | 69.7250    | 11.9810    | 17.7500   
7      | 67.0319    | 72.9000    | 10.2835    | 16.1500   
8      | 48.6629    | 48.7500    | 32.3818    | 31.9000   
9      | 46.3002    | 46.3750    | 36.7510    | 34.3250   

TIME TAKEN = 7389.28508 ms
Run 6

BASIC IMPLEMENTATION
--------------------------------------------------------------

Index  | Call Model | Call Actual | Put Model  | Put Actual
--------------------------------------------------------------
0      | 51.3883    | 51.7000    | 28.5523    | 29.6500   
1      | 53.1439    | 53.6500    | 24.8999    | 27.3750   
2      | 55.5507    | 56.4000    | 21.9540    | 25.3500   
3      | 58.3779    | 59.9750    | 18.8546    | 23.2750   
4      | 60.7531    | 63.1750    | 16.0375    | 21.2000   
5      | 62.9777    | 66.3250    | 13.9869    | 19.5250   
6      | 65.1464    | 69.7250    | 11.9810    | 17.7500   
7      | 67.0319    | 72.9000    | 10.2835    | 16.1500   
8      | 48.6629    | 48.7500    | 32.3818    | 31.9000   
9      | 46.3002    | 46.3750    | 36.7510    | 34.3250   

TIME TAKEN = 7354.32649 ms
Run 7

BASIC IMPLEMENTATION
--------------------------------------------------------------

Index  | Call Model | Call Actual | Put Model  | Put Actual
--------------------------------------------------------------
0      | 51.3883    | 51.7000    | 28.5523    | 29.6500   
1      | 53.1439    | 53.6500    | 24.8999    | 27.3750   
2      | 55.5507    | 56.4000    | 21.9540    | 25.3500   
3      | 58.3779    | 59.9750    | 18.8546    | 23.2750   
4      | 60.7531    | 63.1750    | 16.0375    | 21.2000   
5      | 62.9777    | 66.3250    | 13.9869    | 19.5250   
6      | 65.1464    | 69.7250    | 11.9810    | 17.7500   
7      | 67.0319    | 72.9000    | 10.2835    | 16.1500   
8      | 48.6629    | 48.7500    | 32.3818    | 31.9000   
9      | 46.3002    | 46.3750    | 36.7510    | 34.3250   

TIME TAKEN = 7343.67894 ms
Run 8

BASIC IMPLEMENTATION
--------------------------------------------------------------

Index  | Call Model | Call Actual | Put Model  | Put Actual
--------------------------------------------------------------
0      | 51.3883    | 51.7000    | 28.5523    | 29.6500   
1      | 53.1439    | 53.6500    | 24.8999    | 27.3750   
2      | 55.5507    | 56.4000    | 21.9540    | 25.3500   
3      | 58.3779    | 59.9750    | 18.8546    | 23.2750   
4      | 60.7531    | 63.1750    | 16.0375    | 21.2000   
5      | 62.9777    | 66.3250    | 13.9869    | 19.5250   
6      | 65.1464    | 69.7250    | 11.9810    | 17.7500   
7      | 67.0319    | 72.9000    | 10.2835    | 16.1500   
8      | 48.6629    | 48.7500    | 32.3818    | 31.9000   
9      | 46.3002    | 46.3750    | 36.7510    | 34.3250   

TIME TAKEN = 7498.11909 ms
Run 9

BASIC IMPLEMENTATION
--------------------------------------------------------------

Index  | Call Model | Call Actual | Put Model  | Put Actual
--------------------------------------------------------------
0      | 51.3883    | 51.7000    | 28.5523    | 29.6500   
1      | 53.1439    | 53.6500    | 24.8999    | 27.3750   
2      | 55.5507    | 56.4000    | 21.9540    | 25.3500   
3      | 58.3779    | 59.9750    | 18.8546    | 23.2750   
4      | 60.7531    | 63.1750    | 16.0375    | 21.2000   
5      | 62.9777    | 66.3250    | 13.9869    | 19.5250   
6      | 65.1464    | 69.7250    | 11.9810    | 17.7500   
7      | 67.0319    | 72.9000    | 10.2835    | 16.1500   
8      | 48.6629    | 48.7500    | 32.3818    | 31.9000   
9      | 46.3002    | 46.3750    | 36.7510    | 34.3250   

TIME TAKEN = 7354.39191 ms
Run 10

BASIC IMPLEMENTATION
--------------------------------------------------------------

Index  | Call Model | Call Actual | Put Model  | Put Actual
--------------------------------------------------------------
0      | 51.3883    | 51.7000    | 28.5523    | 29.6500   
1      | 53.1439    | 53.6500    | 24.8999    | 27.3750   
2      | 55.5507    | 56.4000    | 21.9540    | 25.3500   
3      | 58.3779    | 59.9750    | 18.8546    | 23.2750   
4      | 60.7531    | 63.1750    | 16.0375    | 21.2000   
5      | 62.9777    | 66.3250    | 13.9869    | 19.5250   
6      | 65.1464    | 69.7250    | 11.9810    | 17.7500   
7      | 67.0319    | 72.9000    | 10.2835    | 16.1500   
8      | 48.6629    | 48.7500    | 32.3818    | 31.9000   
9      | 46.3002    | 46.3750    | 36.7510    | 34.3250   

TIME TAKEN = 7355.92110 ms
Run 11

BASIC IMPLEMENTATION
--------------------------------------------------------------

Index  | Call Model | Call Actual | Put Model  | Put Actual
--------------------------------------------------------------
0      | 51.3883    | 51.7000    | 28.5523    | 29.6500   
1      | 53.1439    | 53.6500    | 24.8999    | 27.3750   
2      | 55.5507    | 56.4000    | 21.9540    | 25.3500   
3      | 58.3779    | 59.9750    | 18.8546    | 23.2750   
4      | 60.7531    | 63.1750    | 16.0375    | 21.2000   
5      | 62.9777    | 66.3250    | 13.9869    | 19.5250   
6      | 65.1464    | 69.7250    | 11.9810    | 17.7500   
7      | 67.0319    | 72.9000    | 10.2835    | 16.1500   
8      | 48.6629    | 48.7500    | 32.3818    | 31.9000   
9      | 46.3002    | 46.3750    | 36.7510    | 34.3250   

TIME TAKEN = 7396.05924 ms
Run 12

BASIC IMPLEMENTATION
--------------------------------------------------------------

Index  | Call Model | Call Actual | Put Model  | Put Actual
--------------------------------------------------------------
0      | 51.3883    | 51.7000    | 28.5523    | 29.6500   
1      | 53.1439    | 53.6500    | 24.8999    | 27.3750   
2      | 55.5507    | 56.4000    | 21.9540    | 25.3500   
3      | 58.3779    | 59.9750    | 18.8546    | 23.2750   
4      | 60.7531    | 63.1750    | 16.0375    | 21.2000   
5      | 62.9777    | 66.3250    | 13.9869    | 19.5250   
6      | 65.1464    | 69.7250    | 11.9810    | 17.7500   
7      | 67.0319    | 72.9000    | 10.2835    | 16.1500   
8      | 48.6629    | 48.7500    | 32.3818    | 31.9000   
9      | 46.3002    | 46.3750    | 36.7510    | 34.3250   

TIME TAKEN = 7510.76524 ms
Run 13

BASIC IMPLEMENTATION
--------------------------------------------------------------

Index  | Call Model | Call Actual | Put Model  | Put Actual
--------------------------------------------------------------
0      | 51.3883    | 51.7000    | 28.5523    | 29.6500   
1      | 53.1439    | 53.6500    | 24.8999    | 27.3750   
2      | 55.5507    | 56.4000    | 21.9540    | 25.3500   
3      | 58.3779    | 59.9750    | 18.8546    | 23.2750   
4      | 60.7531    | 63.1750    | 16.0375    | 21.2000   
5      | 62.9777    | 66.3250    | 13.9869    | 19.5250   
6      | 65.1464    | 69.7250    | 11.9810    | 17.7500   
7      | 67.0319    | 72.9000    | 10.2835    | 16.1500   
8      | 48.6629    | 48.7500    | 32.3818    | 31.9000   
9      | 46.3002    | 46.3750    | 36.7510    | 34.3250   

TIME TAKEN = 7477.95522 ms
Run 14

BASIC IMPLEMENTATION
--------------------------------------------------------------

Index  | Call Model | Call Actual | Put Model  | Put Actual
--------------------------------------------------------------
0      | 51.3883    | 51.7000    | 28.5523    | 29.6500   
1      | 53.1439    | 53.6500    | 24.8999    | 27.3750   
2      | 55.5507    | 56.4000    | 21.9540    | 25.3500   
3      | 58.3779    | 59.9750    | 18.8546    | 23.2750   
4      | 60.7531    | 63.1750    | 16.0375    | 21.2000   
5      | 62.9777    | 66.3250    | 13.9869    | 19.5250   
6      | 65.1464    | 69.7250    | 11.9810    | 17.7500   
7      | 67.0319    | 72.9000    | 10.2835    | 16.1500   
8      | 48.6629    | 48.7500    | 32.3818    | 31.9000   
9      | 46.3002    | 46.3750    | 36.7510    | 34.3250   

TIME TAKEN = 7501.00815 ms
Run 15

BASIC IMPLEMENTATION
--------------------------------------------------------------

Index  | Call Model | Call Actual | Put Model  | Put Actual
--------------------------------------------------------------
0      | 51.3883    | 51.7000    | 28.5523    | 29.6500   
1      | 53.1439    | 53.6500    | 24.8999    | 27.3750   
2      | 55.5507    | 56.4000    | 21.9540    | 25.3500   
3      | 58.3779    | 59.9750    | 18.8546    | 23.2750   
4      | 60.7531    | 63.1750    | 16.0375    | 21.2000   
5      | 62.9777    | 66.3250    | 13.9869    | 19.5250   
6      | 65.1464    | 69.7250    | 11.9810    | 17.7500   
7      | 67.0319    | 72.9000    | 10.2835    | 16.1500   
8      | 48.6629    | 48.7500    | 32.3818    | 31.9000   
9      | 46.3002    | 46.3750    | 36.7510    | 34.3250   

TIME TAKEN = 7518.63150 ms
Run 16

BASIC IMPLEMENTATION
--------------------------------------------------------------

Index  | Call Model | Call Actual | Put Model  | Put Actual
--------------------------------------------------------------
0      | 51.3883    | 51.7000    | 28.5523    | 29.6500   
1      | 53.1439    | 53.6500    | 24.8999    | 27.3750   
2      | 55.5507    | 56.4000    | 21.9540    | 25.3500   
3      | 58.3779    | 59.9750    | 18.8546    | 23.2750   
4      | 60.7531    | 63.1750    | 16.0375    | 21.2000   
5      | 62.9777    | 66.3250    | 13.9869    | 19.5250   
6      | 65.1464    | 69.7250    | 11.9810    | 17.7500   
7      | 67.0319    | 72.9000    | 10.2835    | 16.1500   
8      | 48.6629    | 48.7500    | 32.3818    | 31.9000   
9      | 46.3002    | 46.3750    | 36.7510    | 34.3250   

TIME TAKEN = 7530.24839 ms
Run 17

BASIC IMPLEMENTATION
--------------------------------------------------------------

Index  | Call Model | Call Actual | Put Model  | Put Actual
--------------------------------------------------------------
0      | 51.3883    | 51.7000    | 28.5523    | 29.6500   
1      | 53.1439    | 53.6500    | 24.8999    | 27.3750   
2      | 55.5507    | 56.4000    | 21.9540    | 25.3500   
3      | 58.3779    | 59.9750    | 18.8546    | 23.2750   
4      | 60.7531    | 63.1750    | 16.0375    | 21.2000   
5      | 62.9777    | 66.3250    | 13.9869    | 19.5250   
6      | 65.1464    | 69.7250    | 11.9810    | 17.7500   
7      | 67.0319    | 72.9000    | 10.2835    | 16.1500   
8      | 48.6629    | 48.7500    | 32.3818    | 31.9000   
9      | 46.3002    | 46.3750    | 36.7510    | 34.3250   

TIME TAKEN = 7542.67430 ms
Run 18

BASIC IMPLEMENTATION
--------------------------------------------------------------

Index  | Call Model | Call Actual | Put Model  | Put Actual
--------------------------------------------------------------
0      | 51.3883    | 51.7000    | 28.5523    | 29.6500   
1      | 53.1439    | 53.6500    | 24.8999    | 27.3750   
2      | 55.5507    | 56.4000    | 21.9540    | 25.3500   
3      | 58.3779    | 59.9750    | 18.8546    | 23.2750   
4      | 60.7531    | 63.1750    | 16.0375    | 21.2000   
5      | 62.9777    | 66.3250    | 13.9869    | 19.5250   
6      | 65.1464    | 69.7250    | 11.9810    | 17.7500   
7      | 67.0319    | 72.9000    | 10.2835    | 16.1500   
8      | 48.6629    | 48.7500    | 32.3818    | 31.9000   
9      | 46.3002    | 46.3750    | 36.7510    | 34.3250   

TIME TAKEN = 7555.44184 ms
Run 19

BASIC IMPLEMENTATION
--------------------------------------------------------------

Index  | Call Model | Call Actual | Put Model  | Put Actual
--------------------------------------------------------------
0      | 51.3883    | 51.7000    | 28.5523    | 29.6500   
1      | 53.1439    | 53.6500    | 24.8999    | 27.3750   
2      | 55.5507    | 56.4000    | 21.9540    | 25.3500   
3      | 58.3779    | 59.9750    | 18.8546    | 23.2750   
4      | 60.7531    | 63.1750    | 16.0375    | 21.2000   
5      | 62.9777    | 66.3250    | 13.9869    | 19.5250   
6      | 65.1464    | 69.7250    | 11.9810    | 17.7500   
7      | 67.0319    | 72.9000    | 10.2835    | 16.1500   
8      | 48.6629    | 48.7500    | 32.3818    | 31.9000   
9      | 46.3002    | 46.3750    | 36.7510    | 34.3250   

TIME TAKEN = 7540.93441 ms
Run 20

BASIC IMPLEMENTATION
--------------------------------------------------------------

Index  | Call Model | Call Actual | Put Model  | Put Actual
--------------------------------------------------------------
0      | 51.3883    | 51.7000    | 28.5523    | 29.6500   
1      | 53.1439    | 53.6500    | 24.8999    | 27.3750   
2      | 55.5507    | 56.4000    | 21.9540    | 25.3500   
3      | 58.3779    | 59.9750    | 18.8546    | 23.2750   
4      | 60.7531    | 63.1750    | 16.0375    | 21.2000   
5      | 62.9777    | 66.3250    | 13.9869    | 19.5250   
6      | 65.1464    | 69.7250    | 11.9810    | 17.7500   
7      | 67.0319    | 72.9000    | 10.2835    | 16.1500   
8      | 48.6629    | 48.7500    | 32.3818    | 31.9000   
9      | 46.3002    | 46.3750    | 36.7510    | 34.3250   

TIME TAKEN = 7540.50950 ms
Run 21

BASIC IMPLEMENTATION
--------------------------------------------------------------

Index  | Call Model | Call Actual | Put Model  | Put Actual
--------------------------------------------------------------
0      | 51.3883    | 51.7000    | 28.5523    | 29.6500   
1      | 53.1439    | 53.6500    | 24.8999    | 27.3750   
2      | 55.5507    | 56.4000    | 21.9540    | 25.3500   
3      | 58.3779    | 59.9750    | 18.8546    | 23.2750   
4      | 60.7531    | 63.1750    | 16.0375    | 21.2000   
5      | 62.9777    | 66.3250    | 13.9869    | 19.5250   
6      | 65.1464    | 69.7250    | 11.9810    | 17.7500   
7      | 67.0319    | 72.9000    | 10.2835    | 16.1500   
8      | 48.6629    | 48.7500    | 32.3818    | 31.9000   
9      | 46.3002    | 46.3750    | 36.7510    | 34.3250   

TIME TAKEN = 7551.03392 ms
Run 22

BASIC IMPLEMENTATION
--------------------------------------------------------------

Index  | Call Model | Call Actual | Put Model  | Put Actual
--------------------------------------------------------------
0      | 51.3883    | 51.7000    | 28.5523    | 29.6500   
1      | 53.1439    | 53.6500    | 24.8999    | 27.3750   
2      | 55.5507    | 56.4000    | 21.9540    | 25.3500   
3      | 58.3779    | 59.9750    | 18.8546    | 23.2750   
4      | 60.7531    | 63.1750    | 16.0375    | 21.2000   
5      | 62.9777    | 66.3250    | 13.9869    | 19.5250   
6      | 65.1464    | 69.7250    | 11.9810    | 17.7500   
7      | 67.0319    | 72.9000    | 10.2835    | 16.1500   
8      | 48.6629    | 48.7500    | 32.3818    | 31.9000   
9      | 46.3002    | 46.3750    | 36.7510    | 34.3250   

TIME TAKEN = 7524.01354 ms
Run 23

BASIC IMPLEMENTATION
--------------------------------------------------------------

Index  | Call Model | Call Actual | Put Model  | Put Actual
--------------------------------------------------------------
0      | 51.3883    | 51.7000    | 28.5523    | 29.6500   
1      | 53.1439    | 53.6500    | 24.8999    | 27.3750   
2      | 55.5507    | 56.4000    | 21.9540    | 25.3500   
3      | 58.3779    | 59.9750    | 18.8546    | 23.2750   
4      | 60.7531    | 63.1750    | 16.0375    | 21.2000   
5      | 62.9777    | 66.3250    | 13.9869    | 19.5250   
6      | 65.1464    | 69.7250    | 11.9810    | 17.7500   
7      | 67.0319    | 72.9000    | 10.2835    | 16.1500   
8      | 48.6629    | 48.7500    | 32.3818    | 31.9000   
9      | 46.3002    | 46.3750    | 36.7510    | 34.3250   

TIME TAKEN = 7550.43483 ms
Run 24

BASIC IMPLEMENTATION
--------------------------------------------------------------

Index  | Call Model | Call Actual | Put Model  | Put Actual
--------------------------------------------------------------
0      | 51.3883    | 51.7000    | 28.5523    | 29.6500   
1      | 53.1439    | 53.6500    | 24.8999    | 27.3750   
2      | 55.5507    | 56.4000    | 21.9540    | 25.3500   
3      | 58.3779    | 59.9750    | 18.8546    | 23.2750   
4      | 60.7531    | 63.1750    | 16.0375    | 21.2000   
5      | 62.9777    | 66.3250    | 13.9869    | 19.5250   
6      | 65.1464    | 69.7250    | 11.9810    | 17.7500   
7      | 67.0319    | 72.9000    | 10.2835    | 16.1500   
8      | 48.6629    | 48.7500    | 32.3818    | 31.9000   
9      | 46.3002    | 46.3750    | 36.7510    | 34.3250   

TIME TAKEN = 7426.58607 ms
Run 25

BASIC IMPLEMENTATION
--------------------------------------------------------------

Index  | Call Model | Call Actual | Put Model  | Put Actual
--------------------------------------------------------------
0      | 51.3883    | 51.7000    | 28.5523    | 29.6500   
1      | 53.1439    | 53.6500    | 24.8999    | 27.3750   
2      | 55.5507    | 56.4000    | 21.9540    | 25.3500   
3      | 58.3779    | 59.9750    | 18.8546    | 23.2750   
4      | 60.7531    | 63.1750    | 16.0375    | 21.2000   
5      | 62.9777    | 66.3250    | 13.9869    | 19.5250   
6      | 65.1464    | 69.7250    | 11.9810    | 17.7500   
7      | 67.0319    | 72.9000    | 10.2835    | 16.1500   
8      | 48.6629    | 48.7500    | 32.3818    | 31.9000   
9      | 46.3002    | 46.3750    | 36.7510    | 34.3250   

TIME TAKEN = 7529.20336 ms
Run 26

BASIC IMPLEMENTATION
--------------------------------------------------------------

Index  | Call Model | Call Actual | Put Model  | Put Actual
--------------------------------------------------------------
0      | 51.3883    | 51.7000    | 28.5523    | 29.6500   
1      | 53.1439    | 53.6500    | 24.8999    | 27.3750   
2      | 55.5507    | 56.4000    | 21.9540    | 25.3500   
3      | 58.3779    | 59.9750    | 18.8546    | 23.2750   
4      | 60.7531    | 63.1750    | 16.0375    | 21.2000   
5      | 62.9777    | 66.3250    | 13.9869    | 19.5250   
6      | 65.1464    | 69.7250    | 11.9810    | 17.7500   
7      | 67.0319    | 72.9000    | 10.2835    | 16.1500   
8      | 48.6629    | 48.7500    | 32.3818    | 31.9000   
9      | 46.3002    | 46.3750    | 36.7510    | 34.3250   

TIME TAKEN = 7493.70258 ms
Run 27

BASIC IMPLEMENTATION
--------------------------------------------------------------

Index  | Call Model | Call Actual | Put Model  | Put Actual
--------------------------------------------------------------
0      | 51.3883    | 51.7000    | 28.5523    | 29.6500   
1      | 53.1439    | 53.6500    | 24.8999    | 27.3750   
2      | 55.5507    | 56.4000    | 21.9540    | 25.3500   
3      | 58.3779    | 59.9750    | 18.8546    | 23.2750   
4      | 60.7531    | 63.1750    | 16.0375    | 21.2000   
5      | 62.9777    | 66.3250    | 13.9869    | 19.5250   
6      | 65.1464    | 69.7250    | 11.9810    | 17.7500   
7      | 67.0319    | 72.9000    | 10.2835    | 16.1500   
8      | 48.6629    | 48.7500    | 32.3818    | 31.9000   
9      | 46.3002    | 46.3750    | 36.7510    | 34.3250   

TIME TAKEN = 7528.29941 ms
Run 28

BASIC IMPLEMENTATION
--------------------------------------------------------------

Index  | Call Model | Call Actual | Put Model  | Put Actual
--------------------------------------------------------------
0      | 51.3883    | 51.7000    | 28.5523    | 29.6500   
1      | 53.1439    | 53.6500    | 24.8999    | 27.3750   
2      | 55.5507    | 56.4000    | 21.9540    | 25.3500   
3      | 58.3779    | 59.9750    | 18.8546    | 23.2750   
4      | 60.7531    | 63.1750    | 16.0375    | 21.2000   
5      | 62.9777    | 66.3250    | 13.9869    | 19.5250   
6      | 65.1464    | 69.7250    | 11.9810    | 17.7500   
7      | 67.0319    | 72.9000    | 10.2835    | 16.1500   
8      | 48.6629    | 48.7500    | 32.3818    | 31.9000   
9      | 46.3002    | 46.3750    | 36.7510    | 34.3250   

TIME TAKEN = 7489.06639 ms
Run 29

BASIC IMPLEMENTATION
--------------------------------------------------------------

Index  | Call Model | Call Actual | Put Model  | Put Actual
--------------------------------------------------------------
0      | 51.3883    | 51.7000    | 28.5523    | 29.6500   
1      | 53.1439    | 53.6500    | 24.8999    | 27.3750   
2      | 55.5507    | 56.4000    | 21.9540    | 25.3500   
3      | 58.3779    | 59.9750    | 18.8546    | 23.2750   
4      | 60.7531    | 63.1750    | 16.0375    | 21.2000   
5      | 62.9777    | 66.3250    | 13.9869    | 19.5250   
6      | 65.1464    | 69.7250    | 11.9810    | 17.7500   
7      | 67.0319    | 72.9000    | 10.2835    | 16.1500   
8      | 48.6629    | 48.7500    | 32.3818    | 31.9000   
9      | 46.3002    | 46.3750    | 36.7510    | 34.3250   

TIME TAKEN = 7525.29223 ms
Run 30

BASIC IMPLEMENTATION
--------------------------------------------------------------

Index  | Call Model | Call Actual | Put Model  | Put Actual
--------------------------------------------------------------
0      | 51.3883    | 51.7000    | 28.5523    | 29.6500   
1      | 53.1439    | 53.6500    | 24.8999    | 27.3750   
2      | 55.5507    | 56.4000    | 21.9540    | 25.3500   
3      | 58.3779    | 59.9750    | 18.8546    | 23.2750   
4      | 60.7531    | 63.1750    | 16.0375    | 21.2000   
5      | 62.9777    | 66.3250    | 13.9869    | 19.5250   
6      | 65.1464    | 69.7250    | 11.9810    | 17.7500   
7      | 67.0319    | 72.9000    | 10.2835    | 16.1500   
8      | 48.6629    | 48.7500    | 32.3818    | 31.9000   
9      | 46.3002    | 46.3750    | 36.7510    | 34.3250   

TIME TAKEN = 7542.14099 ms
Run 31

BASIC IMPLEMENTATION
--------------------------------------------------------------

Index  | Call Model | Call Actual | Put Model  | Put Actual
--------------------------------------------------------------
0      | 51.3883    | 51.7000    | 28.5523    | 29.6500   
1      | 53.1439    | 53.6500    | 24.8999    | 27.3750   
2      | 55.5507    | 56.4000    | 21.9540    | 25.3500   
3      | 58.3779    | 59.9750    | 18.8546    | 23.2750   
4      | 60.7531    | 63.1750    | 16.0375    | 21.2000   
5      | 62.9777    | 66.3250    | 13.9869    | 19.5250   
6      | 65.1464    | 69.7250    | 11.9810    | 17.7500   
7      | 67.0319    | 72.9000    | 10.2835    | 16.1500   
8      | 48.6629    | 48.7500    | 32.3818    | 31.9000   
9      | 46.3002    | 46.3750    | 36.7510    | 34.3250   

TIME TAKEN = 7378.02158 ms
Run 32

BASIC IMPLEMENTATION
--------------------------------------------------------------

Index  | Call Model | Call Actual | Put Model  | Put Actual
--------------------------------------------------------------
0      | 51.3883    | 51.7000    | 28.5523    | 29.6500   
1      | 53.1439    | 53.6500    | 24.8999    | 27.3750   
2      | 55.5507    | 56.4000    | 21.9540    | 25.3500   
3      | 58.3779    | 59.9750    | 18.8546    | 23.2750   
4      | 60.7531    | 63.1750    | 16.0375    | 21.2000   
5      | 62.9777    | 66.3250    | 13.9869    | 19.5250   
6      | 65.1464    | 69.7250    | 11.9810    | 17.7500   
7      | 67.0319    | 72.9000    | 10.2835    | 16.1500   
8      | 48.6629    | 48.7500    | 32.3818    | 31.9000   
9      | 46.3002    | 46.3750    | 36.7510    | 34.3250   

TIME TAKEN = 7481.15411 ms
Run 33

BASIC IMPLEMENTATION
--------------------------------------------------------------

Index  | Call Model | Call Actual | Put Model  | Put Actual
--------------------------------------------------------------
0      | 51.3883    | 51.7000    | 28.5523    | 29.6500   
1      | 53.1439    | 53.6500    | 24.8999    | 27.3750   
2      | 55.5507    | 56.4000    | 21.9540    | 25.3500   
3      | 58.3779    | 59.9750    | 18.8546    | 23.2750   
4      | 60.7531    | 63.1750    | 16.0375    | 21.2000   
5      | 62.9777    | 66.3250    | 13.9869    | 19.5250   
6      | 65.1464    | 69.7250    | 11.9810    | 17.7500   
7      | 67.0319    | 72.9000    | 10.2835    | 16.1500   
8      | 48.6629    | 48.7500    | 32.3818    | 31.9000   
9      | 46.3002    | 46.3750    | 36.7510    | 34.3250   

TIME TAKEN = 7369.38985 ms
Run 34

BASIC IMPLEMENTATION
--------------------------------------------------------------

Index  | Call Model | Call Actual | Put Model  | Put Actual
--------------------------------------------------------------
0      | 51.3883    | 51.7000    | 28.5523    | 29.6500   
1      | 53.1439    | 53.6500    | 24.8999    | 27.3750   
2      | 55.5507    | 56.4000    | 21.9540    | 25.3500   
3      | 58.3779    | 59.9750    | 18.8546    | 23.2750   
4      | 60.7531    | 63.1750    | 16.0375    | 21.2000   
5      | 62.9777    | 66.3250    | 13.9869    | 19.5250   
6      | 65.1464    | 69.7250    | 11.9810    | 17.7500   
7      | 67.0319    | 72.9000    | 10.2835    | 16.1500   
8      | 48.6629    | 48.7500    | 32.3818    | 31.9000   
9      | 46.3002    | 46.3750    | 36.7510    | 34.3250   

TIME TAKEN = 7508.53560 ms
Run 35

BASIC IMPLEMENTATION
--------------------------------------------------------------

Index  | Call Model | Call Actual | Put Model  | Put Actual
--------------------------------------------------------------
0      | 51.3883    | 51.7000    | 28.5523    | 29.6500   
1      | 53.1439    | 53.6500    | 24.8999    | 27.3750   
2      | 55.5507    | 56.4000    | 21.9540    | 25.3500   
3      | 58.3779    | 59.9750    | 18.8546    | 23.2750   
4      | 60.7531    | 63.1750    | 16.0375    | 21.2000   
5      | 62.9777    | 66.3250    | 13.9869    | 19.5250   
6      | 65.1464    | 69.7250    | 11.9810    | 17.7500   
7      | 67.0319    | 72.9000    | 10.2835    | 16.1500   
8      | 48.6629    | 48.7500    | 32.3818    | 31.9000   
9      | 46.3002    | 46.3750    | 36.7510    | 34.3250   

TIME TAKEN = 7346.93076 ms
Run 36

BASIC IMPLEMENTATION
--------------------------------------------------------------

Index  | Call Model | Call Actual | Put Model  | Put Actual
--------------------------------------------------------------
0      | 51.3883    | 51.7000    | 28.5523    | 29.6500   
1      | 53.1439    | 53.6500    | 24.8999    | 27.3750   
2      | 55.5507    | 56.4000    | 21.9540    | 25.3500   
3      | 58.3779    | 59.9750    | 18.8546    | 23.2750   
4      | 60.7531    | 63.1750    | 16.0375    | 21.2000   
5      | 62.9777    | 66.3250    | 13.9869    | 19.5250   
6      | 65.1464    | 69.7250    | 11.9810    | 17.7500   
7      | 67.0319    | 72.9000    | 10.2835    | 16.1500   
8      | 48.6629    | 48.7500    | 32.3818    | 31.9000   
9      | 46.3002    | 46.3750    | 36.7510    | 34.3250   

TIME TAKEN = 7545.45124 ms
Run 37

BASIC IMPLEMENTATION
--------------------------------------------------------------

Index  | Call Model | Call Actual | Put Model  | Put Actual
--------------------------------------------------------------
0      | 51.3883    | 51.7000    | 28.5523    | 29.6500   
1      | 53.1439    | 53.6500    | 24.8999    | 27.3750   
2      | 55.5507    | 56.4000    | 21.9540    | 25.3500   
3      | 58.3779    | 59.9750    | 18.8546    | 23.2750   
4      | 60.7531    | 63.1750    | 16.0375    | 21.2000   
5      | 62.9777    | 66.3250    | 13.9869    | 19.5250   
6      | 65.1464    | 69.7250    | 11.9810    | 17.7500   
7      | 67.0319    | 72.9000    | 10.2835    | 16.1500   
8      | 48.6629    | 48.7500    | 32.3818    | 31.9000   
9      | 46.3002    | 46.3750    | 36.7510    | 34.3250   

TIME TAKEN = 7550.24944 ms
Run 38

BASIC IMPLEMENTATION
--------------------------------------------------------------

Index  | Call Model | Call Actual | Put Model  | Put Actual
--------------------------------------------------------------
0      | 51.3883    | 51.7000    | 28.5523    | 29.6500   
1      | 53.1439    | 53.6500    | 24.8999    | 27.3750   
2      | 55.5507    | 56.4000    | 21.9540    | 25.3500   
3      | 58.3779    | 59.9750    | 18.8546    | 23.2750   
4      | 60.7531    | 63.1750    | 16.0375    | 21.2000   
5      | 62.9777    | 66.3250    | 13.9869    | 19.5250   
6      | 65.1464    | 69.7250    | 11.9810    | 17.7500   
7      | 67.0319    | 72.9000    | 10.2835    | 16.1500   
8      | 48.6629    | 48.7500    | 32.3818    | 31.9000   
9      | 46.3002    | 46.3750    | 36.7510    | 34.3250   

TIME TAKEN = 7534.17119 ms
Run 39

BASIC IMPLEMENTATION
--------------------------------------------------------------

Index  | Call Model | Call Actual | Put Model  | Put Actual
--------------------------------------------------------------
0      | 51.3883    | 51.7000    | 28.5523    | 29.6500   
1      | 53.1439    | 53.6500    | 24.8999    | 27.3750   
2      | 55.5507    | 56.4000    | 21.9540    | 25.3500   
3      | 58.3779    | 59.9750    | 18.8546    | 23.2750   
4      | 60.7531    | 63.1750    | 16.0375    | 21.2000   
5      | 62.9777    | 66.3250    | 13.9869    | 19.5250   
6      | 65.1464    | 69.7250    | 11.9810    | 17.7500   
7      | 67.0319    | 72.9000    | 10.2835    | 16.1500   
8      | 48.6629    | 48.7500    | 32.3818    | 31.9000   
9      | 46.3002    | 46.3750    | 36.7510    | 34.3250   

TIME TAKEN = 7532.27402 ms
Run 40

BASIC IMPLEMENTATION
--------------------------------------------------------------

Index  | Call Model | Call Actual | Put Model  | Put Actual
--------------------------------------------------------------
0      | 51.3883    | 51.7000    | 28.5523    | 29.6500   
1      | 53.1439    | 53.6500    | 24.8999    | 27.3750   
2      | 55.5507    | 56.4000    | 21.9540    | 25.3500   
3      | 58.3779    | 59.9750    | 18.8546    | 23.2750   
4      | 60.7531    | 63.1750    | 16.0375    | 21.2000   
5      | 62.9777    | 66.3250    | 13.9869    | 19.5250   
6      | 65.1464    | 69.7250    | 11.9810    | 17.7500   
7      | 67.0319    | 72.9000    | 10.2835    | 16.1500   
8      | 48.6629    | 48.7500    | 32.3818    | 31.9000   
9      | 46.3002    | 46.3750    | 36.7510    | 34.3250   

TIME TAKEN = 7345.09201 ms
Run 41

BASIC IMPLEMENTATION
--------------------------------------------------------------

Index  | Call Model | Call Actual | Put Model  | Put Actual
--------------------------------------------------------------
0      | 51.3883    | 51.7000    | 28.5523    | 29.6500   
1      | 53.1439    | 53.6500    | 24.8999    | 27.3750   
2      | 55.5507    | 56.4000    | 21.9540    | 25.3500   
3      | 58.3779    | 59.9750    | 18.8546    | 23.2750   
4      | 60.7531    | 63.1750    | 16.0375    | 21.2000   
5      | 62.9777    | 66.3250    | 13.9869    | 19.5250   
6      | 65.1464    | 69.7250    | 11.9810    | 17.7500   
7      | 67.0319    | 72.9000    | 10.2835    | 16.1500   
8      | 48.6629    | 48.7500    | 32.3818    | 31.9000   
9      | 46.3002    | 46.3750    | 36.7510    | 34.3250   

TIME TAKEN = 7342.27070 ms
Run 42

BASIC IMPLEMENTATION
--------------------------------------------------------------

Index  | Call Model | Call Actual | Put Model  | Put Actual
--------------------------------------------------------------
0      | 51.3883    | 51.7000    | 28.5523    | 29.6500   
1      | 53.1439    | 53.6500    | 24.8999    | 27.3750   
2      | 55.5507    | 56.4000    | 21.9540    | 25.3500   
3      | 58.3779    | 59.9750    | 18.8546    | 23.2750   
4      | 60.7531    | 63.1750    | 16.0375    | 21.2000   
5      | 62.9777    | 66.3250    | 13.9869    | 19.5250   
6      | 65.1464    | 69.7250    | 11.9810    | 17.7500   
7      | 67.0319    | 72.9000    | 10.2835    | 16.1500   
8      | 48.6629    | 48.7500    | 32.3818    | 31.9000   
9      | 46.3002    | 46.3750    | 36.7510    | 34.3250   

TIME TAKEN = 7363.03179 ms
Run 43

BASIC IMPLEMENTATION
--------------------------------------------------------------

Index  | Call Model | Call Actual | Put Model  | Put Actual
--------------------------------------------------------------
0      | 51.3883    | 51.7000    | 28.5523    | 29.6500   
1      | 53.1439    | 53.6500    | 24.8999    | 27.3750   
2      | 55.5507    | 56.4000    | 21.9540    | 25.3500   
3      | 58.3779    | 59.9750    | 18.8546    | 23.2750   
4      | 60.7531    | 63.1750    | 16.0375    | 21.2000   
5      | 62.9777    | 66.3250    | 13.9869    | 19.5250   
6      | 65.1464    | 69.7250    | 11.9810    | 17.7500   
7      | 67.0319    | 72.9000    | 10.2835    | 16.1500   
8      | 48.6629    | 48.7500    | 32.3818    | 31.9000   
9      | 46.3002    | 46.3750    | 36.7510    | 34.3250   

TIME TAKEN = 7356.09752 ms
Run 44

BASIC IMPLEMENTATION
--------------------------------------------------------------

Index  | Call Model | Call Actual | Put Model  | Put Actual
--------------------------------------------------------------
0      | 51.3883    | 51.7000    | 28.5523    | 29.6500   
1      | 53.1439    | 53.6500    | 24.8999    | 27.3750   
2      | 55.5507    | 56.4000    | 21.9540    | 25.3500   
3      | 58.3779    | 59.9750    | 18.8546    | 23.2750   
4      | 60.7531    | 63.1750    | 16.0375    | 21.2000   
5      | 62.9777    | 66.3250    | 13.9869    | 19.5250   
6      | 65.1464    | 69.7250    | 11.9810    | 17.7500   
7      | 67.0319    | 72.9000    | 10.2835    | 16.1500   
8      | 48.6629    | 48.7500    | 32.3818    | 31.9000   
9      | 46.3002    | 46.3750    | 36.7510    | 34.3250   

TIME TAKEN = 7395.87191 ms
Run 45

BASIC IMPLEMENTATION
--------------------------------------------------------------

Index  | Call Model | Call Actual | Put Model  | Put Actual
--------------------------------------------------------------
0      | 51.3883    | 51.7000    | 28.5523    | 29.6500   
1      | 53.1439    | 53.6500    | 24.8999    | 27.3750   
2      | 55.5507    | 56.4000    | 21.9540    | 25.3500   
3      | 58.3779    | 59.9750    | 18.8546    | 23.2750   
4      | 60.7531    | 63.1750    | 16.0375    | 21.2000   
5      | 62.9777    | 66.3250    | 13.9869    | 19.5250   
6      | 65.1464    | 69.7250    | 11.9810    | 17.7500   
7      | 67.0319    | 72.9000    | 10.2835    | 16.1500   
8      | 48.6629    | 48.7500    | 32.3818    | 31.9000   
9      | 46.3002    | 46.3750    | 36.7510    | 34.3250   

TIME TAKEN = 7376.77436 ms
Run 46

BASIC IMPLEMENTATION
--------------------------------------------------------------

Index  | Call Model | Call Actual | Put Model  | Put Actual
--------------------------------------------------------------
0      | 51.3883    | 51.7000    | 28.5523    | 29.6500   
1      | 53.1439    | 53.6500    | 24.8999    | 27.3750   
2      | 55.5507    | 56.4000    | 21.9540    | 25.3500   
3      | 58.3779    | 59.9750    | 18.8546    | 23.2750   
4      | 60.7531    | 63.1750    | 16.0375    | 21.2000   
5      | 62.9777    | 66.3250    | 13.9869    | 19.5250   
6      | 65.1464    | 69.7250    | 11.9810    | 17.7500   
7      | 67.0319    | 72.9000    | 10.2835    | 16.1500   
8      | 48.6629    | 48.7500    | 32.3818    | 31.9000   
9      | 46.3002    | 46.3750    | 36.7510    | 34.3250   

TIME TAKEN = 7393.45358 ms
Run 47

BASIC IMPLEMENTATION
--------------------------------------------------------------

Index  | Call Model | Call Actual | Put Model  | Put Actual
--------------------------------------------------------------
0      | 51.3883    | 51.7000    | 28.5523    | 29.6500   
1      | 53.1439    | 53.6500    | 24.8999    | 27.3750   
2      | 55.5507    | 56.4000    | 21.9540    | 25.3500   
3      | 58.3779    | 59.9750    | 18.8546    | 23.2750   
4      | 60.7531    | 63.1750    | 16.0375    | 21.2000   
5      | 62.9777    | 66.3250    | 13.9869    | 19.5250   
6      | 65.1464    | 69.7250    | 11.9810    | 17.7500   
7      | 67.0319    | 72.9000    | 10.2835    | 16.1500   
8      | 48.6629    | 48.7500    | 32.3818    | 31.9000   
9      | 46.3002    | 46.3750    | 36.7510    | 34.3250   

TIME TAKEN = 7380.21581 ms
Run 48

BASIC IMPLEMENTATION
--------------------------------------------------------------

Index  | Call Model | Call Actual | Put Model  | Put Actual
--------------------------------------------------------------
0      | 51.3883    | 51.7000    | 28.5523    | 29.6500   
1      | 53.1439    | 53.6500    | 24.8999    | 27.3750   
2      | 55.5507    | 56.4000    | 21.9540    | 25.3500   
3      | 58.3779    | 59.9750    | 18.8546    | 23.2750   
4      | 60.7531    | 63.1750    | 16.0375    | 21.2000   
5      | 62.9777    | 66.3250    | 13.9869    | 19.5250   
6      | 65.1464    | 69.7250    | 11.9810    | 17.7500   
7      | 67.0319    | 72.9000    | 10.2835    | 16.1500   
8      | 48.6629    | 48.7500    | 32.3818    | 31.9000   
9      | 46.3002    | 46.3750    | 36.7510    | 34.3250   

TIME TAKEN = 7329.85599 ms
Run 49

BASIC IMPLEMENTATION
--------------------------------------------------------------

Index  | Call Model | Call Actual | Put Model  | Put Actual
--------------------------------------------------------------
0      | 51.3883    | 51.7000    | 28.5523    | 29.6500   
1      | 53.1439    | 53.6500    | 24.8999    | 27.3750   
2      | 55.5507    | 56.4000    | 21.9540    | 25.3500   
3      | 58.3779    | 59.9750    | 18.8546    | 23.2750   
4      | 60.7531    | 63.1750    | 16.0375    | 21.2000   
5      | 62.9777    | 66.3250    | 13.9869    | 19.5250   
6      | 65.1464    | 69.7250    | 11.9810    | 17.7500   
7      | 67.0319    | 72.9000    | 10.2835    | 16.1500   
8      | 48.6629    | 48.7500    | 32.3818    | 31.9000   
9      | 46.3002    | 46.3750    | 36.7510    | 34.3250   

TIME TAKEN = 7362.16063 ms
Run 50

BASIC IMPLEMENTATION
--------------------------------------------------------------

Index  | Call Model | Call Actual | Put Model  | Put Actual
--------------------------------------------------------------
0      | 51.3883    | 51.7000    | 28.5523    | 29.6500   
1      | 53.1439    | 53.6500    | 24.8999    | 27.3750   
2      | 55.5507    | 56.4000    | 21.9540    | 25.3500   
3      | 58.3779    | 59.9750    | 18.8546    | 23.2750   
4      | 60.7531    | 63.1750    | 16.0375    | 21.2000   
5      | 62.9777    | 66.3250    | 13.9869    | 19.5250   
6      | 65.1464    | 69.7250    | 11.9810    | 17.7500   
7      | 67.0319    | 72.9000    | 10.2835    | 16.1500   
8      | 48.6629    | 48.7500    | 32.3818    | 31.9000   
9      | 46.3002    | 46.3750    | 36.7510    | 34.3250   

TIME TAKEN = 7455.19666 ms
Run 51

BASIC IMPLEMENTATION
--------------------------------------------------------------

Index  | Call Model | Call Actual | Put Model  | Put Actual
--------------------------------------------------------------
0      | 51.3883    | 51.7000    | 28.5523    | 29.6500   
1      | 53.1439    | 53.6500    | 24.8999    | 27.3750   
2      | 55.5507    | 56.4000    | 21.9540    | 25.3500   
3      | 58.3779    | 59.9750    | 18.8546    | 23.2750   
4      | 60.7531    | 63.1750    | 16.0375    | 21.2000   
5      | 62.9777    | 66.3250    | 13.9869    | 19.5250   
6      | 65.1464    | 69.7250    | 11.9810    | 17.7500   
7      | 67.0319    | 72.9000    | 10.2835    | 16.1500   
8      | 48.6629    | 48.7500    | 32.3818    | 31.9000   
9      | 46.3002    | 46.3750    | 36.7510    | 34.3250   

TIME TAKEN = 7465.36537 ms
Run 52

BASIC IMPLEMENTATION
--------------------------------------------------------------

Index  | Call Model | Call Actual | Put Model  | Put Actual
--------------------------------------------------------------
0      | 51.3883    | 51.7000    | 28.5523    | 29.6500   
1      | 53.1439    | 53.6500    | 24.8999    | 27.3750   
2      | 55.5507    | 56.4000    | 21.9540    | 25.3500   
3      | 58.3779    | 59.9750    | 18.8546    | 23.2750   
4      | 60.7531    | 63.1750    | 16.0375    | 21.2000   
5      | 62.9777    | 66.3250    | 13.9869    | 19.5250   
6      | 65.1464    | 69.7250    | 11.9810    | 17.7500   
7      | 67.0319    | 72.9000    | 10.2835    | 16.1500   
8      | 48.6629    | 48.7500    | 32.3818    | 31.9000   
9      | 46.3002    | 46.3750    | 36.7510    | 34.3250   

TIME TAKEN = 7458.58432 ms
Run 53

BASIC IMPLEMENTATION
--------------------------------------------------------------

Index  | Call Model | Call Actual | Put Model  | Put Actual
--------------------------------------------------------------
0      | 51.3883    | 51.7000    | 28.5523    | 29.6500   
1      | 53.1439    | 53.6500    | 24.8999    | 27.3750   
2      | 55.5507    | 56.4000    | 21.9540    | 25.3500   
3      | 58.3779    | 59.9750    | 18.8546    | 23.2750   
4      | 60.7531    | 63.1750    | 16.0375    | 21.2000   
5      | 62.9777    | 66.3250    | 13.9869    | 19.5250   
6      | 65.1464    | 69.7250    | 11.9810    | 17.7500   
7      | 67.0319    | 72.9000    | 10.2835    | 16.1500   
8      | 48.6629    | 48.7500    | 32.3818    | 31.9000   
9      | 46.3002    | 46.3750    | 36.7510    | 34.3250   

TIME TAKEN = 7301.36949 ms
Run 54

BASIC IMPLEMENTATION
--------------------------------------------------------------

Index  | Call Model | Call Actual | Put Model  | Put Actual
--------------------------------------------------------------
0      | 51.3883    | 51.7000    | 28.5523    | 29.6500   
1      | 53.1439    | 53.6500    | 24.8999    | 27.3750   
2      | 55.5507    | 56.4000    | 21.9540    | 25.3500   
3      | 58.3779    | 59.9750    | 18.8546    | 23.2750   
4      | 60.7531    | 63.1750    | 16.0375    | 21.2000   
5      | 62.9777    | 66.3250    | 13.9869    | 19.5250   
6      | 65.1464    | 69.7250    | 11.9810    | 17.7500   
7      | 67.0319    | 72.9000    | 10.2835    | 16.1500   
8      | 48.6629    | 48.7500    | 32.3818    | 31.9000   
9      | 46.3002    | 46.3750    | 36.7510    | 34.3250   

TIME TAKEN = 7467.35364 ms
Run 55

BASIC IMPLEMENTATION
--------------------------------------------------------------

Index  | Call Model | Call Actual | Put Model  | Put Actual
--------------------------------------------------------------
0      | 51.3883    | 51.7000    | 28.5523    | 29.6500   
1      | 53.1439    | 53.6500    | 24.8999    | 27.3750   
2      | 55.5507    | 56.4000    | 21.9540    | 25.3500   
3      | 58.3779    | 59.9750    | 18.8546    | 23.2750   
4      | 60.7531    | 63.1750    | 16.0375    | 21.2000   
5      | 62.9777    | 66.3250    | 13.9869    | 19.5250   
6      | 65.1464    | 69.7250    | 11.9810    | 17.7500   
7      | 67.0319    | 72.9000    | 10.2835    | 16.1500   
8      | 48.6629    | 48.7500    | 32.3818    | 31.9000   
9      | 46.3002    | 46.3750    | 36.7510    | 34.3250   

TIME TAKEN = 7280.72646 ms
Run 56

BASIC IMPLEMENTATION
--------------------------------------------------------------

Index  | Call Model | Call Actual | Put Model  | Put Actual
--------------------------------------------------------------
0      | 51.3883    | 51.7000    | 28.5523    | 29.6500   
1      | 53.1439    | 53.6500    | 24.8999    | 27.3750   
2      | 55.5507    | 56.4000    | 21.9540    | 25.3500   
3      | 58.3779    | 59.9750    | 18.8546    | 23.2750   
4      | 60.7531    | 63.1750    | 16.0375    | 21.2000   
5      | 62.9777    | 66.3250    | 13.9869    | 19.5250   
6      | 65.1464    | 69.7250    | 11.9810    | 17.7500   
7      | 67.0319    | 72.9000    | 10.2835    | 16.1500   
8      | 48.6629    | 48.7500    | 32.3818    | 31.9000   
9      | 46.3002    | 46.3750    | 36.7510    | 34.3250   

TIME TAKEN = 7390.02636 ms
Run 57

BASIC IMPLEMENTATION
--------------------------------------------------------------

Index  | Call Model | Call Actual | Put Model  | Put Actual
--------------------------------------------------------------
0      | 51.3883    | 51.7000    | 28.5523    | 29.6500   
1      | 53.1439    | 53.6500    | 24.8999    | 27.3750   
2      | 55.5507    | 56.4000    | 21.9540    | 25.3500   
3      | 58.3779    | 59.9750    | 18.8546    | 23.2750   
4      | 60.7531    | 63.1750    | 16.0375    | 21.2000   
5      | 62.9777    | 66.3250    | 13.9869    | 19.5250   
6      | 65.1464    | 69.7250    | 11.9810    | 17.7500   
7      | 67.0319    | 72.9000    | 10.2835    | 16.1500   
8      | 48.6629    | 48.7500    | 32.3818    | 31.9000   
9      | 46.3002    | 46.3750    | 36.7510    | 34.3250   

TIME TAKEN = 7338.09085 ms
Run 58

BASIC IMPLEMENTATION
--------------------------------------------------------------

Index  | Call Model | Call Actual | Put Model  | Put Actual
--------------------------------------------------------------
0      | 51.3883    | 51.7000    | 28.5523    | 29.6500   
1      | 53.1439    | 53.6500    | 24.8999    | 27.3750   
2      | 55.5507    | 56.4000    | 21.9540    | 25.3500   
3      | 58.3779    | 59.9750    | 18.8546    | 23.2750   
4      | 60.7531    | 63.1750    | 16.0375    | 21.2000   
5      | 62.9777    | 66.3250    | 13.9869    | 19.5250   
6      | 65.1464    | 69.7250    | 11.9810    | 17.7500   
7      | 67.0319    | 72.9000    | 10.2835    | 16.1500   
8      | 48.6629    | 48.7500    | 32.3818    | 31.9000   
9      | 46.3002    | 46.3750    | 36.7510    | 34.3250   

TIME TAKEN = 7372.50163 ms
Run 59

BASIC IMPLEMENTATION
--------------------------------------------------------------

Index  | Call Model | Call Actual | Put Model  | Put Actual
--------------------------------------------------------------
0      | 51.3883    | 51.7000    | 28.5523    | 29.6500   
1      | 53.1439    | 53.6500    | 24.8999    | 27.3750   
2      | 55.5507    | 56.4000    | 21.9540    | 25.3500   
3      | 58.3779    | 59.9750    | 18.8546    | 23.2750   
4      | 60.7531    | 63.1750    | 16.0375    | 21.2000   
5      | 62.9777    | 66.3250    | 13.9869    | 19.5250   
6      | 65.1464    | 69.7250    | 11.9810    | 17.7500   
7      | 67.0319    | 72.9000    | 10.2835    | 16.1500   
8      | 48.6629    | 48.7500    | 32.3818    | 31.9000   
9      | 46.3002    | 46.3750    | 36.7510    | 34.3250   

TIME TAKEN = 7347.80824 ms
Run 60

BASIC IMPLEMENTATION
--------------------------------------------------------------

Index  | Call Model | Call Actual | Put Model  | Put Actual
--------------------------------------------------------------
0      | 51.3883    | 51.7000    | 28.5523    | 29.6500   
1      | 53.1439    | 53.6500    | 24.8999    | 27.3750   
2      | 55.5507    | 56.4000    | 21.9540    | 25.3500   
3      | 58.3779    | 59.9750    | 18.8546    | 23.2750   
4      | 60.7531    | 63.1750    | 16.0375    | 21.2000   
5      | 62.9777    | 66.3250    | 13.9869    | 19.5250   
6      | 65.1464    | 69.7250    | 11.9810    | 17.7500   
7      | 67.0319    | 72.9000    | 10.2835    | 16.1500   
8      | 48.6629    | 48.7500    | 32.3818    | 31.9000   
9      | 46.3002    | 46.3750    | 36.7510    | 34.3250   

TIME TAKEN = 7407.96959 ms
Run 61

BASIC IMPLEMENTATION
--------------------------------------------------------------

Index  | Call Model | Call Actual | Put Model  | Put Actual
--------------------------------------------------------------
0      | 51.3883    | 51.7000    | 28.5523    | 29.6500   
1      | 53.1439    | 53.6500    | 24.8999    | 27.3750   
2      | 55.5507    | 56.4000    | 21.9540    | 25.3500   
3      | 58.3779    | 59.9750    | 18.8546    | 23.2750   
4      | 60.7531    | 63.1750    | 16.0375    | 21.2000   
5      | 62.9777    | 66.3250    | 13.9869    | 19.5250   
6      | 65.1464    | 69.7250    | 11.9810    | 17.7500   
7      | 67.0319    | 72.9000    | 10.2835    | 16.1500   
8      | 48.6629    | 48.7500    | 32.3818    | 31.9000   
9      | 46.3002    | 46.3750    | 36.7510    | 34.3250   

TIME TAKEN = 7393.74818 ms
Run 62

BASIC IMPLEMENTATION
--------------------------------------------------------------

Index  | Call Model | Call Actual | Put Model  | Put Actual
--------------------------------------------------------------
0      | 51.3883    | 51.7000    | 28.5523    | 29.6500   
1      | 53.1439    | 53.6500    | 24.8999    | 27.3750   
2      | 55.5507    | 56.4000    | 21.9540    | 25.3500   
3      | 58.3779    | 59.9750    | 18.8546    | 23.2750   
4      | 60.7531    | 63.1750    | 16.0375    | 21.2000   
5      | 62.9777    | 66.3250    | 13.9869    | 19.5250   
6      | 65.1464    | 69.7250    | 11.9810    | 17.7500   
7      | 67.0319    | 72.9000    | 10.2835    | 16.1500   
8      | 48.6629    | 48.7500    | 32.3818    | 31.9000   
9      | 46.3002    | 46.3750    | 36.7510    | 34.3250   

TIME TAKEN = 7521.83718 ms
Run 63

BASIC IMPLEMENTATION
--------------------------------------------------------------

Index  | Call Model | Call Actual | Put Model  | Put Actual
--------------------------------------------------------------
0      | 51.3883    | 51.7000    | 28.5523    | 29.6500   
1      | 53.1439    | 53.6500    | 24.8999    | 27.3750   
2      | 55.5507    | 56.4000    | 21.9540    | 25.3500   
3      | 58.3779    | 59.9750    | 18.8546    | 23.2750   
4      | 60.7531    | 63.1750    | 16.0375    | 21.2000   
5      | 62.9777    | 66.3250    | 13.9869    | 19.5250   
6      | 65.1464    | 69.7250    | 11.9810    | 17.7500   
7      | 67.0319    | 72.9000    | 10.2835    | 16.1500   
8      | 48.6629    | 48.7500    | 32.3818    | 31.9000   
9      | 46.3002    | 46.3750    | 36.7510    | 34.3250   

TIME TAKEN = 7523.01956 ms
Run 64

BASIC IMPLEMENTATION
--------------------------------------------------------------

Index  | Call Model | Call Actual | Put Model  | Put Actual
--------------------------------------------------------------
0      | 51.3883    | 51.7000    | 28.5523    | 29.6500   
1      | 53.1439    | 53.6500    | 24.8999    | 27.3750   
2      | 55.5507    | 56.4000    | 21.9540    | 25.3500   
3      | 58.3779    | 59.9750    | 18.8546    | 23.2750   
4      | 60.7531    | 63.1750    | 16.0375    | 21.2000   
5      | 62.9777    | 66.3250    | 13.9869    | 19.5250   
6      | 65.1464    | 69.7250    | 11.9810    | 17.7500   
7      | 67.0319    | 72.9000    | 10.2835    | 16.1500   
8      | 48.6629    | 48.7500    | 32.3818    | 31.9000   
9      | 46.3002    | 46.3750    | 36.7510    | 34.3250   

TIME TAKEN = 7528.10860 ms
Run 65

BASIC IMPLEMENTATION
--------------------------------------------------------------

Index  | Call Model | Call Actual | Put Model  | Put Actual
--------------------------------------------------------------
0      | 51.3883    | 51.7000    | 28.5523    | 29.6500   
1      | 53.1439    | 53.6500    | 24.8999    | 27.3750   
2      | 55.5507    | 56.4000    | 21.9540    | 25.3500   
3      | 58.3779    | 59.9750    | 18.8546    | 23.2750   
4      | 60.7531    | 63.1750    | 16.0375    | 21.2000   
5      | 62.9777    | 66.3250    | 13.9869    | 19.5250   
6      | 65.1464    | 69.7250    | 11.9810    | 17.7500   
7      | 67.0319    | 72.9000    | 10.2835    | 16.1500   
8      | 48.6629    | 48.7500    | 32.3818    | 31.9000   
9      | 46.3002    | 46.3750    | 36.7510    | 34.3250   

TIME TAKEN = 7372.33325 ms
Run 66

BASIC IMPLEMENTATION
--------------------------------------------------------------

Index  | Call Model | Call Actual | Put Model  | Put Actual
--------------------------------------------------------------
0      | 51.3883    | 51.7000    | 28.5523    | 29.6500   
1      | 53.1439    | 53.6500    | 24.8999    | 27.3750   
2      | 55.5507    | 56.4000    | 21.9540    | 25.3500   
3      | 58.3779    | 59.9750    | 18.8546    | 23.2750   
4      | 60.7531    | 63.1750    | 16.0375    | 21.2000   
5      | 62.9777    | 66.3250    | 13.9869    | 19.5250   
6      | 65.1464    | 69.7250    | 11.9810    | 17.7500   
7      | 67.0319    | 72.9000    | 10.2835    | 16.1500   
8      | 48.6629    | 48.7500    | 32.3818    | 31.9000   
9      | 46.3002    | 46.3750    | 36.7510    | 34.3250   

TIME TAKEN = 7517.67129 ms
Run 67

BASIC IMPLEMENTATION
--------------------------------------------------------------

Index  | Call Model | Call Actual | Put Model  | Put Actual
--------------------------------------------------------------
0      | 51.3883    | 51.7000    | 28.5523    | 29.6500   
1      | 53.1439    | 53.6500    | 24.8999    | 27.3750   
2      | 55.5507    | 56.4000    | 21.9540    | 25.3500   
3      | 58.3779    | 59.9750    | 18.8546    | 23.2750   
4      | 60.7531    | 63.1750    | 16.0375    | 21.2000   
5      | 62.9777    | 66.3250    | 13.9869    | 19.5250   
6      | 65.1464    | 69.7250    | 11.9810    | 17.7500   
7      | 67.0319    | 72.9000    | 10.2835    | 16.1500   
8      | 48.6629    | 48.7500    | 32.3818    | 31.9000   
9      | 46.3002    | 46.3750    | 36.7510    | 34.3250   

TIME TAKEN = 7416.03292 ms
Run 68

BASIC IMPLEMENTATION
--------------------------------------------------------------

Index  | Call Model | Call Actual | Put Model  | Put Actual
--------------------------------------------------------------
0      | 51.3883    | 51.7000    | 28.5523    | 29.6500   
1      | 53.1439    | 53.6500    | 24.8999    | 27.3750   
2      | 55.5507    | 56.4000    | 21.9540    | 25.3500   
3      | 58.3779    | 59.9750    | 18.8546    | 23.2750   
4      | 60.7531    | 63.1750    | 16.0375    | 21.2000   
5      | 62.9777    | 66.3250    | 13.9869    | 19.5250   
6      | 65.1464    | 69.7250    | 11.9810    | 17.7500   
7      | 67.0319    | 72.9000    | 10.2835    | 16.1500   
8      | 48.6629    | 48.7500    | 32.3818    | 31.9000   
9      | 46.3002    | 46.3750    | 36.7510    | 34.3250   

TIME TAKEN = 7340.01500 ms
Run 69

BASIC IMPLEMENTATION
--------------------------------------------------------------

Index  | Call Model | Call Actual | Put Model  | Put Actual
--------------------------------------------------------------
0      | 51.3883    | 51.7000    | 28.5523    | 29.6500   
1      | 53.1439    | 53.6500    | 24.8999    | 27.3750   
2      | 55.5507    | 56.4000    | 21.9540    | 25.3500   
3      | 58.3779    | 59.9750    | 18.8546    | 23.2750   
4      | 60.7531    | 63.1750    | 16.0375    | 21.2000   
5      | 62.9777    | 66.3250    | 13.9869    | 19.5250   
6      | 65.1464    | 69.7250    | 11.9810    | 17.7500   
7      | 67.0319    | 72.9000    | 10.2835    | 16.1500   
8      | 48.6629    | 48.7500    | 32.3818    | 31.9000   
9      | 46.3002    | 46.3750    | 36.7510    | 34.3250   

TIME TAKEN = 7382.14515 ms
Run 70

BASIC IMPLEMENTATION
--------------------------------------------------------------

Index  | Call Model | Call Actual | Put Model  | Put Actual
--------------------------------------------------------------
0      | 51.3883    | 51.7000    | 28.5523    | 29.6500   
1      | 53.1439    | 53.6500    | 24.8999    | 27.3750   
2      | 55.5507    | 56.4000    | 21.9540    | 25.3500   
3      | 58.3779    | 59.9750    | 18.8546    | 23.2750   
4      | 60.7531    | 63.1750    | 16.0375    | 21.2000   
5      | 62.9777    | 66.3250    | 13.9869    | 19.5250   
6      | 65.1464    | 69.7250    | 11.9810    | 17.7500   
7      | 67.0319    | 72.9000    | 10.2835    | 16.1500   
8      | 48.6629    | 48.7500    | 32.3818    | 31.9000   
9      | 46.3002    | 46.3750    | 36.7510    | 34.3250   

TIME TAKEN = 7349.69383 ms
Run 71

BASIC IMPLEMENTATION
--------------------------------------------------------------

Index  | Call Model | Call Actual | Put Model  | Put Actual
--------------------------------------------------------------
0      | 51.3883    | 51.7000    | 28.5523    | 29.6500   
1      | 53.1439    | 53.6500    | 24.8999    | 27.3750   
2      | 55.5507    | 56.4000    | 21.9540    | 25.3500   
3      | 58.3779    | 59.9750    | 18.8546    | 23.2750   
4      | 60.7531    | 63.1750    | 16.0375    | 21.2000   
5      | 62.9777    | 66.3250    | 13.9869    | 19.5250   
6      | 65.1464    | 69.7250    | 11.9810    | 17.7500   
7      | 67.0319    | 72.9000    | 10.2835    | 16.1500   
8      | 48.6629    | 48.7500    | 32.3818    | 31.9000   
9      | 46.3002    | 46.3750    | 36.7510    | 34.3250   

TIME TAKEN = 7379.39472 ms
Run 72

BASIC IMPLEMENTATION
--------------------------------------------------------------

Index  | Call Model | Call Actual | Put Model  | Put Actual
--------------------------------------------------------------
0      | 51.3883    | 51.7000    | 28.5523    | 29.6500   
1      | 53.1439    | 53.6500    | 24.8999    | 27.3750   
2      | 55.5507    | 56.4000    | 21.9540    | 25.3500   
3      | 58.3779    | 59.9750    | 18.8546    | 23.2750   
4      | 60.7531    | 63.1750    | 16.0375    | 21.2000   
5      | 62.9777    | 66.3250    | 13.9869    | 19.5250   
6      | 65.1464    | 69.7250    | 11.9810    | 17.7500   
7      | 67.0319    | 72.9000    | 10.2835    | 16.1500   
8      | 48.6629    | 48.7500    | 32.3818    | 31.9000   
9      | 46.3002    | 46.3750    | 36.7510    | 34.3250   

TIME TAKEN = 7360.95185 ms
Run 73

BASIC IMPLEMENTATION
--------------------------------------------------------------

Index  | Call Model | Call Actual | Put Model  | Put Actual
--------------------------------------------------------------
0      | 51.3883    | 51.7000    | 28.5523    | 29.6500   
1      | 53.1439    | 53.6500    | 24.8999    | 27.3750   
2      | 55.5507    | 56.4000    | 21.9540    | 25.3500   
3      | 58.3779    | 59.9750    | 18.8546    | 23.2750   
4      | 60.7531    | 63.1750    | 16.0375    | 21.2000   
5      | 62.9777    | 66.3250    | 13.9869    | 19.5250   
6      | 65.1464    | 69.7250    | 11.9810    | 17.7500   
7      | 67.0319    | 72.9000    | 10.2835    | 16.1500   
8      | 48.6629    | 48.7500    | 32.3818    | 31.9000   
9      | 46.3002    | 46.3750    | 36.7510    | 34.3250   

TIME TAKEN = 7392.52104 ms
Run 74

BASIC IMPLEMENTATION
--------------------------------------------------------------

Index  | Call Model | Call Actual | Put Model  | Put Actual
--------------------------------------------------------------
0      | 51.3883    | 51.7000    | 28.5523    | 29.6500   
1      | 53.1439    | 53.6500    | 24.8999    | 27.3750   
2      | 55.5507    | 56.4000    | 21.9540    | 25.3500   
3      | 58.3779    | 59.9750    | 18.8546    | 23.2750   
4      | 60.7531    | 63.1750    | 16.0375    | 21.2000   
5      | 62.9777    | 66.3250    | 13.9869    | 19.5250   
6      | 65.1464    | 69.7250    | 11.9810    | 17.7500   
7      | 67.0319    | 72.9000    | 10.2835    | 16.1500   
8      | 48.6629    | 48.7500    | 32.3818    | 31.9000   
9      | 46.3002    | 46.3750    | 36.7510    | 34.3250   

TIME TAKEN = 7354.07618 ms
Run 75

BASIC IMPLEMENTATION
--------------------------------------------------------------

Index  | Call Model | Call Actual | Put Model  | Put Actual
--------------------------------------------------------------
0      | 51.3883    | 51.7000    | 28.5523    | 29.6500   
1      | 53.1439    | 53.6500    | 24.8999    | 27.3750   
2      | 55.5507    | 56.4000    | 21.9540    | 25.3500   
3      | 58.3779    | 59.9750    | 18.8546    | 23.2750   
4      | 60.7531    | 63.1750    | 16.0375    | 21.2000   
5      | 62.9777    | 66.3250    | 13.9869    | 19.5250   
6      | 65.1464    | 69.7250    | 11.9810    | 17.7500   
7      | 67.0319    | 72.9000    | 10.2835    | 16.1500   
8      | 48.6629    | 48.7500    | 32.3818    | 31.9000   
9      | 46.3002    | 46.3750    | 36.7510    | 34.3250   

TIME TAKEN = 7408.56860 ms
Run 76

BASIC IMPLEMENTATION
--------------------------------------------------------------

Index  | Call Model | Call Actual | Put Model  | Put Actual
--------------------------------------------------------------
0      | 51.3883    | 51.7000    | 28.5523    | 29.6500   
1      | 53.1439    | 53.6500    | 24.8999    | 27.3750   
2      | 55.5507    | 56.4000    | 21.9540    | 25.3500   
3      | 58.3779    | 59.9750    | 18.8546    | 23.2750   
4      | 60.7531    | 63.1750    | 16.0375    | 21.2000   
5      | 62.9777    | 66.3250    | 13.9869    | 19.5250   
6      | 65.1464    | 69.7250    | 11.9810    | 17.7500   
7      | 67.0319    | 72.9000    | 10.2835    | 16.1500   
8      | 48.6629    | 48.7500    | 32.3818    | 31.9000   
9      | 46.3002    | 46.3750    | 36.7510    | 34.3250   

TIME TAKEN = 7387.38528 ms
Run 77

BASIC IMPLEMENTATION
--------------------------------------------------------------

Index  | Call Model | Call Actual | Put Model  | Put Actual
--------------------------------------------------------------
0      | 51.3883    | 51.7000    | 28.5523    | 29.6500   
1      | 53.1439    | 53.6500    | 24.8999    | 27.3750   
2      | 55.5507    | 56.4000    | 21.9540    | 25.3500   
3      | 58.3779    | 59.9750    | 18.8546    | 23.2750   
4      | 60.7531    | 63.1750    | 16.0375    | 21.2000   
5      | 62.9777    | 66.3250    | 13.9869    | 19.5250   
6      | 65.1464    | 69.7250    | 11.9810    | 17.7500   
7      | 67.0319    | 72.9000    | 10.2835    | 16.1500   
8      | 48.6629    | 48.7500    | 32.3818    | 31.9000   
9      | 46.3002    | 46.3750    | 36.7510    | 34.3250   

TIME TAKEN = 7394.86096 ms
Run 78

BASIC IMPLEMENTATION
--------------------------------------------------------------

Index  | Call Model | Call Actual | Put Model  | Put Actual
--------------------------------------------------------------
0      | 51.3883    | 51.7000    | 28.5523    | 29.6500   
1      | 53.1439    | 53.6500    | 24.8999    | 27.3750   
2      | 55.5507    | 56.4000    | 21.9540    | 25.3500   
3      | 58.3779    | 59.9750    | 18.8546    | 23.2750   
4      | 60.7531    | 63.1750    | 16.0375    | 21.2000   
5      | 62.9777    | 66.3250    | 13.9869    | 19.5250   
6      | 65.1464    | 69.7250    | 11.9810    | 17.7500   
7      | 67.0319    | 72.9000    | 10.2835    | 16.1500   
8      | 48.6629    | 48.7500    | 32.3818    | 31.9000   
9      | 46.3002    | 46.3750    | 36.7510    | 34.3250   

TIME TAKEN = 7341.67043 ms
Run 79

BASIC IMPLEMENTATION
--------------------------------------------------------------

Index  | Call Model | Call Actual | Put Model  | Put Actual
--------------------------------------------------------------
0      | 51.3883    | 51.7000    | 28.5523    | 29.6500   
1      | 53.1439    | 53.6500    | 24.8999    | 27.3750   
2      | 55.5507    | 56.4000    | 21.9540    | 25.3500   
3      | 58.3779    | 59.9750    | 18.8546    | 23.2750   
4      | 60.7531    | 63.1750    | 16.0375    | 21.2000   
5      | 62.9777    | 66.3250    | 13.9869    | 19.5250   
6      | 65.1464    | 69.7250    | 11.9810    | 17.7500   
7      | 67.0319    | 72.9000    | 10.2835    | 16.1500   
8      | 48.6629    | 48.7500    | 32.3818    | 31.9000   
9      | 46.3002    | 46.3750    | 36.7510    | 34.3250   

TIME TAKEN = 7363.84000 ms
Run 80

BASIC IMPLEMENTATION
--------------------------------------------------------------

Index  | Call Model | Call Actual | Put Model  | Put Actual
--------------------------------------------------------------
0      | 51.3883    | 51.7000    | 28.5523    | 29.6500   
1      | 53.1439    | 53.6500    | 24.8999    | 27.3750   
2      | 55.5507    | 56.4000    | 21.9540    | 25.3500   
3      | 58.3779    | 59.9750    | 18.8546    | 23.2750   
4      | 60.7531    | 63.1750    | 16.0375    | 21.2000   
5      | 62.9777    | 66.3250    | 13.9869    | 19.5250   
6      | 65.1464    | 69.7250    | 11.9810    | 17.7500   
7      | 67.0319    | 72.9000    | 10.2835    | 16.1500   
8      | 48.6629    | 48.7500    | 32.3818    | 31.9000   
9      | 46.3002    | 46.3750    | 36.7510    | 34.3250   

TIME TAKEN = 7490.54471 ms
Run 81

BASIC IMPLEMENTATION
--------------------------------------------------------------

Index  | Call Model | Call Actual | Put Model  | Put Actual
--------------------------------------------------------------
0      | 51.3883    | 51.7000    | 28.5523    | 29.6500   
1      | 53.1439    | 53.6500    | 24.8999    | 27.3750   
2      | 55.5507    | 56.4000    | 21.9540    | 25.3500   
3      | 58.3779    | 59.9750    | 18.8546    | 23.2750   
4      | 60.7531    | 63.1750    | 16.0375    | 21.2000   
5      | 62.9777    | 66.3250    | 13.9869    | 19.5250   
6      | 65.1464    | 69.7250    | 11.9810    | 17.7500   
7      | 67.0319    | 72.9000    | 10.2835    | 16.1500   
8      | 48.6629    | 48.7500    | 32.3818    | 31.9000   
9      | 46.3002    | 46.3750    | 36.7510    | 34.3250   

TIME TAKEN = 7401.02727 ms
Run 82

BASIC IMPLEMENTATION
--------------------------------------------------------------

Index  | Call Model | Call Actual | Put Model  | Put Actual
--------------------------------------------------------------
0      | 51.3883    | 51.7000    | 28.5523    | 29.6500   
1      | 53.1439    | 53.6500    | 24.8999    | 27.3750   
2      | 55.5507    | 56.4000    | 21.9540    | 25.3500   
3      | 58.3779    | 59.9750    | 18.8546    | 23.2750   
4      | 60.7531    | 63.1750    | 16.0375    | 21.2000   
5      | 62.9777    | 66.3250    | 13.9869    | 19.5250   
6      | 65.1464    | 69.7250    | 11.9810    | 17.7500   
7      | 67.0319    | 72.9000    | 10.2835    | 16.1500   
8      | 48.6629    | 48.7500    | 32.3818    | 31.9000   
9      | 46.3002    | 46.3750    | 36.7510    | 34.3250   

TIME TAKEN = 7376.30536 ms
Run 83

BASIC IMPLEMENTATION
--------------------------------------------------------------

Index  | Call Model | Call Actual | Put Model  | Put Actual
--------------------------------------------------------------
0      | 51.3883    | 51.7000    | 28.5523    | 29.6500   
1      | 53.1439    | 53.6500    | 24.8999    | 27.3750   
2      | 55.5507    | 56.4000    | 21.9540    | 25.3500   
3      | 58.3779    | 59.9750    | 18.8546    | 23.2750   
4      | 60.7531    | 63.1750    | 16.0375    | 21.2000   
5      | 62.9777    | 66.3250    | 13.9869    | 19.5250   
6      | 65.1464    | 69.7250    | 11.9810    | 17.7500   
7      | 67.0319    | 72.9000    | 10.2835    | 16.1500   
8      | 48.6629    | 48.7500    | 32.3818    | 31.9000   
9      | 46.3002    | 46.3750    | 36.7510    | 34.3250   

TIME TAKEN = 7373.11673 ms
Run 84

BASIC IMPLEMENTATION
--------------------------------------------------------------

Index  | Call Model | Call Actual | Put Model  | Put Actual
--------------------------------------------------------------
0      | 51.3883    | 51.7000    | 28.5523    | 29.6500   
1      | 53.1439    | 53.6500    | 24.8999    | 27.3750   
2      | 55.5507    | 56.4000    | 21.9540    | 25.3500   
3      | 58.3779    | 59.9750    | 18.8546    | 23.2750   
4      | 60.7531    | 63.1750    | 16.0375    | 21.2000   
5      | 62.9777    | 66.3250    | 13.9869    | 19.5250   
6      | 65.1464    | 69.7250    | 11.9810    | 17.7500   
7      | 67.0319    | 72.9000    | 10.2835    | 16.1500   
8      | 48.6629    | 48.7500    | 32.3818    | 31.9000   
9      | 46.3002    | 46.3750    | 36.7510    | 34.3250   

TIME TAKEN = 7481.89755 ms
Run 85

BASIC IMPLEMENTATION
--------------------------------------------------------------

Index  | Call Model | Call Actual | Put Model  | Put Actual
--------------------------------------------------------------
0      | 51.3883    | 51.7000    | 28.5523    | 29.6500   
1      | 53.1439    | 53.6500    | 24.8999    | 27.3750   
2      | 55.5507    | 56.4000    | 21.9540    | 25.3500   
3      | 58.3779    | 59.9750    | 18.8546    | 23.2750   
4      | 60.7531    | 63.1750    | 16.0375    | 21.2000   
5      | 62.9777    | 66.3250    | 13.9869    | 19.5250   
6      | 65.1464    | 69.7250    | 11.9810    | 17.7500   
7      | 67.0319    | 72.9000    | 10.2835    | 16.1500   
8      | 48.6629    | 48.7500    | 32.3818    | 31.9000   
9      | 46.3002    | 46.3750    | 36.7510    | 34.3250   

TIME TAKEN = 7378.93924 ms
Run 86

BASIC IMPLEMENTATION
--------------------------------------------------------------

Index  | Call Model | Call Actual | Put Model  | Put Actual
--------------------------------------------------------------
0      | 51.3883    | 51.7000    | 28.5523    | 29.6500   
1      | 53.1439    | 53.6500    | 24.8999    | 27.3750   
2      | 55.5507    | 56.4000    | 21.9540    | 25.3500   
3      | 58.3779    | 59.9750    | 18.8546    | 23.2750   
4      | 60.7531    | 63.1750    | 16.0375    | 21.2000   
5      | 62.9777    | 66.3250    | 13.9869    | 19.5250   
6      | 65.1464    | 69.7250    | 11.9810    | 17.7500   
7      | 67.0319    | 72.9000    | 10.2835    | 16.1500   
8      | 48.6629    | 48.7500    | 32.3818    | 31.9000   
9      | 46.3002    | 46.3750    | 36.7510    | 34.3250   

TIME TAKEN = 7380.93856 ms
Run 87

BASIC IMPLEMENTATION
--------------------------------------------------------------

Index  | Call Model | Call Actual | Put Model  | Put Actual
--------------------------------------------------------------
0      | 51.3883    | 51.7000    | 28.5523    | 29.6500   
1      | 53.1439    | 53.6500    | 24.8999    | 27.3750   
2      | 55.5507    | 56.4000    | 21.9540    | 25.3500   
3      | 58.3779    | 59.9750    | 18.8546    | 23.2750   
4      | 60.7531    | 63.1750    | 16.0375    | 21.2000   
5      | 62.9777    | 66.3250    | 13.9869    | 19.5250   
6      | 65.1464    | 69.7250    | 11.9810    | 17.7500   
7      | 67.0319    | 72.9000    | 10.2835    | 16.1500   
8      | 48.6629    | 48.7500    | 32.3818    | 31.9000   
9      | 46.3002    | 46.3750    | 36.7510    | 34.3250   

TIME TAKEN = 7351.31605 ms
Run 88

BASIC IMPLEMENTATION
--------------------------------------------------------------

Index  | Call Model | Call Actual | Put Model  | Put Actual
--------------------------------------------------------------
0      | 51.3883    | 51.7000    | 28.5523    | 29.6500   
1      | 53.1439    | 53.6500    | 24.8999    | 27.3750   
2      | 55.5507    | 56.4000    | 21.9540    | 25.3500   
3      | 58.3779    | 59.9750    | 18.8546    | 23.2750   
4      | 60.7531    | 63.1750    | 16.0375    | 21.2000   
5      | 62.9777    | 66.3250    | 13.9869    | 19.5250   
6      | 65.1464    | 69.7250    | 11.9810    | 17.7500   
7      | 67.0319    | 72.9000    | 10.2835    | 16.1500   
8      | 48.6629    | 48.7500    | 32.3818    | 31.9000   
9      | 46.3002    | 46.3750    | 36.7510    | 34.3250   

TIME TAKEN = 7388.81888 ms
Run 89

BASIC IMPLEMENTATION
--------------------------------------------------------------

Index  | Call Model | Call Actual | Put Model  | Put Actual
--------------------------------------------------------------
0      | 51.3883    | 51.7000    | 28.5523    | 29.6500   
1      | 53.1439    | 53.6500    | 24.8999    | 27.3750   
2      | 55.5507    | 56.4000    | 21.9540    | 25.3500   
3      | 58.3779    | 59.9750    | 18.8546    | 23.2750   
4      | 60.7531    | 63.1750    | 16.0375    | 21.2000   
5      | 62.9777    | 66.3250    | 13.9869    | 19.5250   
6      | 65.1464    | 69.7250    | 11.9810    | 17.7500   
7      | 67.0319    | 72.9000    | 10.2835    | 16.1500   
8      | 48.6629    | 48.7500    | 32.3818    | 31.9000   
9      | 46.3002    | 46.3750    | 36.7510    | 34.3250   

TIME TAKEN = 7417.02123 ms
Run 90

BASIC IMPLEMENTATION
--------------------------------------------------------------

Index  | Call Model | Call Actual | Put Model  | Put Actual
--------------------------------------------------------------
0      | 51.3883    | 51.7000    | 28.5523    | 29.6500   
1      | 53.1439    | 53.6500    | 24.8999    | 27.3750   
2      | 55.5507    | 56.4000    | 21.9540    | 25.3500   
3      | 58.3779    | 59.9750    | 18.8546    | 23.2750   
4      | 60.7531    | 63.1750    | 16.0375    | 21.2000   
5      | 62.9777    | 66.3250    | 13.9869    | 19.5250   
6      | 65.1464    | 69.7250    | 11.9810    | 17.7500   
7      | 67.0319    | 72.9000    | 10.2835    | 16.1500   
8      | 48.6629    | 48.7500    | 32.3818    | 31.9000   
9      | 46.3002    | 46.3750    | 36.7510    | 34.3250   

TIME TAKEN = 7417.71132 ms
Run 91

BASIC IMPLEMENTATION
--------------------------------------------------------------

Index  | Call Model | Call Actual | Put Model  | Put Actual
--------------------------------------------------------------
0      | 51.3883    | 51.7000    | 28.5523    | 29.6500   
1      | 53.1439    | 53.6500    | 24.8999    | 27.3750   
2      | 55.5507    | 56.4000    | 21.9540    | 25.3500   
3      | 58.3779    | 59.9750    | 18.8546    | 23.2750   
4      | 60.7531    | 63.1750    | 16.0375    | 21.2000   
5      | 62.9777    | 66.3250    | 13.9869    | 19.5250   
6      | 65.1464    | 69.7250    | 11.9810    | 17.7500   
7      | 67.0319    | 72.9000    | 10.2835    | 16.1500   
8      | 48.6629    | 48.7500    | 32.3818    | 31.9000   
9      | 46.3002    | 46.3750    | 36.7510    | 34.3250   

TIME TAKEN = 7367.04988 ms
Run 92

BASIC IMPLEMENTATION
--------------------------------------------------------------

Index  | Call Model | Call Actual | Put Model  | Put Actual
--------------------------------------------------------------
0      | 51.3883    | 51.7000    | 28.5523    | 29.6500   
1      | 53.1439    | 53.6500    | 24.8999    | 27.3750   
2      | 55.5507    | 56.4000    | 21.9540    | 25.3500   
3      | 58.3779    | 59.9750    | 18.8546    | 23.2750   
4      | 60.7531    | 63.1750    | 16.0375    | 21.2000   
5      | 62.9777    | 66.3250    | 13.9869    | 19.5250   
6      | 65.1464    | 69.7250    | 11.9810    | 17.7500   
7      | 67.0319    | 72.9000    | 10.2835    | 16.1500   
8      | 48.6629    | 48.7500    | 32.3818    | 31.9000   
9      | 46.3002    | 46.3750    | 36.7510    | 34.3250   

TIME TAKEN = 7360.85278 ms
Run 93

BASIC IMPLEMENTATION
--------------------------------------------------------------

Index  | Call Model | Call Actual | Put Model  | Put Actual
--------------------------------------------------------------
0      | 51.3883    | 51.7000    | 28.5523    | 29.6500   
1      | 53.1439    | 53.6500    | 24.8999    | 27.3750   
2      | 55.5507    | 56.4000    | 21.9540    | 25.3500   
3      | 58.3779    | 59.9750    | 18.8546    | 23.2750   
4      | 60.7531    | 63.1750    | 16.0375    | 21.2000   
5      | 62.9777    | 66.3250    | 13.9869    | 19.5250   
6      | 65.1464    | 69.7250    | 11.9810    | 17.7500   
7      | 67.0319    | 72.9000    | 10.2835    | 16.1500   
8      | 48.6629    | 48.7500    | 32.3818    | 31.9000   
9      | 46.3002    | 46.3750    | 36.7510    | 34.3250   

TIME TAKEN = 7365.48169 ms
Run 94

BASIC IMPLEMENTATION
--------------------------------------------------------------

Index  | Call Model | Call Actual | Put Model  | Put Actual
--------------------------------------------------------------
0      | 51.3883    | 51.7000    | 28.5523    | 29.6500   
1      | 53.1439    | 53.6500    | 24.8999    | 27.3750   
2      | 55.5507    | 56.4000    | 21.9540    | 25.3500   
3      | 58.3779    | 59.9750    | 18.8546    | 23.2750   
4      | 60.7531    | 63.1750    | 16.0375    | 21.2000   
5      | 62.9777    | 66.3250    | 13.9869    | 19.5250   
6      | 65.1464    | 69.7250    | 11.9810    | 17.7500   
7      | 67.0319    | 72.9000    | 10.2835    | 16.1500   
8      | 48.6629    | 48.7500    | 32.3818    | 31.9000   
9      | 46.3002    | 46.3750    | 36.7510    | 34.3250   

TIME TAKEN = 7513.49113 ms
Run 95

BASIC IMPLEMENTATION
--------------------------------------------------------------

Index  | Call Model | Call Actual | Put Model  | Put Actual
--------------------------------------------------------------
0      | 51.3883    | 51.7000    | 28.5523    | 29.6500   
1      | 53.1439    | 53.6500    | 24.8999    | 27.3750   
2      | 55.5507    | 56.4000    | 21.9540    | 25.3500   
3      | 58.3779    | 59.9750    | 18.8546    | 23.2750   
4      | 60.7531    | 63.1750    | 16.0375    | 21.2000   
5      | 62.9777    | 66.3250    | 13.9869    | 19.5250   
6      | 65.1464    | 69.7250    | 11.9810    | 17.7500   
7      | 67.0319    | 72.9000    | 10.2835    | 16.1500   
8      | 48.6629    | 48.7500    | 32.3818    | 31.9000   
9      | 46.3002    | 46.3750    | 36.7510    | 34.3250   

TIME TAKEN = 7514.59905 ms
Run 96

BASIC IMPLEMENTATION
--------------------------------------------------------------

Index  | Call Model | Call Actual | Put Model  | Put Actual
--------------------------------------------------------------
0      | 51.3883    | 51.7000    | 28.5523    | 29.6500   
1      | 53.1439    | 53.6500    | 24.8999    | 27.3750   
2      | 55.5507    | 56.4000    | 21.9540    | 25.3500   
3      | 58.3779    | 59.9750    | 18.8546    | 23.2750   
4      | 60.7531    | 63.1750    | 16.0375    | 21.2000   
5      | 62.9777    | 66.3250    | 13.9869    | 19.5250   
6      | 65.1464    | 69.7250    | 11.9810    | 17.7500   
7      | 67.0319    | 72.9000    | 10.2835    | 16.1500   
8      | 48.6629    | 48.7500    | 32.3818    | 31.9000   
9      | 46.3002    | 46.3750    | 36.7510    | 34.3250   

TIME TAKEN = 7399.58805 ms
Run 97

BASIC IMPLEMENTATION
--------------------------------------------------------------

Index  | Call Model | Call Actual | Put Model  | Put Actual
--------------------------------------------------------------
0      | 51.3883    | 51.7000    | 28.5523    | 29.6500   
1      | 53.1439    | 53.6500    | 24.8999    | 27.3750   
2      | 55.5507    | 56.4000    | 21.9540    | 25.3500   
3      | 58.3779    | 59.9750    | 18.8546    | 23.2750   
4      | 60.7531    | 63.1750    | 16.0375    | 21.2000   
5      | 62.9777    | 66.3250    | 13.9869    | 19.5250   
6      | 65.1464    | 69.7250    | 11.9810    | 17.7500   
7      | 67.0319    | 72.9000    | 10.2835    | 16.1500   
8      | 48.6629    | 48.7500    | 32.3818    | 31.9000   
9      | 46.3002    | 46.3750    | 36.7510    | 34.3250   

TIME TAKEN = 7517.69223 ms
Run 98

BASIC IMPLEMENTATION
--------------------------------------------------------------

Index  | Call Model | Call Actual | Put Model  | Put Actual
--------------------------------------------------------------
0      | 51.3883    | 51.7000    | 28.5523    | 29.6500   
1      | 53.1439    | 53.6500    | 24.8999    | 27.3750   
2      | 55.5507    | 56.4000    | 21.9540    | 25.3500   
3      | 58.3779    | 59.9750    | 18.8546    | 23.2750   
4      | 60.7531    | 63.1750    | 16.0375    | 21.2000   
5      | 62.9777    | 66.3250    | 13.9869    | 19.5250   
6      | 65.1464    | 69.7250    | 11.9810    | 17.7500   
7      | 67.0319    | 72.9000    | 10.2835    | 16.1500   
8      | 48.6629    | 48.7500    | 32.3818    | 31.9000   
9      | 46.3002    | 46.3750    | 36.7510    | 34.3250   

TIME TAKEN = 7525.10990 ms
Run 99

BASIC IMPLEMENTATION
--------------------------------------------------------------

Index  | Call Model | Call Actual | Put Model  | Put Actual
--------------------------------------------------------------
0      | 51.3883    | 51.7000    | 28.5523    | 29.6500   
1      | 53.1439    | 53.6500    | 24.8999    | 27.3750   
2      | 55.5507    | 56.4000    | 21.9540    | 25.3500   
3      | 58.3779    | 59.9750    | 18.8546    | 23.2750   
4      | 60.7531    | 63.1750    | 16.0375    | 21.2000   
5      | 62.9777    | 66.3250    | 13.9869    | 19.5250   
6      | 65.1464    | 69.7250    | 11.9810    | 17.7500   
7      | 67.0319    | 72.9000    | 10.2835    | 16.1500   
8      | 48.6629    | 48.7500    | 32.3818    | 31.9000   
9      | 46.3002    | 46.3750    | 36.7510    | 34.3250   

TIME TAKEN = 7493.39547 ms
Run 100

BASIC IMPLEMENTATION
--------------------------------------------------------------

Index  | Call Model | Call Actual | Put Model  | Put Actual
--------------------------------------------------------------
0      | 51.3883    | 51.7000    | 28.5523    | 29.6500   
1      | 53.1439    | 53.6500    | 24.8999    | 27.3750   
2      | 55.5507    | 56.4000    | 21.9540    | 25.3500   
3      | 58.3779    | 59.9750    | 18.8546    | 23.2750   
4      | 60.7531    | 63.1750    | 16.0375    | 21.2000   
5      | 62.9777    | 66.3250    | 13.9869    | 19.5250   
6      | 65.1464    | 69.7250    | 11.9810    | 17.7500   
7      | 67.0319    | 72.9000    | 10.2835    | 16.1500   
8      | 48.6629    | 48.7500    | 32.3818    | 31.9000   
9      | 46.3002    | 46.3750    | 36.7510    | 34.3250   

TIME TAKEN = 7328.31557 ms
Benchmarking: bin/black_scholes_base
Run 1

BASIC IMPLEMENTATION
--------------------------------------------------------------

Index  | Call Model | Call Actual | Put Model  | Put Actual
--------------------------------------------------------------
0      | 51.3883    | 51.7000    | 28.5523    | 29.6500   
1      | 53.1439    | 53.6500    | 24.8999    | 27.3750   
2      | 55.5507    | 56.4000    | 21.9540    | 25.3500   
3      | 58.3779    | 59.9750    | 18.8546    | 23.2750   
4      | 60.7531    | 63.1750    | 16.0375    | 21.2000   
5      | 62.9777    | 66.3250    | 13.9869    | 19.5250   
6      | 65.1464    | 69.7250    | 11.9810    | 17.7500   
7      | 67.0319    | 72.9000    | 10.2835    | 16.1500   
8      | 48.6629    | 48.7500    | 32.3818    | 31.9000   
9      | 46.3002    | 46.3750    | 36.7510    | 34.3250   

TIME TAKEN = 7425.35464 ms
Run 2

BASIC IMPLEMENTATION
--------------------------------------------------------------

Index  | Call Model | Call Actual | Put Model  | Put Actual
--------------------------------------------------------------
0      | 51.3883    | 51.7000    | 28.5523    | 29.6500   
1      | 53.1439    | 53.6500    | 24.8999    | 27.3750   
2      | 55.5507    | 56.4000    | 21.9540    | 25.3500   
3      | 58.3779    | 59.9750    | 18.8546    | 23.2750   
4      | 60.7531    | 63.1750    | 16.0375    | 21.2000   
5      | 62.9777    | 66.3250    | 13.9869    | 19.5250   
6      | 65.1464    | 69.7250    | 11.9810    | 17.7500   
7      | 67.0319    | 72.9000    | 10.2835    | 16.1500   
8      | 48.6629    | 48.7500    | 32.3818    | 31.9000   
9      | 46.3002    | 46.3750    | 36.7510    | 34.3250   

TIME TAKEN = 7418.51200 ms
Run 3

BASIC IMPLEMENTATION
--------------------------------------------------------------

Index  | Call Model | Call Actual | Put Model  | Put Actual
--------------------------------------------------------------
0      | 51.3883    | 51.7000    | 28.5523    | 29.6500   
1      | 53.1439    | 53.6500    | 24.8999    | 27.3750   
2      | 55.5507    | 56.4000    | 21.9540    | 25.3500   
3      | 58.3779    | 59.9750    | 18.8546    | 23.2750   
4      | 60.7531    | 63.1750    | 16.0375    | 21.2000   
5      | 62.9777    | 66.3250    | 13.9869    | 19.5250   
6      | 65.1464    | 69.7250    | 11.9810    | 17.7500   
7      | 67.0319    | 72.9000    | 10.2835    | 16.1500   
8      | 48.6629    | 48.7500    | 32.3818    | 31.9000   
9      | 46.3002    | 46.3750    | 36.7510    | 34.3250   

TIME TAKEN = 7404.49449 ms
Run 4

BASIC IMPLEMENTATION
--------------------------------------------------------------

Index  | Call Model | Call Actual | Put Model  | Put Actual
--------------------------------------------------------------
0      | 51.3883    | 51.7000    | 28.5523    | 29.6500   
1      | 53.1439    | 53.6500    | 24.8999    | 27.3750   
2      | 55.5507    | 56.4000    | 21.9540    | 25.3500   
3      | 58.3779    | 59.9750    | 18.8546    | 23.2750   
4      | 60.7531    | 63.1750    | 16.0375    | 21.2000   
5      | 62.9777    | 66.3250    | 13.9869    | 19.5250   
6      | 65.1464    | 69.7250    | 11.9810    | 17.7500   
7      | 67.0319    | 72.9000    | 10.2835    | 16.1500   
8      | 48.6629    | 48.7500    | 32.3818    | 31.9000   
9      | 46.3002    | 46.3750    | 36.7510    | 34.3250   

TIME TAKEN = 7427.95885 ms
Run 5

BASIC IMPLEMENTATION
--------------------------------------------------------------

Index  | Call Model | Call Actual | Put Model  | Put Actual
--------------------------------------------------------------
0      | 51.3883    | 51.7000    | 28.5523    | 29.6500   
1      | 53.1439    | 53.6500    | 24.8999    | 27.3750   
2      | 55.5507    | 56.4000    | 21.9540    | 25.3500   
3      | 58.3779    | 59.9750    | 18.8546    | 23.2750   
4      | 60.7531    | 63.1750    | 16.0375    | 21.2000   
5      | 62.9777    | 66.3250    | 13.9869    | 19.5250   
6      | 65.1464    | 69.7250    | 11.9810    | 17.7500   
7      | 67.0319    | 72.9000    | 10.2835    | 16.1500   
8      | 48.6629    | 48.7500    | 32.3818    | 31.9000   
9      | 46.3002    | 46.3750    | 36.7510    | 34.3250   

TIME TAKEN = 7410.70012 ms
Run 6

BASIC IMPLEMENTATION
--------------------------------------------------------------

Index  | Call Model | Call Actual | Put Model  | Put Actual
--------------------------------------------------------------
0      | 51.3883    | 51.7000    | 28.5523    | 29.6500   
1      | 53.1439    | 53.6500    | 24.8999    | 27.3750   
2      | 55.5507    | 56.4000    | 21.9540    | 25.3500   
3      | 58.3779    | 59.9750    | 18.8546    | 23.2750   
4      | 60.7531    | 63.1750    | 16.0375    | 21.2000   
5      | 62.9777    | 66.3250    | 13.9869    | 19.5250   
6      | 65.1464    | 69.7250    | 11.9810    | 17.7500   
7      | 67.0319    | 72.9000    | 10.2835    | 16.1500   
8      | 48.6629    | 48.7500    | 32.3818    | 31.9000   
9      | 46.3002    | 46.3750    | 36.7510    | 34.3250   

TIME TAKEN = 7398.06297 ms
Run 7

BASIC IMPLEMENTATION
--------------------------------------------------------------

Index  | Call Model | Call Actual | Put Model  | Put Actual
--------------------------------------------------------------
0      | 51.3883    | 51.7000    | 28.5523    | 29.6500   
1      | 53.1439    | 53.6500    | 24.8999    | 27.3750   
2      | 55.5507    | 56.4000    | 21.9540    | 25.3500   
3      | 58.3779    | 59.9750    | 18.8546    | 23.2750   
4      | 60.7531    | 63.1750    | 16.0375    | 21.2000   
5      | 62.9777    | 66.3250    | 13.9869    | 19.5250   
6      | 65.1464    | 69.7250    | 11.9810    | 17.7500   
7      | 67.0319    | 72.9000    | 10.2835    | 16.1500   
8      | 48.6629    | 48.7500    | 32.3818    | 31.9000   
9      | 46.3002    | 46.3750    | 36.7510    | 34.3250   

TIME TAKEN = 7426.95792 ms
Run 8

BASIC IMPLEMENTATION
--------------------------------------------------------------

Index  | Call Model | Call Actual | Put Model  | Put Actual
--------------------------------------------------------------
0      | 51.3883    | 51.7000    | 28.5523    | 29.6500   
1      | 53.1439    | 53.6500    | 24.8999    | 27.3750   
2      | 55.5507    | 56.4000    | 21.9540    | 25.3500   
3      | 58.3779    | 59.9750    | 18.8546    | 23.2750   
4      | 60.7531    | 63.1750    | 16.0375    | 21.2000   
5      | 62.9777    | 66.3250    | 13.9869    | 19.5250   
6      | 65.1464    | 69.7250    | 11.9810    | 17.7500   
7      | 67.0319    | 72.9000    | 10.2835    | 16.1500   
8      | 48.6629    | 48.7500    | 32.3818    | 31.9000   
9      | 46.3002    | 46.3750    | 36.7510    | 34.3250   

TIME TAKEN = 7317.37139 ms
Run 9

BASIC IMPLEMENTATION
--------------------------------------------------------------

Index  | Call Model | Call Actual | Put Model  | Put Actual
--------------------------------------------------------------
0      | 51.3883    | 51.7000    | 28.5523    | 29.6500   
1      | 53.1439    | 53.6500    | 24.8999    | 27.3750   
2      | 55.5507    | 56.4000    | 21.9540    | 25.3500   
3      | 58.3779    | 59.9750    | 18.8546    | 23.2750   
4      | 60.7531    | 63.1750    | 16.0375    | 21.2000   
5      | 62.9777    | 66.3250    | 13.9869    | 19.5250   
6      | 65.1464    | 69.7250    | 11.9810    | 17.7500   
7      | 67.0319    | 72.9000    | 10.2835    | 16.1500   
8      | 48.6629    | 48.7500    | 32.3818    | 31.9000   
9      | 46.3002    | 46.3750    | 36.7510    | 34.3250   

TIME TAKEN = 7302.96208 ms
Run 10

BASIC IMPLEMENTATION
--------------------------------------------------------------

Index  | Call Model | Call Actual | Put Model  | Put Actual
--------------------------------------------------------------
0      | 51.3883    | 51.7000    | 28.5523    | 29.6500   
1      | 53.1439    | 53.6500    | 24.8999    | 27.3750   
2      | 55.5507    | 56.4000    | 21.9540    | 25.3500   
3      | 58.3779    | 59.9750    | 18.8546    | 23.2750   
4      | 60.7531    | 63.1750    | 16.0375    | 21.2000   
5      | 62.9777    | 66.3250    | 13.9869    | 19.5250   
6      | 65.1464    | 69.7250    | 11.9810    | 17.7500   
7      | 67.0319    | 72.9000    | 10.2835    | 16.1500   
8      | 48.6629    | 48.7500    | 32.3818    | 31.9000   
9      | 46.3002    | 46.3750    | 36.7510    | 34.3250   

TIME TAKEN = 7260.76553 ms
Run 11

BASIC IMPLEMENTATION
--------------------------------------------------------------

Index  | Call Model | Call Actual | Put Model  | Put Actual
--------------------------------------------------------------
0      | 51.3883    | 51.7000    | 28.5523    | 29.6500   
1      | 53.1439    | 53.6500    | 24.8999    | 27.3750   
2      | 55.5507    | 56.4000    | 21.9540    | 25.3500   
3      | 58.3779    | 59.9750    | 18.8546    | 23.2750   
4      | 60.7531    | 63.1750    | 16.0375    | 21.2000   
5      | 62.9777    | 66.3250    | 13.9869    | 19.5250   
6      | 65.1464    | 69.7250    | 11.9810    | 17.7500   
7      | 67.0319    | 72.9000    | 10.2835    | 16.1500   
8      | 48.6629    | 48.7500    | 32.3818    | 31.9000   
9      | 46.3002    | 46.3750    | 36.7510    | 34.3250   

TIME TAKEN = 7341.05890 ms
Run 12

BASIC IMPLEMENTATION
--------------------------------------------------------------

Index  | Call Model | Call Actual | Put Model  | Put Actual
--------------------------------------------------------------
0      | 51.3883    | 51.7000    | 28.5523    | 29.6500   
1      | 53.1439    | 53.6500    | 24.8999    | 27.3750   
2      | 55.5507    | 56.4000    | 21.9540    | 25.3500   
3      | 58.3779    | 59.9750    | 18.8546    | 23.2750   
4      | 60.7531    | 63.1750    | 16.0375    | 21.2000   
5      | 62.9777    | 66.3250    | 13.9869    | 19.5250   
6      | 65.1464    | 69.7250    | 11.9810    | 17.7500   
7      | 67.0319    | 72.9000    | 10.2835    | 16.1500   
8      | 48.6629    | 48.7500    | 32.3818    | 31.9000   
9      | 46.3002    | 46.3750    | 36.7510    | 34.3250   

TIME TAKEN = 7302.32312 ms
Run 13

BASIC IMPLEMENTATION
--------------------------------------------------------------

Index  | Call Model | Call Actual | Put Model  | Put Actual
--------------------------------------------------------------
0      | 51.3883    | 51.7000    | 28.5523    | 29.6500   
1      | 53.1439    | 53.6500    | 24.8999    | 27.3750   
2      | 55.5507    | 56.4000    | 21.9540    | 25.3500   
3      | 58.3779    | 59.9750    | 18.8546    | 23.2750   
4      | 60.7531    | 63.1750    | 16.0375    | 21.2000   
5      | 62.9777    | 66.3250    | 13.9869    | 19.5250   
6      | 65.1464    | 69.7250    | 11.9810    | 17.7500   
7      | 67.0319    | 72.9000    | 10.2835    | 16.1500   
8      | 48.6629    | 48.7500    | 32.3818    | 31.9000   
9      | 46.3002    | 46.3750    | 36.7510    | 34.3250   

TIME TAKEN = 7335.86854 ms
Run 14

BASIC IMPLEMENTATION
--------------------------------------------------------------

Index  | Call Model | Call Actual | Put Model  | Put Actual
--------------------------------------------------------------
0      | 51.3883    | 51.7000    | 28.5523    | 29.6500   
1      | 53.1439    | 53.6500    | 24.8999    | 27.3750   
2      | 55.5507    | 56.4000    | 21.9540    | 25.3500   
3      | 58.3779    | 59.9750    | 18.8546    | 23.2750   
4      | 60.7531    | 63.1750    | 16.0375    | 21.2000   
5      | 62.9777    | 66.3250    | 13.9869    | 19.5250   
6      | 65.1464    | 69.7250    | 11.9810    | 17.7500   
7      | 67.0319    | 72.9000    | 10.2835    | 16.1500   
8      | 48.6629    | 48.7500    | 32.3818    | 31.9000   
9      | 46.3002    | 46.3750    | 36.7510    | 34.3250   

TIME TAKEN = 7348.99224 ms
Run 15

BASIC IMPLEMENTATION
--------------------------------------------------------------

Index  | Call Model | Call Actual | Put Model  | Put Actual
--------------------------------------------------------------
0      | 51.3883    | 51.7000    | 28.5523    | 29.6500   
1      | 53.1439    | 53.6500    | 24.8999    | 27.3750   
2      | 55.5507    | 56.4000    | 21.9540    | 25.3500   
3      | 58.3779    | 59.9750    | 18.8546    | 23.2750   
4      | 60.7531    | 63.1750    | 16.0375    | 21.2000   
5      | 62.9777    | 66.3250    | 13.9869    | 19.5250   
6      | 65.1464    | 69.7250    | 11.9810    | 17.7500   
7      | 67.0319    | 72.9000    | 10.2835    | 16.1500   
8      | 48.6629    | 48.7500    | 32.3818    | 31.9000   
9      | 46.3002    | 46.3750    | 36.7510    | 34.3250   

TIME TAKEN = 7263.16380 ms
Run 16

BASIC IMPLEMENTATION
--------------------------------------------------------------

Index  | Call Model | Call Actual | Put Model  | Put Actual
--------------------------------------------------------------
0      | 51.3883    | 51.7000    | 28.5523    | 29.6500   
1      | 53.1439    | 53.6500    | 24.8999    | 27.3750   
2      | 55.5507    | 56.4000    | 21.9540    | 25.3500   
3      | 58.3779    | 59.9750    | 18.8546    | 23.2750   
4      | 60.7531    | 63.1750    | 16.0375    | 21.2000   
5      | 62.9777    | 66.3250    | 13.9869    | 19.5250   
6      | 65.1464    | 69.7250    | 11.9810    | 17.7500   
7      | 67.0319    | 72.9000    | 10.2835    | 16.1500   
8      | 48.6629    | 48.7500    | 32.3818    | 31.9000   
9      | 46.3002    | 46.3750    | 36.7510    | 34.3250   

TIME TAKEN = 7269.46317 ms
Run 17

BASIC IMPLEMENTATION
--------------------------------------------------------------

Index  | Call Model | Call Actual | Put Model  | Put Actual
--------------------------------------------------------------
0      | 51.3883    | 51.7000    | 28.5523    | 29.6500   
1      | 53.1439    | 53.6500    | 24.8999    | 27.3750   
2      | 55.5507    | 56.4000    | 21.9540    | 25.3500   
3      | 58.3779    | 59.9750    | 18.8546    | 23.2750   
4      | 60.7531    | 63.1750    | 16.0375    | 21.2000   
5      | 62.9777    | 66.3250    | 13.9869    | 19.5250   
6      | 65.1464    | 69.7250    | 11.9810    | 17.7500   
7      | 67.0319    | 72.9000    | 10.2835    | 16.1500   
8      | 48.6629    | 48.7500    | 32.3818    | 31.9000   
9      | 46.3002    | 46.3750    | 36.7510    | 34.3250   

TIME TAKEN = 7265.35568 ms
Run 18

BASIC IMPLEMENTATION
--------------------------------------------------------------

Index  | Call Model | Call Actual | Put Model  | Put Actual
--------------------------------------------------------------
0      | 51.3883    | 51.7000    | 28.5523    | 29.6500   
1      | 53.1439    | 53.6500    | 24.8999    | 27.3750   
2      | 55.5507    | 56.4000    | 21.9540    | 25.3500   
3      | 58.3779    | 59.9750    | 18.8546    | 23.2750   
4      | 60.7531    | 63.1750    | 16.0375    | 21.2000   
5      | 62.9777    | 66.3250    | 13.9869    | 19.5250   
6      | 65.1464    | 69.7250    | 11.9810    | 17.7500   
7      | 67.0319    | 72.9000    | 10.2835    | 16.1500   
8      | 48.6629    | 48.7500    | 32.3818    | 31.9000   
9      | 46.3002    | 46.3750    | 36.7510    | 34.3250   

TIME TAKEN = 7223.15943 ms
Run 19

BASIC IMPLEMENTATION
--------------------------------------------------------------

Index  | Call Model | Call Actual | Put Model  | Put Actual
--------------------------------------------------------------
0      | 51.3883    | 51.7000    | 28.5523    | 29.6500   
1      | 53.1439    | 53.6500    | 24.8999    | 27.3750   
2      | 55.5507    | 56.4000    | 21.9540    | 25.3500   
3      | 58.3779    | 59.9750    | 18.8546    | 23.2750   
4      | 60.7531    | 63.1750    | 16.0375    | 21.2000   
5      | 62.9777    | 66.3250    | 13.9869    | 19.5250   
6      | 65.1464    | 69.7250    | 11.9810    | 17.7500   
7      | 67.0319    | 72.9000    | 10.2835    | 16.1500   
8      | 48.6629    | 48.7500    | 32.3818    | 31.9000   
9      | 46.3002    | 46.3750    | 36.7510    | 34.3250   

TIME TAKEN = 7256.31997 ms
Run 20

BASIC IMPLEMENTATION
--------------------------------------------------------------

Index  | Call Model | Call Actual | Put Model  | Put Actual
--------------------------------------------------------------
0      | 51.3883    | 51.7000    | 28.5523    | 29.6500   
1      | 53.1439    | 53.6500    | 24.8999    | 27.3750   
2      | 55.5507    | 56.4000    | 21.9540    | 25.3500   
3      | 58.3779    | 59.9750    | 18.8546    | 23.2750   
4      | 60.7531    | 63.1750    | 16.0375    | 21.2000   
5      | 62.9777    | 66.3250    | 13.9869    | 19.5250   
6      | 65.1464    | 69.7250    | 11.9810    | 17.7500   
7      | 67.0319    | 72.9000    | 10.2835    | 16.1500   
8      | 48.6629    | 48.7500    | 32.3818    | 31.9000   
9      | 46.3002    | 46.3750    | 36.7510    | 34.3250   

TIME TAKEN = 7248.73948 ms
Run 21

BASIC IMPLEMENTATION
--------------------------------------------------------------

Index  | Call Model | Call Actual | Put Model  | Put Actual
--------------------------------------------------------------
0      | 51.3883    | 51.7000    | 28.5523    | 29.6500   
1      | 53.1439    | 53.6500    | 24.8999    | 27.3750   
2      | 55.5507    | 56.4000    | 21.9540    | 25.3500   
3      | 58.3779    | 59.9750    | 18.8546    | 23.2750   
4      | 60.7531    | 63.1750    | 16.0375    | 21.2000   
5      | 62.9777    | 66.3250    | 13.9869    | 19.5250   
6      | 65.1464    | 69.7250    | 11.9810    | 17.7500   
7      | 67.0319    | 72.9000    | 10.2835    | 16.1500   
8      | 48.6629    | 48.7500    | 32.3818    | 31.9000   
9      | 46.3002    | 46.3750    | 36.7510    | 34.3250   

TIME TAKEN = 7268.83311 ms
Run 22

BASIC IMPLEMENTATION
--------------------------------------------------------------

Index  | Call Model | Call Actual | Put Model  | Put Actual
--------------------------------------------------------------
0      | 51.3883    | 51.7000    | 28.5523    | 29.6500   
1      | 53.1439    | 53.6500    | 24.8999    | 27.3750   
2      | 55.5507    | 56.4000    | 21.9540    | 25.3500   
3      | 58.3779    | 59.9750    | 18.8546    | 23.2750   
4      | 60.7531    | 63.1750    | 16.0375    | 21.2000   
5      | 62.9777    | 66.3250    | 13.9869    | 19.5250   
6      | 65.1464    | 69.7250    | 11.9810    | 17.7500   
7      | 67.0319    | 72.9000    | 10.2835    | 16.1500   
8      | 48.6629    | 48.7500    | 32.3818    | 31.9000   
9      | 46.3002    | 46.3750    | 36.7510    | 34.3250   

TIME TAKEN = 7249.73127 ms
Run 23

BASIC IMPLEMENTATION
--------------------------------------------------------------

Index  | Call Model | Call Actual | Put Model  | Put Actual
--------------------------------------------------------------
0      | 51.3883    | 51.7000    | 28.5523    | 29.6500   
1      | 53.1439    | 53.6500    | 24.8999    | 27.3750   
2      | 55.5507    | 56.4000    | 21.9540    | 25.3500   
3      | 58.3779    | 59.9750    | 18.8546    | 23.2750   
4      | 60.7531    | 63.1750    | 16.0375    | 21.2000   
5      | 62.9777    | 66.3250    | 13.9869    | 19.5250   
6      | 65.1464    | 69.7250    | 11.9810    | 17.7500   
7      | 67.0319    | 72.9000    | 10.2835    | 16.1500   
8      | 48.6629    | 48.7500    | 32.3818    | 31.9000   
9      | 46.3002    | 46.3750    | 36.7510    | 34.3250   

TIME TAKEN = 7297.01913 ms
Run 24

BASIC IMPLEMENTATION
--------------------------------------------------------------

Index  | Call Model | Call Actual | Put Model  | Put Actual
--------------------------------------------------------------
0      | 51.3883    | 51.7000    | 28.5523    | 29.6500   
1      | 53.1439    | 53.6500    | 24.8999    | 27.3750   
2      | 55.5507    | 56.4000    | 21.9540    | 25.3500   
3      | 58.3779    | 59.9750    | 18.8546    | 23.2750   
4      | 60.7531    | 63.1750    | 16.0375    | 21.2000   
5      | 62.9777    | 66.3250    | 13.9869    | 19.5250   
6      | 65.1464    | 69.7250    | 11.9810    | 17.7500   
7      | 67.0319    | 72.9000    | 10.2835    | 16.1500   
8      | 48.6629    | 48.7500    | 32.3818    | 31.9000   
9      | 46.3002    | 46.3750    | 36.7510    | 34.3250   

TIME TAKEN = 7258.96573 ms
Run 25

BASIC IMPLEMENTATION
--------------------------------------------------------------

Index  | Call Model | Call Actual | Put Model  | Put Actual
--------------------------------------------------------------
0      | 51.3883    | 51.7000    | 28.5523    | 29.6500   
1      | 53.1439    | 53.6500    | 24.8999    | 27.3750   
2      | 55.5507    | 56.4000    | 21.9540    | 25.3500   
3      | 58.3779    | 59.9750    | 18.8546    | 23.2750   
4      | 60.7531    | 63.1750    | 16.0375    | 21.2000   
5      | 62.9777    | 66.3250    | 13.9869    | 19.5250   
6      | 65.1464    | 69.7250    | 11.9810    | 17.7500   
7      | 67.0319    | 72.9000    | 10.2835    | 16.1500   
8      | 48.6629    | 48.7500    | 32.3818    | 31.9000   
9      | 46.3002    | 46.3750    | 36.7510    | 34.3250   

TIME TAKEN = 7301.32469 ms
Run 26

BASIC IMPLEMENTATION
--------------------------------------------------------------

Index  | Call Model | Call Actual | Put Model  | Put Actual
--------------------------------------------------------------
0      | 51.3883    | 51.7000    | 28.5523    | 29.6500   
1      | 53.1439    | 53.6500    | 24.8999    | 27.3750   
2      | 55.5507    | 56.4000    | 21.9540    | 25.3500   
3      | 58.3779    | 59.9750    | 18.8546    | 23.2750   
4      | 60.7531    | 63.1750    | 16.0375    | 21.2000   
5      | 62.9777    | 66.3250    | 13.9869    | 19.5250   
6      | 65.1464    | 69.7250    | 11.9810    | 17.7500   
7      | 67.0319    | 72.9000    | 10.2835    | 16.1500   
8      | 48.6629    | 48.7500    | 32.3818    | 31.9000   
9      | 46.3002    | 46.3750    | 36.7510    | 34.3250   

TIME TAKEN = 7475.45147 ms
Run 27

BASIC IMPLEMENTATION
--------------------------------------------------------------

Index  | Call Model | Call Actual | Put Model  | Put Actual
--------------------------------------------------------------
0      | 51.3883    | 51.7000    | 28.5523    | 29.6500   
1      | 53.1439    | 53.6500    | 24.8999    | 27.3750   
2      | 55.5507    | 56.4000    | 21.9540    | 25.3500   
3      | 58.3779    | 59.9750    | 18.8546    | 23.2750   
4      | 60.7531    | 63.1750    | 16.0375    | 21.2000   
5      | 62.9777    | 66.3250    | 13.9869    | 19.5250   
6      | 65.1464    | 69.7250    | 11.9810    | 17.7500   
7      | 67.0319    | 72.9000    | 10.2835    | 16.1500   
8      | 48.6629    | 48.7500    | 32.3818    | 31.9000   
9      | 46.3002    | 46.3750    | 36.7510    | 34.3250   

TIME TAKEN = 7237.70140 ms
Run 28

BASIC IMPLEMENTATION
--------------------------------------------------------------

Index  | Call Model | Call Actual | Put Model  | Put Actual
--------------------------------------------------------------
0      | 51.3883    | 51.7000    | 28.5523    | 29.6500   
1      | 53.1439    | 53.6500    | 24.8999    | 27.3750   
2      | 55.5507    | 56.4000    | 21.9540    | 25.3500   
3      | 58.3779    | 59.9750    | 18.8546    | 23.2750   
4      | 60.7531    | 63.1750    | 16.0375    | 21.2000   
5      | 62.9777    | 66.3250    | 13.9869    | 19.5250   
6      | 65.1464    | 69.7250    | 11.9810    | 17.7500   
7      | 67.0319    | 72.9000    | 10.2835    | 16.1500   
8      | 48.6629    | 48.7500    | 32.3818    | 31.9000   
9      | 46.3002    | 46.3750    | 36.7510    | 34.3250   

TIME TAKEN = 7275.62724 ms
Run 29

BASIC IMPLEMENTATION
--------------------------------------------------------------

Index  | Call Model | Call Actual | Put Model  | Put Actual
--------------------------------------------------------------
0      | 51.3883    | 51.7000    | 28.5523    | 29.6500   
1      | 53.1439    | 53.6500    | 24.8999    | 27.3750   
2      | 55.5507    | 56.4000    | 21.9540    | 25.3500   
3      | 58.3779    | 59.9750    | 18.8546    | 23.2750   
4      | 60.7531    | 63.1750    | 16.0375    | 21.2000   
5      | 62.9777    | 66.3250    | 13.9869    | 19.5250   
6      | 65.1464    | 69.7250    | 11.9810    | 17.7500   
7      | 67.0319    | 72.9000    | 10.2835    | 16.1500   
8      | 48.6629    | 48.7500    | 32.3818    | 31.9000   
9      | 46.3002    | 46.3750    | 36.7510    | 34.3250   

TIME TAKEN = 7257.62825 ms
Run 30

BASIC IMPLEMENTATION
--------------------------------------------------------------

Index  | Call Model | Call Actual | Put Model  | Put Actual
--------------------------------------------------------------
0      | 51.3883    | 51.7000    | 28.5523    | 29.6500   
1      | 53.1439    | 53.6500    | 24.8999    | 27.3750   
2      | 55.5507    | 56.4000    | 21.9540    | 25.3500   
3      | 58.3779    | 59.9750    | 18.8546    | 23.2750   
4      | 60.7531    | 63.1750    | 16.0375    | 21.2000   
5      | 62.9777    | 66.3250    | 13.9869    | 19.5250   
6      | 65.1464    | 69.7250    | 11.9810    | 17.7500   
7      | 67.0319    | 72.9000    | 10.2835    | 16.1500   
8      | 48.6629    | 48.7500    | 32.3818    | 31.9000   
9      | 46.3002    | 46.3750    | 36.7510    | 34.3250   

TIME TAKEN = 7296.58521 ms
Run 31

BASIC IMPLEMENTATION
--------------------------------------------------------------

Index  | Call Model | Call Actual | Put Model  | Put Actual
--------------------------------------------------------------
0      | 51.3883    | 51.7000    | 28.5523    | 29.6500   
1      | 53.1439    | 53.6500    | 24.8999    | 27.3750   
2      | 55.5507    | 56.4000    | 21.9540    | 25.3500   
3      | 58.3779    | 59.9750    | 18.8546    | 23.2750   
4      | 60.7531    | 63.1750    | 16.0375    | 21.2000   
5      | 62.9777    | 66.3250    | 13.9869    | 19.5250   
6      | 65.1464    | 69.7250    | 11.9810    | 17.7500   
7      | 67.0319    | 72.9000    | 10.2835    | 16.1500   
8      | 48.6629    | 48.7500    | 32.3818    | 31.9000   
9      | 46.3002    | 46.3750    | 36.7510    | 34.3250   

TIME TAKEN = 7307.01438 ms
Run 32

BASIC IMPLEMENTATION
--------------------------------------------------------------

Index  | Call Model | Call Actual | Put Model  | Put Actual
--------------------------------------------------------------
0      | 51.3883    | 51.7000    | 28.5523    | 29.6500   
1      | 53.1439    | 53.6500    | 24.8999    | 27.3750   
2      | 55.5507    | 56.4000    | 21.9540    | 25.3500   
3      | 58.3779    | 59.9750    | 18.8546    | 23.2750   
4      | 60.7531    | 63.1750    | 16.0375    | 21.2000   
5      | 62.9777    | 66.3250    | 13.9869    | 19.5250   
6      | 65.1464    | 69.7250    | 11.9810    | 17.7500   
7      | 67.0319    | 72.9000    | 10.2835    | 16.1500   
8      | 48.6629    | 48.7500    | 32.3818    | 31.9000   
9      | 46.3002    | 46.3750    | 36.7510    | 34.3250   

TIME TAKEN = 7274.07688 ms
Run 33

BASIC IMPLEMENTATION
--------------------------------------------------------------

Index  | Call Model | Call Actual | Put Model  | Put Actual
--------------------------------------------------------------
0      | 51.3883    | 51.7000    | 28.5523    | 29.6500   
1      | 53.1439    | 53.6500    | 24.8999    | 27.3750   
2      | 55.5507    | 56.4000    | 21.9540    | 25.3500   
3      | 58.3779    | 59.9750    | 18.8546    | 23.2750   
4      | 60.7531    | 63.1750    | 16.0375    | 21.2000   
5      | 62.9777    | 66.3250    | 13.9869    | 19.5250   
6      | 65.1464    | 69.7250    | 11.9810    | 17.7500   
7      | 67.0319    | 72.9000    | 10.2835    | 16.1500   
8      | 48.6629    | 48.7500    | 32.3818    | 31.9000   
9      | 46.3002    | 46.3750    | 36.7510    | 34.3250   

TIME TAKEN = 7268.96797 ms
Run 34

BASIC IMPLEMENTATION
--------------------------------------------------------------

Index  | Call Model | Call Actual | Put Model  | Put Actual
--------------------------------------------------------------
0      | 51.3883    | 51.7000    | 28.5523    | 29.6500   
1      | 53.1439    | 53.6500    | 24.8999    | 27.3750   
2      | 55.5507    | 56.4000    | 21.9540    | 25.3500   
3      | 58.3779    | 59.9750    | 18.8546    | 23.2750   
4      | 60.7531    | 63.1750    | 16.0375    | 21.2000   
5      | 62.9777    | 66.3250    | 13.9869    | 19.5250   
6      | 65.1464    | 69.7250    | 11.9810    | 17.7500   
7      | 67.0319    | 72.9000    | 10.2835    | 16.1500   
8      | 48.6629    | 48.7500    | 32.3818    | 31.9000   
9      | 46.3002    | 46.3750    | 36.7510    | 34.3250   

TIME TAKEN = 7256.33299 ms
Run 35

BASIC IMPLEMENTATION
--------------------------------------------------------------

Index  | Call Model | Call Actual | Put Model  | Put Actual
--------------------------------------------------------------
0      | 51.3883    | 51.7000    | 28.5523    | 29.6500   
1      | 53.1439    | 53.6500    | 24.8999    | 27.3750   
2      | 55.5507    | 56.4000    | 21.9540    | 25.3500   
3      | 58.3779    | 59.9750    | 18.8546    | 23.2750   
4      | 60.7531    | 63.1750    | 16.0375    | 21.2000   
5      | 62.9777    | 66.3250    | 13.9869    | 19.5250   
6      | 65.1464    | 69.7250    | 11.9810    | 17.7500   
7      | 67.0319    | 72.9000    | 10.2835    | 16.1500   
8      | 48.6629    | 48.7500    | 32.3818    | 31.9000   
9      | 46.3002    | 46.3750    | 36.7510    | 34.3250   

TIME TAKEN = 7256.23329 ms
Run 36

BASIC IMPLEMENTATION
--------------------------------------------------------------

Index  | Call Model | Call Actual | Put Model  | Put Actual
--------------------------------------------------------------
0      | 51.3883    | 51.7000    | 28.5523    | 29.6500   
1      | 53.1439    | 53.6500    | 24.8999    | 27.3750   
2      | 55.5507    | 56.4000    | 21.9540    | 25.3500   
3      | 58.3779    | 59.9750    | 18.8546    | 23.2750   
4      | 60.7531    | 63.1750    | 16.0375    | 21.2000   
5      | 62.9777    | 66.3250    | 13.9869    | 19.5250   
6      | 65.1464    | 69.7250    | 11.9810    | 17.7500   
7      | 67.0319    | 72.9000    | 10.2835    | 16.1500   
8      | 48.6629    | 48.7500    | 32.3818    | 31.9000   
9      | 46.3002    | 46.3750    | 36.7510    | 34.3250   

TIME TAKEN = 7306.58612 ms
Run 37

BASIC IMPLEMENTATION
--------------------------------------------------------------

Index  | Call Model | Call Actual | Put Model  | Put Actual
--------------------------------------------------------------
0      | 51.3883    | 51.7000    | 28.5523    | 29.6500   
1      | 53.1439    | 53.6500    | 24.8999    | 27.3750   
2      | 55.5507    | 56.4000    | 21.9540    | 25.3500   
3      | 58.3779    | 59.9750    | 18.8546    | 23.2750   
4      | 60.7531    | 63.1750    | 16.0375    | 21.2000   
5      | 62.9777    | 66.3250    | 13.9869    | 19.5250   
6      | 65.1464    | 69.7250    | 11.9810    | 17.7500   
7      | 67.0319    | 72.9000    | 10.2835    | 16.1500   
8      | 48.6629    | 48.7500    | 32.3818    | 31.9000   
9      | 46.3002    | 46.3750    | 36.7510    | 34.3250   

TIME TAKEN = 7273.48453 ms
Run 38

BASIC IMPLEMENTATION
--------------------------------------------------------------

Index  | Call Model | Call Actual | Put Model  | Put Actual
--------------------------------------------------------------
0      | 51.3883    | 51.7000    | 28.5523    | 29.6500   
1      | 53.1439    | 53.6500    | 24.8999    | 27.3750   
2      | 55.5507    | 56.4000    | 21.9540    | 25.3500   
3      | 58.3779    | 59.9750    | 18.8546    | 23.2750   
4      | 60.7531    | 63.1750    | 16.0375    | 21.2000   
5      | 62.9777    | 66.3250    | 13.9869    | 19.5250   
6      | 65.1464    | 69.7250    | 11.9810    | 17.7500   
7      | 67.0319    | 72.9000    | 10.2835    | 16.1500   
8      | 48.6629    | 48.7500    | 32.3818    | 31.9000   
9      | 46.3002    | 46.3750    | 36.7510    | 34.3250   

TIME TAKEN = 7309.73313 ms
Run 39

BASIC IMPLEMENTATION
--------------------------------------------------------------

Index  | Call Model | Call Actual | Put Model  | Put Actual
--------------------------------------------------------------
0      | 51.3883    | 51.7000    | 28.5523    | 29.6500   
1      | 53.1439    | 53.6500    | 24.8999    | 27.3750   
2      | 55.5507    | 56.4000    | 21.9540    | 25.3500   
3      | 58.3779    | 59.9750    | 18.8546    | 23.2750   
4      | 60.7531    | 63.1750    | 16.0375    | 21.2000   
5      | 62.9777    | 66.3250    | 13.9869    | 19.5250   
6      | 65.1464    | 69.7250    | 11.9810    | 17.7500   
7      | 67.0319    | 72.9000    | 10.2835    | 16.1500   
8      | 48.6629    | 48.7500    | 32.3818    | 31.9000   
9      | 46.3002    | 46.3750    | 36.7510    | 34.3250   

TIME TAKEN = 7309.96882 ms
Run 40

BASIC IMPLEMENTATION
--------------------------------------------------------------

Index  | Call Model | Call Actual | Put Model  | Put Actual
--------------------------------------------------------------
0      | 51.3883    | 51.7000    | 28.5523    | 29.6500   
1      | 53.1439    | 53.6500    | 24.8999    | 27.3750   
2      | 55.5507    | 56.4000    | 21.9540    | 25.3500   
3      | 58.3779    | 59.9750    | 18.8546    | 23.2750   
4      | 60.7531    | 63.1750    | 16.0375    | 21.2000   
5      | 62.9777    | 66.3250    | 13.9869    | 19.5250   
6      | 65.1464    | 69.7250    | 11.9810    | 17.7500   
7      | 67.0319    | 72.9000    | 10.2835    | 16.1500   
8      | 48.6629    | 48.7500    | 32.3818    | 31.9000   
9      | 46.3002    | 46.3750    | 36.7510    | 34.3250   

TIME TAKEN = 7267.33636 ms
Run 41

BASIC IMPLEMENTATION
--------------------------------------------------------------

Index  | Call Model | Call Actual | Put Model  | Put Actual
--------------------------------------------------------------
0      | 51.3883    | 51.7000    | 28.5523    | 29.6500   
1      | 53.1439    | 53.6500    | 24.8999    | 27.3750   
2      | 55.5507    | 56.4000    | 21.9540    | 25.3500   
3      | 58.3779    | 59.9750    | 18.8546    | 23.2750   
4      | 60.7531    | 63.1750    | 16.0375    | 21.2000   
5      | 62.9777    | 66.3250    | 13.9869    | 19.5250   
6      | 65.1464    | 69.7250    | 11.9810    | 17.7500   
7      | 67.0319    | 72.9000    | 10.2835    | 16.1500   
8      | 48.6629    | 48.7500    | 32.3818    | 31.9000   
9      | 46.3002    | 46.3750    | 36.7510    | 34.3250   

TIME TAKEN = 7252.90247 ms
Run 42

BASIC IMPLEMENTATION
--------------------------------------------------------------

Index  | Call Model | Call Actual | Put Model  | Put Actual
--------------------------------------------------------------
0      | 51.3883    | 51.7000    | 28.5523    | 29.6500   
1      | 53.1439    | 53.6500    | 24.8999    | 27.3750   
2      | 55.5507    | 56.4000    | 21.9540    | 25.3500   
3      | 58.3779    | 59.9750    | 18.8546    | 23.2750   
4      | 60.7531    | 63.1750    | 16.0375    | 21.2000   
5      | 62.9777    | 66.3250    | 13.9869    | 19.5250   
6      | 65.1464    | 69.7250    | 11.9810    | 17.7500   
7      | 67.0319    | 72.9000    | 10.2835    | 16.1500   
8      | 48.6629    | 48.7500    | 32.3818    | 31.9000   
9      | 46.3002    | 46.3750    | 36.7510    | 34.3250   

TIME TAKEN = 7290.21704 ms
Run 43

BASIC IMPLEMENTATION
--------------------------------------------------------------

Index  | Call Model | Call Actual | Put Model  | Put Actual
--------------------------------------------------------------
0      | 51.3883    | 51.7000    | 28.5523    | 29.6500   
1      | 53.1439    | 53.6500    | 24.8999    | 27.3750   
2      | 55.5507    | 56.4000    | 21.9540    | 25.3500   
3      | 58.3779    | 59.9750    | 18.8546    | 23.2750   
4      | 60.7531    | 63.1750    | 16.0375    | 21.2000   
5      | 62.9777    | 66.3250    | 13.9869    | 19.5250   
6      | 65.1464    | 69.7250    | 11.9810    | 17.7500   
7      | 67.0319    | 72.9000    | 10.2835    | 16.1500   
8      | 48.6629    | 48.7500    | 32.3818    | 31.9000   
9      | 46.3002    | 46.3750    | 36.7510    | 34.3250   

TIME TAKEN = 7415.68649 ms
Run 44

BASIC IMPLEMENTATION
--------------------------------------------------------------

Index  | Call Model | Call Actual | Put Model  | Put Actual
--------------------------------------------------------------
0      | 51.3883    | 51.7000    | 28.5523    | 29.6500   
1      | 53.1439    | 53.6500    | 24.8999    | 27.3750   
2      | 55.5507    | 56.4000    | 21.9540    | 25.3500   
3      | 58.3779    | 59.9750    | 18.8546    | 23.2750   
4      | 60.7531    | 63.1750    | 16.0375    | 21.2000   
5      | 62.9777    | 66.3250    | 13.9869    | 19.5250   
6      | 65.1464    | 69.7250    | 11.9810    | 17.7500   
7      | 67.0319    | 72.9000    | 10.2835    | 16.1500   
8      | 48.6629    | 48.7500    | 32.3818    | 31.9000   
9      | 46.3002    | 46.3750    | 36.7510    | 34.3250   

TIME TAKEN = 7278.94084 ms
Run 45

BASIC IMPLEMENTATION
--------------------------------------------------------------

Index  | Call Model | Call Actual | Put Model  | Put Actual
--------------------------------------------------------------
0      | 51.3883    | 51.7000    | 28.5523    | 29.6500   
1      | 53.1439    | 53.6500    | 24.8999    | 27.3750   
2      | 55.5507    | 56.4000    | 21.9540    | 25.3500   
3      | 58.3779    | 59.9750    | 18.8546    | 23.2750   
4      | 60.7531    | 63.1750    | 16.0375    | 21.2000   
5      | 62.9777    | 66.3250    | 13.9869    | 19.5250   
6      | 65.1464    | 69.7250    | 11.9810    | 17.7500   
7      | 67.0319    | 72.9000    | 10.2835    | 16.1500   
8      | 48.6629    | 48.7500    | 32.3818    | 31.9000   
9      | 46.3002    | 46.3750    | 36.7510    | 34.3250   

TIME TAKEN = 7242.94255 ms
Run 46

BASIC IMPLEMENTATION
--------------------------------------------------------------

Index  | Call Model | Call Actual | Put Model  | Put Actual
--------------------------------------------------------------
0      | 51.3883    | 51.7000    | 28.5523    | 29.6500   
1      | 53.1439    | 53.6500    | 24.8999    | 27.3750   
2      | 55.5507    | 56.4000    | 21.9540    | 25.3500   
3      | 58.3779    | 59.9750    | 18.8546    | 23.2750   
4      | 60.7531    | 63.1750    | 16.0375    | 21.2000   
5      | 62.9777    | 66.3250    | 13.9869    | 19.5250   
6      | 65.1464    | 69.7250    | 11.9810    | 17.7500   
7      | 67.0319    | 72.9000    | 10.2835    | 16.1500   
8      | 48.6629    | 48.7500    | 32.3818    | 31.9000   
9      | 46.3002    | 46.3750    | 36.7510    | 34.3250   

TIME TAKEN = 7263.36003 ms
Run 47

BASIC IMPLEMENTATION
--------------------------------------------------------------

Index  | Call Model | Call Actual | Put Model  | Put Actual
--------------------------------------------------------------
0      | 51.3883    | 51.7000    | 28.5523    | 29.6500   
1      | 53.1439    | 53.6500    | 24.8999    | 27.3750   
2      | 55.5507    | 56.4000    | 21.9540    | 25.3500   
3      | 58.3779    | 59.9750    | 18.8546    | 23.2750   
4      | 60.7531    | 63.1750    | 16.0375    | 21.2000   
5      | 62.9777    | 66.3250    | 13.9869    | 19.5250   
6      | 65.1464    | 69.7250    | 11.9810    | 17.7500   
7      | 67.0319    | 72.9000    | 10.2835    | 16.1500   
8      | 48.6629    | 48.7500    | 32.3818    | 31.9000   
9      | 46.3002    | 46.3750    | 36.7510    | 34.3250   

TIME TAKEN = 7299.39615 ms
Run 48

BASIC IMPLEMENTATION
--------------------------------------------------------------

Index  | Call Model | Call Actual | Put Model  | Put Actual
--------------------------------------------------------------
0      | 51.3883    | 51.7000    | 28.5523    | 29.6500   
1      | 53.1439    | 53.6500    | 24.8999    | 27.3750   
2      | 55.5507    | 56.4000    | 21.9540    | 25.3500   
3      | 58.3779    | 59.9750    | 18.8546    | 23.2750   
4      | 60.7531    | 63.1750    | 16.0375    | 21.2000   
5      | 62.9777    | 66.3250    | 13.9869    | 19.5250   
6      | 65.1464    | 69.7250    | 11.9810    | 17.7500   
7      | 67.0319    | 72.9000    | 10.2835    | 16.1500   
8      | 48.6629    | 48.7500    | 32.3818    | 31.9000   
9      | 46.3002    | 46.3750    | 36.7510    | 34.3250   

TIME TAKEN = 7261.63042 ms
Run 49

BASIC IMPLEMENTATION
--------------------------------------------------------------

Index  | Call Model | Call Actual | Put Model  | Put Actual
--------------------------------------------------------------
0      | 51.3883    | 51.7000    | 28.5523    | 29.6500   
1      | 53.1439    | 53.6500    | 24.8999    | 27.3750   
2      | 55.5507    | 56.4000    | 21.9540    | 25.3500   
3      | 58.3779    | 59.9750    | 18.8546    | 23.2750   
4      | 60.7531    | 63.1750    | 16.0375    | 21.2000   
5      | 62.9777    | 66.3250    | 13.9869    | 19.5250   
6      | 65.1464    | 69.7250    | 11.9810    | 17.7500   
7      | 67.0319    | 72.9000    | 10.2835    | 16.1500   
8      | 48.6629    | 48.7500    | 32.3818    | 31.9000   
9      | 46.3002    | 46.3750    | 36.7510    | 34.3250   

TIME TAKEN = 7266.47889 ms
Run 50

BASIC IMPLEMENTATION
--------------------------------------------------------------

Index  | Call Model | Call Actual | Put Model  | Put Actual
--------------------------------------------------------------
0      | 51.3883    | 51.7000    | 28.5523    | 29.6500   
1      | 53.1439    | 53.6500    | 24.8999    | 27.3750   
2      | 55.5507    | 56.4000    | 21.9540    | 25.3500   
3      | 58.3779    | 59.9750    | 18.8546    | 23.2750   
4      | 60.7531    | 63.1750    | 16.0375    | 21.2000   
5      | 62.9777    | 66.3250    | 13.9869    | 19.5250   
6      | 65.1464    | 69.7250    | 11.9810    | 17.7500   
7      | 67.0319    | 72.9000    | 10.2835    | 16.1500   
8      | 48.6629    | 48.7500    | 32.3818    | 31.9000   
9      | 46.3002    | 46.3750    | 36.7510    | 34.3250   

TIME TAKEN = 7272.53279 ms
Run 51

BASIC IMPLEMENTATION
--------------------------------------------------------------

Index  | Call Model | Call Actual | Put Model  | Put Actual
--------------------------------------------------------------
0      | 51.3883    | 51.7000    | 28.5523    | 29.6500   
1      | 53.1439    | 53.6500    | 24.8999    | 27.3750   
2      | 55.5507    | 56.4000    | 21.9540    | 25.3500   
3      | 58.3779    | 59.9750    | 18.8546    | 23.2750   
4      | 60.7531    | 63.1750    | 16.0375    | 21.2000   
5      | 62.9777    | 66.3250    | 13.9869    | 19.5250   
6      | 65.1464    | 69.7250    | 11.9810    | 17.7500   
7      | 67.0319    | 72.9000    | 10.2835    | 16.1500   
8      | 48.6629    | 48.7500    | 32.3818    | 31.9000   
9      | 46.3002    | 46.3750    | 36.7510    | 34.3250   

TIME TAKEN = 7298.42260 ms
Run 52

BASIC IMPLEMENTATION
--------------------------------------------------------------

Index  | Call Model | Call Actual | Put Model  | Put Actual
--------------------------------------------------------------
0      | 51.3883    | 51.7000    | 28.5523    | 29.6500   
1      | 53.1439    | 53.6500    | 24.8999    | 27.3750   
2      | 55.5507    | 56.4000    | 21.9540    | 25.3500   
3      | 58.3779    | 59.9750    | 18.8546    | 23.2750   
4      | 60.7531    | 63.1750    | 16.0375    | 21.2000   
5      | 62.9777    | 66.3250    | 13.9869    | 19.5250   
6      | 65.1464    | 69.7250    | 11.9810    | 17.7500   
7      | 67.0319    | 72.9000    | 10.2835    | 16.1500   
8      | 48.6629    | 48.7500    | 32.3818    | 31.9000   
9      | 46.3002    | 46.3750    | 36.7510    | 34.3250   

TIME TAKEN = 7292.18391 ms
Run 53

BASIC IMPLEMENTATION
--------------------------------------------------------------

Index  | Call Model | Call Actual | Put Model  | Put Actual
--------------------------------------------------------------
0      | 51.3883    | 51.7000    | 28.5523    | 29.6500   
1      | 53.1439    | 53.6500    | 24.8999    | 27.3750   
2      | 55.5507    | 56.4000    | 21.9540    | 25.3500   
3      | 58.3779    | 59.9750    | 18.8546    | 23.2750   
4      | 60.7531    | 63.1750    | 16.0375    | 21.2000   
5      | 62.9777    | 66.3250    | 13.9869    | 19.5250   
6      | 65.1464    | 69.7250    | 11.9810    | 17.7500   
7      | 67.0319    | 72.9000    | 10.2835    | 16.1500   
8      | 48.6629    | 48.7500    | 32.3818    | 31.9000   
9      | 46.3002    | 46.3750    | 36.7510    | 34.3250   

TIME TAKEN = 7258.33360 ms
Run 54

BASIC IMPLEMENTATION
--------------------------------------------------------------

Index  | Call Model | Call Actual | Put Model  | Put Actual
--------------------------------------------------------------
0      | 51.3883    | 51.7000    | 28.5523    | 29.6500   
1      | 53.1439    | 53.6500    | 24.8999    | 27.3750   
2      | 55.5507    | 56.4000    | 21.9540    | 25.3500   
3      | 58.3779    | 59.9750    | 18.8546    | 23.2750   
4      | 60.7531    | 63.1750    | 16.0375    | 21.2000   
5      | 62.9777    | 66.3250    | 13.9869    | 19.5250   
6      | 65.1464    | 69.7250    | 11.9810    | 17.7500   
7      | 67.0319    | 72.9000    | 10.2835    | 16.1500   
8      | 48.6629    | 48.7500    | 32.3818    | 31.9000   
9      | 46.3002    | 46.3750    | 36.7510    | 34.3250   

TIME TAKEN = 7294.63934 ms
Run 55

BASIC IMPLEMENTATION
--------------------------------------------------------------

Index  | Call Model | Call Actual | Put Model  | Put Actual
--------------------------------------------------------------
0      | 51.3883    | 51.7000    | 28.5523    | 29.6500   
1      | 53.1439    | 53.6500    | 24.8999    | 27.3750   
2      | 55.5507    | 56.4000    | 21.9540    | 25.3500   
3      | 58.3779    | 59.9750    | 18.8546    | 23.2750   
4      | 60.7531    | 63.1750    | 16.0375    | 21.2000   
5      | 62.9777    | 66.3250    | 13.9869    | 19.5250   
6      | 65.1464    | 69.7250    | 11.9810    | 17.7500   
7      | 67.0319    | 72.9000    | 10.2835    | 16.1500   
8      | 48.6629    | 48.7500    | 32.3818    | 31.9000   
9      | 46.3002    | 46.3750    | 36.7510    | 34.3250   

TIME TAKEN = 7325.12157 ms
Run 56

BASIC IMPLEMENTATION
--------------------------------------------------------------

Index  | Call Model | Call Actual | Put Model  | Put Actual
--------------------------------------------------------------
0      | 51.3883    | 51.7000    | 28.5523    | 29.6500   
1      | 53.1439    | 53.6500    | 24.8999    | 27.3750   
2      | 55.5507    | 56.4000    | 21.9540    | 25.3500   
3      | 58.3779    | 59.9750    | 18.8546    | 23.2750   
4      | 60.7531    | 63.1750    | 16.0375    | 21.2000   
5      | 62.9777    | 66.3250    | 13.9869    | 19.5250   
6      | 65.1464    | 69.7250    | 11.9810    | 17.7500   
7      | 67.0319    | 72.9000    | 10.2835    | 16.1500   
8      | 48.6629    | 48.7500    | 32.3818    | 31.9000   
9      | 46.3002    | 46.3750    | 36.7510    | 34.3250   

TIME TAKEN = 7319.59446 ms
Run 57

BASIC IMPLEMENTATION
--------------------------------------------------------------

Index  | Call Model | Call Actual | Put Model  | Put Actual
--------------------------------------------------------------
0      | 51.3883    | 51.7000    | 28.5523    | 29.6500   
1      | 53.1439    | 53.6500    | 24.8999    | 27.3750   
2      | 55.5507    | 56.4000    | 21.9540    | 25.3500   
3      | 58.3779    | 59.9750    | 18.8546    | 23.2750   
4      | 60.7531    | 63.1750    | 16.0375    | 21.2000   
5      | 62.9777    | 66.3250    | 13.9869    | 19.5250   
6      | 65.1464    | 69.7250    | 11.9810    | 17.7500   
7      | 67.0319    | 72.9000    | 10.2835    | 16.1500   
8      | 48.6629    | 48.7500    | 32.3818    | 31.9000   
9      | 46.3002    | 46.3750    | 36.7510    | 34.3250   

TIME TAKEN = 7286.87325 ms
Run 58

BASIC IMPLEMENTATION
--------------------------------------------------------------

Index  | Call Model | Call Actual | Put Model  | Put Actual
--------------------------------------------------------------
0      | 51.3883    | 51.7000    | 28.5523    | 29.6500   
1      | 53.1439    | 53.6500    | 24.8999    | 27.3750   
2      | 55.5507    | 56.4000    | 21.9540    | 25.3500   
3      | 58.3779    | 59.9750    | 18.8546    | 23.2750   
4      | 60.7531    | 63.1750    | 16.0375    | 21.2000   
5      | 62.9777    | 66.3250    | 13.9869    | 19.5250   
6      | 65.1464    | 69.7250    | 11.9810    | 17.7500   
7      | 67.0319    | 72.9000    | 10.2835    | 16.1500   
8      | 48.6629    | 48.7500    | 32.3818    | 31.9000   
9      | 46.3002    | 46.3750    | 36.7510    | 34.3250   

TIME TAKEN = 7298.42792 ms
Run 59

BASIC IMPLEMENTATION
--------------------------------------------------------------

Index  | Call Model | Call Actual | Put Model  | Put Actual
--------------------------------------------------------------
0      | 51.3883    | 51.7000    | 28.5523    | 29.6500   
1      | 53.1439    | 53.6500    | 24.8999    | 27.3750   
2      | 55.5507    | 56.4000    | 21.9540    | 25.3500   
3      | 58.3779    | 59.9750    | 18.8546    | 23.2750   
4      | 60.7531    | 63.1750    | 16.0375    | 21.2000   
5      | 62.9777    | 66.3250    | 13.9869    | 19.5250   
6      | 65.1464    | 69.7250    | 11.9810    | 17.7500   
7      | 67.0319    | 72.9000    | 10.2835    | 16.1500   
8      | 48.6629    | 48.7500    | 32.3818    | 31.9000   
9      | 46.3002    | 46.3750    | 36.7510    | 34.3250   

TIME TAKEN = 7307.97460 ms
Run 60

BASIC IMPLEMENTATION
--------------------------------------------------------------

Index  | Call Model | Call Actual | Put Model  | Put Actual
--------------------------------------------------------------
0      | 51.3883    | 51.7000    | 28.5523    | 29.6500   
1      | 53.1439    | 53.6500    | 24.8999    | 27.3750   
2      | 55.5507    | 56.4000    | 21.9540    | 25.3500   
3      | 58.3779    | 59.9750    | 18.8546    | 23.2750   
4      | 60.7531    | 63.1750    | 16.0375    | 21.2000   
5      | 62.9777    | 66.3250    | 13.9869    | 19.5250   
6      | 65.1464    | 69.7250    | 11.9810    | 17.7500   
7      | 67.0319    | 72.9000    | 10.2835    | 16.1500   
8      | 48.6629    | 48.7500    | 32.3818    | 31.9000   
9      | 46.3002    | 46.3750    | 36.7510    | 34.3250   

TIME TAKEN = 7302.85036 ms
Run 61

BASIC IMPLEMENTATION
--------------------------------------------------------------

Index  | Call Model | Call Actual | Put Model  | Put Actual
--------------------------------------------------------------
0      | 51.3883    | 51.7000    | 28.5523    | 29.6500   
1      | 53.1439    | 53.6500    | 24.8999    | 27.3750   
2      | 55.5507    | 56.4000    | 21.9540    | 25.3500   
3      | 58.3779    | 59.9750    | 18.8546    | 23.2750   
4      | 60.7531    | 63.1750    | 16.0375    | 21.2000   
5      | 62.9777    | 66.3250    | 13.9869    | 19.5250   
6      | 65.1464    | 69.7250    | 11.9810    | 17.7500   
7      | 67.0319    | 72.9000    | 10.2835    | 16.1500   
8      | 48.6629    | 48.7500    | 32.3818    | 31.9000   
9      | 46.3002    | 46.3750    | 36.7510    | 34.3250   

TIME TAKEN = 7290.58636 ms
Run 62

BASIC IMPLEMENTATION
--------------------------------------------------------------

Index  | Call Model | Call Actual | Put Model  | Put Actual
--------------------------------------------------------------
0      | 51.3883    | 51.7000    | 28.5523    | 29.6500   
1      | 53.1439    | 53.6500    | 24.8999    | 27.3750   
2      | 55.5507    | 56.4000    | 21.9540    | 25.3500   
3      | 58.3779    | 59.9750    | 18.8546    | 23.2750   
4      | 60.7531    | 63.1750    | 16.0375    | 21.2000   
5      | 62.9777    | 66.3250    | 13.9869    | 19.5250   
6      | 65.1464    | 69.7250    | 11.9810    | 17.7500   
7      | 67.0319    | 72.9000    | 10.2835    | 16.1500   
8      | 48.6629    | 48.7500    | 32.3818    | 31.9000   
9      | 46.3002    | 46.3750    | 36.7510    | 34.3250   

TIME TAKEN = 7255.43500 ms
Run 63

BASIC IMPLEMENTATION
--------------------------------------------------------------

Index  | Call Model | Call Actual | Put Model  | Put Actual
--------------------------------------------------------------
0      | 51.3883    | 51.7000    | 28.5523    | 29.6500   
1      | 53.1439    | 53.6500    | 24.8999    | 27.3750   
2      | 55.5507    | 56.4000    | 21.9540    | 25.3500   
3      | 58.3779    | 59.9750    | 18.8546    | 23.2750   
4      | 60.7531    | 63.1750    | 16.0375    | 21.2000   
5      | 62.9777    | 66.3250    | 13.9869    | 19.5250   
6      | 65.1464    | 69.7250    | 11.9810    | 17.7500   
7      | 67.0319    | 72.9000    | 10.2835    | 16.1500   
8      | 48.6629    | 48.7500    | 32.3818    | 31.9000   
9      | 46.3002    | 46.3750    | 36.7510    | 34.3250   

TIME TAKEN = 7306.00365 ms
Run 64

BASIC IMPLEMENTATION
--------------------------------------------------------------

Index  | Call Model | Call Actual | Put Model  | Put Actual
--------------------------------------------------------------
0      | 51.3883    | 51.7000    | 28.5523    | 29.6500   
1      | 53.1439    | 53.6500    | 24.8999    | 27.3750   
2      | 55.5507    | 56.4000    | 21.9540    | 25.3500   
3      | 58.3779    | 59.9750    | 18.8546    | 23.2750   
4      | 60.7531    | 63.1750    | 16.0375    | 21.2000   
5      | 62.9777    | 66.3250    | 13.9869    | 19.5250   
6      | 65.1464    | 69.7250    | 11.9810    | 17.7500   
7      | 67.0319    | 72.9000    | 10.2835    | 16.1500   
8      | 48.6629    | 48.7500    | 32.3818    | 31.9000   
9      | 46.3002    | 46.3750    | 36.7510    | 34.3250   

TIME TAKEN = 7279.14797 ms
Run 65

BASIC IMPLEMENTATION
--------------------------------------------------------------

Index  | Call Model | Call Actual | Put Model  | Put Actual
--------------------------------------------------------------
0      | 51.3883    | 51.7000    | 28.5523    | 29.6500   
1      | 53.1439    | 53.6500    | 24.8999    | 27.3750   
2      | 55.5507    | 56.4000    | 21.9540    | 25.3500   
3      | 58.3779    | 59.9750    | 18.8546    | 23.2750   
4      | 60.7531    | 63.1750    | 16.0375    | 21.2000   
5      | 62.9777    | 66.3250    | 13.9869    | 19.5250   
6      | 65.1464    | 69.7250    | 11.9810    | 17.7500   
7      | 67.0319    | 72.9000    | 10.2835    | 16.1500   
8      | 48.6629    | 48.7500    | 32.3818    | 31.9000   
9      | 46.3002    | 46.3750    | 36.7510    | 34.3250   

TIME TAKEN = 7282.39485 ms
Run 66

BASIC IMPLEMENTATION
--------------------------------------------------------------

Index  | Call Model | Call Actual | Put Model  | Put Actual
--------------------------------------------------------------
0      | 51.3883    | 51.7000    | 28.5523    | 29.6500   
1      | 53.1439    | 53.6500    | 24.8999    | 27.3750   
2      | 55.5507    | 56.4000    | 21.9540    | 25.3500   
3      | 58.3779    | 59.9750    | 18.8546    | 23.2750   
4      | 60.7531    | 63.1750    | 16.0375    | 21.2000   
5      | 62.9777    | 66.3250    | 13.9869    | 19.5250   
6      | 65.1464    | 69.7250    | 11.9810    | 17.7500   
7      | 67.0319    | 72.9000    | 10.2835    | 16.1500   
8      | 48.6629    | 48.7500    | 32.3818    | 31.9000   
9      | 46.3002    | 46.3750    | 36.7510    | 34.3250   

TIME TAKEN = 7294.73742 ms
Run 67

BASIC IMPLEMENTATION
--------------------------------------------------------------

Index  | Call Model | Call Actual | Put Model  | Put Actual
--------------------------------------------------------------
0      | 51.3883    | 51.7000    | 28.5523    | 29.6500   
1      | 53.1439    | 53.6500    | 24.8999    | 27.3750   
2      | 55.5507    | 56.4000    | 21.9540    | 25.3500   
3      | 58.3779    | 59.9750    | 18.8546    | 23.2750   
4      | 60.7531    | 63.1750    | 16.0375    | 21.2000   
5      | 62.9777    | 66.3250    | 13.9869    | 19.5250   
6      | 65.1464    | 69.7250    | 11.9810    | 17.7500   
7      | 67.0319    | 72.9000    | 10.2835    | 16.1500   
8      | 48.6629    | 48.7500    | 32.3818    | 31.9000   
9      | 46.3002    | 46.3750    | 36.7510    | 34.3250   

TIME TAKEN = 7306.21082 ms
Run 68

BASIC IMPLEMENTATION
--------------------------------------------------------------

Index  | Call Model | Call Actual | Put Model  | Put Actual
--------------------------------------------------------------
0      | 51.3883    | 51.7000    | 28.5523    | 29.6500   
1      | 53.1439    | 53.6500    | 24.8999    | 27.3750   
2      | 55.5507    | 56.4000    | 21.9540    | 25.3500   
3      | 58.3779    | 59.9750    | 18.8546    | 23.2750   
4      | 60.7531    | 63.1750    | 16.0375    | 21.2000   
5      | 62.9777    | 66.3250    | 13.9869    | 19.5250   
6      | 65.1464    | 69.7250    | 11.9810    | 17.7500   
7      | 67.0319    | 72.9000    | 10.2835    | 16.1500   
8      | 48.6629    | 48.7500    | 32.3818    | 31.9000   
9      | 46.3002    | 46.3750    | 36.7510    | 34.3250   

TIME TAKEN = 7270.45706 ms
Run 69

BASIC IMPLEMENTATION
--------------------------------------------------------------

Index  | Call Model | Call Actual | Put Model  | Put Actual
--------------------------------------------------------------
0      | 51.3883    | 51.7000    | 28.5523    | 29.6500   
1      | 53.1439    | 53.6500    | 24.8999    | 27.3750   
2      | 55.5507    | 56.4000    | 21.9540    | 25.3500   
3      | 58.3779    | 59.9750    | 18.8546    | 23.2750   
4      | 60.7531    | 63.1750    | 16.0375    | 21.2000   
5      | 62.9777    | 66.3250    | 13.9869    | 19.5250   
6      | 65.1464    | 69.7250    | 11.9810    | 17.7500   
7      | 67.0319    | 72.9000    | 10.2835    | 16.1500   
8      | 48.6629    | 48.7500    | 32.3818    | 31.9000   
9      | 46.3002    | 46.3750    | 36.7510    | 34.3250   

TIME TAKEN = 7304.87108 ms
Run 70

BASIC IMPLEMENTATION
--------------------------------------------------------------

Index  | Call Model | Call Actual | Put Model  | Put Actual
--------------------------------------------------------------
0      | 51.3883    | 51.7000    | 28.5523    | 29.6500   
1      | 53.1439    | 53.6500    | 24.8999    | 27.3750   
2      | 55.5507    | 56.4000    | 21.9540    | 25.3500   
3      | 58.3779    | 59.9750    | 18.8546    | 23.2750   
4      | 60.7531    | 63.1750    | 16.0375    | 21.2000   
5      | 62.9777    | 66.3250    | 13.9869    | 19.5250   
6      | 65.1464    | 69.7250    | 11.9810    | 17.7500   
7      | 67.0319    | 72.9000    | 10.2835    | 16.1500   
8      | 48.6629    | 48.7500    | 32.3818    | 31.9000   
9      | 46.3002    | 46.3750    | 36.7510    | 34.3250   

TIME TAKEN = 7308.49664 ms
Run 71

BASIC IMPLEMENTATION
--------------------------------------------------------------

Index  | Call Model | Call Actual | Put Model  | Put Actual
--------------------------------------------------------------
0      | 51.3883    | 51.7000    | 28.5523    | 29.6500   
1      | 53.1439    | 53.6500    | 24.8999    | 27.3750   
2      | 55.5507    | 56.4000    | 21.9540    | 25.3500   
3      | 58.3779    | 59.9750    | 18.8546    | 23.2750   
4      | 60.7531    | 63.1750    | 16.0375    | 21.2000   
5      | 62.9777    | 66.3250    | 13.9869    | 19.5250   
6      | 65.1464    | 69.7250    | 11.9810    | 17.7500   
7      | 67.0319    | 72.9000    | 10.2835    | 16.1500   
8      | 48.6629    | 48.7500    | 32.3818    | 31.9000   
9      | 46.3002    | 46.3750    | 36.7510    | 34.3250   

TIME TAKEN = 7289.90879 ms
Run 72

BASIC IMPLEMENTATION
--------------------------------------------------------------

Index  | Call Model | Call Actual | Put Model  | Put Actual
--------------------------------------------------------------
0      | 51.3883    | 51.7000    | 28.5523    | 29.6500   
1      | 53.1439    | 53.6500    | 24.8999    | 27.3750   
2      | 55.5507    | 56.4000    | 21.9540    | 25.3500   
3      | 58.3779    | 59.9750    | 18.8546    | 23.2750   
4      | 60.7531    | 63.1750    | 16.0375    | 21.2000   
5      | 62.9777    | 66.3250    | 13.9869    | 19.5250   
6      | 65.1464    | 69.7250    | 11.9810    | 17.7500   
7      | 67.0319    | 72.9000    | 10.2835    | 16.1500   
8      | 48.6629    | 48.7500    | 32.3818    | 31.9000   
9      | 46.3002    | 46.3750    | 36.7510    | 34.3250   

TIME TAKEN = 7298.13470 ms
Run 73

BASIC IMPLEMENTATION
--------------------------------------------------------------

Index  | Call Model | Call Actual | Put Model  | Put Actual
--------------------------------------------------------------
0      | 51.3883    | 51.7000    | 28.5523    | 29.6500   
1      | 53.1439    | 53.6500    | 24.8999    | 27.3750   
2      | 55.5507    | 56.4000    | 21.9540    | 25.3500   
3      | 58.3779    | 59.9750    | 18.8546    | 23.2750   
4      | 60.7531    | 63.1750    | 16.0375    | 21.2000   
5      | 62.9777    | 66.3250    | 13.9869    | 19.5250   
6      | 65.1464    | 69.7250    | 11.9810    | 17.7500   
7      | 67.0319    | 72.9000    | 10.2835    | 16.1500   
8      | 48.6629    | 48.7500    | 32.3818    | 31.9000   
9      | 46.3002    | 46.3750    | 36.7510    | 34.3250   

TIME TAKEN = 7295.09379 ms
Run 74

BASIC IMPLEMENTATION
--------------------------------------------------------------

Index  | Call Model | Call Actual | Put Model  | Put Actual
--------------------------------------------------------------
0      | 51.3883    | 51.7000    | 28.5523    | 29.6500   
1      | 53.1439    | 53.6500    | 24.8999    | 27.3750   
2      | 55.5507    | 56.4000    | 21.9540    | 25.3500   
3      | 58.3779    | 59.9750    | 18.8546    | 23.2750   
4      | 60.7531    | 63.1750    | 16.0375    | 21.2000   
5      | 62.9777    | 66.3250    | 13.9869    | 19.5250   
6      | 65.1464    | 69.7250    | 11.9810    | 17.7500   
7      | 67.0319    | 72.9000    | 10.2835    | 16.1500   
8      | 48.6629    | 48.7500    | 32.3818    | 31.9000   
9      | 46.3002    | 46.3750    | 36.7510    | 34.3250   

TIME TAKEN = 7356.84353 ms
Run 75

BASIC IMPLEMENTATION
--------------------------------------------------------------

Index  | Call Model | Call Actual | Put Model  | Put Actual
--------------------------------------------------------------
0      | 51.3883    | 51.7000    | 28.5523    | 29.6500   
1      | 53.1439    | 53.6500    | 24.8999    | 27.3750   
2      | 55.5507    | 56.4000    | 21.9540    | 25.3500   
3      | 58.3779    | 59.9750    | 18.8546    | 23.2750   
4      | 60.7531    | 63.1750    | 16.0375    | 21.2000   
5      | 62.9777    | 66.3250    | 13.9869    | 19.5250   
6      | 65.1464    | 69.7250    | 11.9810    | 17.7500   
7      | 67.0319    | 72.9000    | 10.2835    | 16.1500   
8      | 48.6629    | 48.7500    | 32.3818    | 31.9000   
9      | 46.3002    | 46.3750    | 36.7510    | 34.3250   

TIME TAKEN = 7369.09329 ms
Run 76

BASIC IMPLEMENTATION
--------------------------------------------------------------

Index  | Call Model | Call Actual | Put Model  | Put Actual
--------------------------------------------------------------
0      | 51.3883    | 51.7000    | 28.5523    | 29.6500   
1      | 53.1439    | 53.6500    | 24.8999    | 27.3750   
2      | 55.5507    | 56.4000    | 21.9540    | 25.3500   
3      | 58.3779    | 59.9750    | 18.8546    | 23.2750   
4      | 60.7531    | 63.1750    | 16.0375    | 21.2000   
5      | 62.9777    | 66.3250    | 13.9869    | 19.5250   
6      | 65.1464    | 69.7250    | 11.9810    | 17.7500   
7      | 67.0319    | 72.9000    | 10.2835    | 16.1500   
8      | 48.6629    | 48.7500    | 32.3818    | 31.9000   
9      | 46.3002    | 46.3750    | 36.7510    | 34.3250   

TIME TAKEN = 7406.80625 ms
Run 77

BASIC IMPLEMENTATION
--------------------------------------------------------------

Index  | Call Model | Call Actual | Put Model  | Put Actual
--------------------------------------------------------------
0      | 51.3883    | 51.7000    | 28.5523    | 29.6500   
1      | 53.1439    | 53.6500    | 24.8999    | 27.3750   
2      | 55.5507    | 56.4000    | 21.9540    | 25.3500   
3      | 58.3779    | 59.9750    | 18.8546    | 23.2750   
4      | 60.7531    | 63.1750    | 16.0375    | 21.2000   
5      | 62.9777    | 66.3250    | 13.9869    | 19.5250   
6      | 65.1464    | 69.7250    | 11.9810    | 17.7500   
7      | 67.0319    | 72.9000    | 10.2835    | 16.1500   
8      | 48.6629    | 48.7500    | 32.3818    | 31.9000   
9      | 46.3002    | 46.3750    | 36.7510    | 34.3250   

TIME TAKEN = 7326.52387 ms
Run 78

BASIC IMPLEMENTATION
--------------------------------------------------------------

Index  | Call Model | Call Actual | Put Model  | Put Actual
--------------------------------------------------------------
0      | 51.3883    | 51.7000    | 28.5523    | 29.6500   
1      | 53.1439    | 53.6500    | 24.8999    | 27.3750   
2      | 55.5507    | 56.4000    | 21.9540    | 25.3500   
3      | 58.3779    | 59.9750    | 18.8546    | 23.2750   
4      | 60.7531    | 63.1750    | 16.0375    | 21.2000   
5      | 62.9777    | 66.3250    | 13.9869    | 19.5250   
6      | 65.1464    | 69.7250    | 11.9810    | 17.7500   
7      | 67.0319    | 72.9000    | 10.2835    | 16.1500   
8      | 48.6629    | 48.7500    | 32.3818    | 31.9000   
9      | 46.3002    | 46.3750    | 36.7510    | 34.3250   

TIME TAKEN = 7271.00680 ms
Run 79

BASIC IMPLEMENTATION
--------------------------------------------------------------

Index  | Call Model | Call Actual | Put Model  | Put Actual
--------------------------------------------------------------
0      | 51.3883    | 51.7000    | 28.5523    | 29.6500   
1      | 53.1439    | 53.6500    | 24.8999    | 27.3750   
2      | 55.5507    | 56.4000    | 21.9540    | 25.3500   
3      | 58.3779    | 59.9750    | 18.8546    | 23.2750   
4      | 60.7531    | 63.1750    | 16.0375    | 21.2000   
5      | 62.9777    | 66.3250    | 13.9869    | 19.5250   
6      | 65.1464    | 69.7250    | 11.9810    | 17.7500   
7      | 67.0319    | 72.9000    | 10.2835    | 16.1500   
8      | 48.6629    | 48.7500    | 32.3818    | 31.9000   
9      | 46.3002    | 46.3750    | 36.7510    | 34.3250   

TIME TAKEN = 7259.44622 ms
Run 80

BASIC IMPLEMENTATION
--------------------------------------------------------------

Index  | Call Model | Call Actual | Put Model  | Put Actual
--------------------------------------------------------------
0      | 51.3883    | 51.7000    | 28.5523    | 29.6500   
1      | 53.1439    | 53.6500    | 24.8999    | 27.3750   
2      | 55.5507    | 56.4000    | 21.9540    | 25.3500   
3      | 58.3779    | 59.9750    | 18.8546    | 23.2750   
4      | 60.7531    | 63.1750    | 16.0375    | 21.2000   
5      | 62.9777    | 66.3250    | 13.9869    | 19.5250   
6      | 65.1464    | 69.7250    | 11.9810    | 17.7500   
7      | 67.0319    | 72.9000    | 10.2835    | 16.1500   
8      | 48.6629    | 48.7500    | 32.3818    | 31.9000   
9      | 46.3002    | 46.3750    | 36.7510    | 34.3250   

TIME TAKEN = 7292.28242 ms
Run 81

BASIC IMPLEMENTATION
--------------------------------------------------------------

Index  | Call Model | Call Actual | Put Model  | Put Actual
--------------------------------------------------------------
0      | 51.3883    | 51.7000    | 28.5523    | 29.6500   
1      | 53.1439    | 53.6500    | 24.8999    | 27.3750   
2      | 55.5507    | 56.4000    | 21.9540    | 25.3500   
3      | 58.3779    | 59.9750    | 18.8546    | 23.2750   
4      | 60.7531    | 63.1750    | 16.0375    | 21.2000   
5      | 62.9777    | 66.3250    | 13.9869    | 19.5250   
6      | 65.1464    | 69.7250    | 11.9810    | 17.7500   
7      | 67.0319    | 72.9000    | 10.2835    | 16.1500   
8      | 48.6629    | 48.7500    | 32.3818    | 31.9000   
9      | 46.3002    | 46.3750    | 36.7510    | 34.3250   

TIME TAKEN = 7257.42833 ms
Run 82

BASIC IMPLEMENTATION
--------------------------------------------------------------

Index  | Call Model | Call Actual | Put Model  | Put Actual
--------------------------------------------------------------
0      | 51.3883    | 51.7000    | 28.5523    | 29.6500   
1      | 53.1439    | 53.6500    | 24.8999    | 27.3750   
2      | 55.5507    | 56.4000    | 21.9540    | 25.3500   
3      | 58.3779    | 59.9750    | 18.8546    | 23.2750   
4      | 60.7531    | 63.1750    | 16.0375    | 21.2000   
5      | 62.9777    | 66.3250    | 13.9869    | 19.5250   
6      | 65.1464    | 69.7250    | 11.9810    | 17.7500   
7      | 67.0319    | 72.9000    | 10.2835    | 16.1500   
8      | 48.6629    | 48.7500    | 32.3818    | 31.9000   
9      | 46.3002    | 46.3750    | 36.7510    | 34.3250   

TIME TAKEN = 7276.81429 ms
Run 83

BASIC IMPLEMENTATION
--------------------------------------------------------------

Index  | Call Model | Call Actual | Put Model  | Put Actual
--------------------------------------------------------------
0      | 51.3883    | 51.7000    | 28.5523    | 29.6500   
1      | 53.1439    | 53.6500    | 24.8999    | 27.3750   
2      | 55.5507    | 56.4000    | 21.9540    | 25.3500   
3      | 58.3779    | 59.9750    | 18.8546    | 23.2750   
4      | 60.7531    | 63.1750    | 16.0375    | 21.2000   
5      | 62.9777    | 66.3250    | 13.9869    | 19.5250   
6      | 65.1464    | 69.7250    | 11.9810    | 17.7500   
7      | 67.0319    | 72.9000    | 10.2835    | 16.1500   
8      | 48.6629    | 48.7500    | 32.3818    | 31.9000   
9      | 46.3002    | 46.3750    | 36.7510    | 34.3250   

TIME TAKEN = 7292.66185 ms
Run 84

BASIC IMPLEMENTATION
--------------------------------------------------------------

Index  | Call Model | Call Actual | Put Model  | Put Actual
--------------------------------------------------------------
0      | 51.3883    | 51.7000    | 28.5523    | 29.6500   
1      | 53.1439    | 53.6500    | 24.8999    | 27.3750   
2      | 55.5507    | 56.4000    | 21.9540    | 25.3500   
3      | 58.3779    | 59.9750    | 18.8546    | 23.2750   
4      | 60.7531    | 63.1750    | 16.0375    | 21.2000   
5      | 62.9777    | 66.3250    | 13.9869    | 19.5250   
6      | 65.1464    | 69.7250    | 11.9810    | 17.7500   
7      | 67.0319    | 72.9000    | 10.2835    | 16.1500   
8      | 48.6629    | 48.7500    | 32.3818    | 31.9000   
9      | 46.3002    | 46.3750    | 36.7510    | 34.3250   

TIME TAKEN = 7321.81470 ms
Run 85

BASIC IMPLEMENTATION
--------------------------------------------------------------

Index  | Call Model | Call Actual | Put Model  | Put Actual
--------------------------------------------------------------
0      | 51.3883    | 51.7000    | 28.5523    | 29.6500   
1      | 53.1439    | 53.6500    | 24.8999    | 27.3750   
2      | 55.5507    | 56.4000    | 21.9540    | 25.3500   
3      | 58.3779    | 59.9750    | 18.8546    | 23.2750   
4      | 60.7531    | 63.1750    | 16.0375    | 21.2000   
5      | 62.9777    | 66.3250    | 13.9869    | 19.5250   
6      | 65.1464    | 69.7250    | 11.9810    | 17.7500   
7      | 67.0319    | 72.9000    | 10.2835    | 16.1500   
8      | 48.6629    | 48.7500    | 32.3818    | 31.9000   
9      | 46.3002    | 46.3750    | 36.7510    | 34.3250   

TIME TAKEN = 7299.82306 ms
Run 86

BASIC IMPLEMENTATION
--------------------------------------------------------------

Index  | Call Model | Call Actual | Put Model  | Put Actual
--------------------------------------------------------------
0      | 51.3883    | 51.7000    | 28.5523    | 29.6500   
1      | 53.1439    | 53.6500    | 24.8999    | 27.3750   
2      | 55.5507    | 56.4000    | 21.9540    | 25.3500   
3      | 58.3779    | 59.9750    | 18.8546    | 23.2750   
4      | 60.7531    | 63.1750    | 16.0375    | 21.2000   
5      | 62.9777    | 66.3250    | 13.9869    | 19.5250   
6      | 65.1464    | 69.7250    | 11.9810    | 17.7500   
7      | 67.0319    | 72.9000    | 10.2835    | 16.1500   
8      | 48.6629    | 48.7500    | 32.3818    | 31.9000   
9      | 46.3002    | 46.3750    | 36.7510    | 34.3250   

TIME TAKEN = 7294.01595 ms
Run 87

BASIC IMPLEMENTATION
--------------------------------------------------------------

Index  | Call Model | Call Actual | Put Model  | Put Actual
--------------------------------------------------------------
0      | 51.3883    | 51.7000    | 28.5523    | 29.6500   
1      | 53.1439    | 53.6500    | 24.8999    | 27.3750   
2      | 55.5507    | 56.4000    | 21.9540    | 25.3500   
3      | 58.3779    | 59.9750    | 18.8546    | 23.2750   
4      | 60.7531    | 63.1750    | 16.0375    | 21.2000   
5      | 62.9777    | 66.3250    | 13.9869    | 19.5250   
6      | 65.1464    | 69.7250    | 11.9810    | 17.7500   
7      | 67.0319    | 72.9000    | 10.2835    | 16.1500   
8      | 48.6629    | 48.7500    | 32.3818    | 31.9000   
9      | 46.3002    | 46.3750    | 36.7510    | 34.3250   

TIME TAKEN = 7281.44733 ms
Run 88

BASIC IMPLEMENTATION
--------------------------------------------------------------

Index  | Call Model | Call Actual | Put Model  | Put Actual
--------------------------------------------------------------
0      | 51.3883    | 51.7000    | 28.5523    | 29.6500   
1      | 53.1439    | 53.6500    | 24.8999    | 27.3750   
2      | 55.5507    | 56.4000    | 21.9540    | 25.3500   
3      | 58.3779    | 59.9750    | 18.8546    | 23.2750   
4      | 60.7531    | 63.1750    | 16.0375    | 21.2000   
5      | 62.9777    | 66.3250    | 13.9869    | 19.5250   
6      | 65.1464    | 69.7250    | 11.9810    | 17.7500   
7      | 67.0319    | 72.9000    | 10.2835    | 16.1500   
8      | 48.6629    | 48.7500    | 32.3818    | 31.9000   
9      | 46.3002    | 46.3750    | 36.7510    | 34.3250   

TIME TAKEN = 7291.72910 ms
Run 89

BASIC IMPLEMENTATION
--------------------------------------------------------------

Index  | Call Model | Call Actual | Put Model  | Put Actual
--------------------------------------------------------------
0      | 51.3883    | 51.7000    | 28.5523    | 29.6500   
1      | 53.1439    | 53.6500    | 24.8999    | 27.3750   
2      | 55.5507    | 56.4000    | 21.9540    | 25.3500   
3      | 58.3779    | 59.9750    | 18.8546    | 23.2750   
4      | 60.7531    | 63.1750    | 16.0375    | 21.2000   
5      | 62.9777    | 66.3250    | 13.9869    | 19.5250   
6      | 65.1464    | 69.7250    | 11.9810    | 17.7500   
7      | 67.0319    | 72.9000    | 10.2835    | 16.1500   
8      | 48.6629    | 48.7500    | 32.3818    | 31.9000   
9      | 46.3002    | 46.3750    | 36.7510    | 34.3250   

TIME TAKEN = 7440.35874 ms
Run 90

BASIC IMPLEMENTATION
--------------------------------------------------------------

Index  | Call Model | Call Actual | Put Model  | Put Actual
--------------------------------------------------------------
0      | 51.3883    | 51.7000    | 28.5523    | 29.6500   
1      | 53.1439    | 53.6500    | 24.8999    | 27.3750   
2      | 55.5507    | 56.4000    | 21.9540    | 25.3500   
3      | 58.3779    | 59.9750    | 18.8546    | 23.2750   
4      | 60.7531    | 63.1750    | 16.0375    | 21.2000   
5      | 62.9777    | 66.3250    | 13.9869    | 19.5250   
6      | 65.1464    | 69.7250    | 11.9810    | 17.7500   
7      | 67.0319    | 72.9000    | 10.2835    | 16.1500   
8      | 48.6629    | 48.7500    | 32.3818    | 31.9000   
9      | 46.3002    | 46.3750    | 36.7510    | 34.3250   

TIME TAKEN = 7431.36375 ms
Run 91

BASIC IMPLEMENTATION
--------------------------------------------------------------

Index  | Call Model | Call Actual | Put Model  | Put Actual
--------------------------------------------------------------
0      | 51.3883    | 51.7000    | 28.5523    | 29.6500   
1      | 53.1439    | 53.6500    | 24.8999    | 27.3750   
2      | 55.5507    | 56.4000    | 21.9540    | 25.3500   
3      | 58.3779    | 59.9750    | 18.8546    | 23.2750   
4      | 60.7531    | 63.1750    | 16.0375    | 21.2000   
5      | 62.9777    | 66.3250    | 13.9869    | 19.5250   
6      | 65.1464    | 69.7250    | 11.9810    | 17.7500   
7      | 67.0319    | 72.9000    | 10.2835    | 16.1500   
8      | 48.6629    | 48.7500    | 32.3818    | 31.9000   
9      | 46.3002    | 46.3750    | 36.7510    | 34.3250   

TIME TAKEN = 7466.13918 ms
Run 92

BASIC IMPLEMENTATION
--------------------------------------------------------------

Index  | Call Model | Call Actual | Put Model  | Put Actual
--------------------------------------------------------------
0      | 51.3883    | 51.7000    | 28.5523    | 29.6500   
1      | 53.1439    | 53.6500    | 24.8999    | 27.3750   
2      | 55.5507    | 56.4000    | 21.9540    | 25.3500   
3      | 58.3779    | 59.9750    | 18.8546    | 23.2750   
4      | 60.7531    | 63.1750    | 16.0375    | 21.2000   
5      | 62.9777    | 66.3250    | 13.9869    | 19.5250   
6      | 65.1464    | 69.7250    | 11.9810    | 17.7500   
7      | 67.0319    | 72.9000    | 10.2835    | 16.1500   
8      | 48.6629    | 48.7500    | 32.3818    | 31.9000   
9      | 46.3002    | 46.3750    | 36.7510    | 34.3250   

TIME TAKEN = 7238.86454 ms
Run 93

BASIC IMPLEMENTATION
--------------------------------------------------------------

Index  | Call Model | Call Actual | Put Model  | Put Actual
--------------------------------------------------------------
0      | 51.3883    | 51.7000    | 28.5523    | 29.6500   
1      | 53.1439    | 53.6500    | 24.8999    | 27.3750   
2      | 55.5507    | 56.4000    | 21.9540    | 25.3500   
3      | 58.3779    | 59.9750    | 18.8546    | 23.2750   
4      | 60.7531    | 63.1750    | 16.0375    | 21.2000   
5      | 62.9777    | 66.3250    | 13.9869    | 19.5250   
6      | 65.1464    | 69.7250    | 11.9810    | 17.7500   
7      | 67.0319    | 72.9000    | 10.2835    | 16.1500   
8      | 48.6629    | 48.7500    | 32.3818    | 31.9000   
9      | 46.3002    | 46.3750    | 36.7510    | 34.3250   

TIME TAKEN = 7253.00934 ms
Run 94

BASIC IMPLEMENTATION
--------------------------------------------------------------

Index  | Call Model | Call Actual | Put Model  | Put Actual
--------------------------------------------------------------
0      | 51.3883    | 51.7000    | 28.5523    | 29.6500   
1      | 53.1439    | 53.6500    | 24.8999    | 27.3750   
2      | 55.5507    | 56.4000    | 21.9540    | 25.3500   
3      | 58.3779    | 59.9750    | 18.8546    | 23.2750   
4      | 60.7531    | 63.1750    | 16.0375    | 21.2000   
5      | 62.9777    | 66.3250    | 13.9869    | 19.5250   
6      | 65.1464    | 69.7250    | 11.9810    | 17.7500   
7      | 67.0319    | 72.9000    | 10.2835    | 16.1500   
8      | 48.6629    | 48.7500    | 32.3818    | 31.9000   
9      | 46.3002    | 46.3750    | 36.7510    | 34.3250   

TIME TAKEN = 7249.09613 ms
Run 95

BASIC IMPLEMENTATION
--------------------------------------------------------------

Index  | Call Model | Call Actual | Put Model  | Put Actual
--------------------------------------------------------------
0      | 51.3883    | 51.7000    | 28.5523    | 29.6500   
1      | 53.1439    | 53.6500    | 24.8999    | 27.3750   
2      | 55.5507    | 56.4000    | 21.9540    | 25.3500   
3      | 58.3779    | 59.9750    | 18.8546    | 23.2750   
4      | 60.7531    | 63.1750    | 16.0375    | 21.2000   
5      | 62.9777    | 66.3250    | 13.9869    | 19.5250   
6      | 65.1464    | 69.7250    | 11.9810    | 17.7500   
7      | 67.0319    | 72.9000    | 10.2835    | 16.1500   
8      | 48.6629    | 48.7500    | 32.3818    | 31.9000   
9      | 46.3002    | 46.3750    | 36.7510    | 34.3250   

TIME TAKEN = 7284.93802 ms
Run 96

BASIC IMPLEMENTATION
--------------------------------------------------------------

Index  | Call Model | Call Actual | Put Model  | Put Actual
--------------------------------------------------------------
0      | 51.3883    | 51.7000    | 28.5523    | 29.6500   
1      | 53.1439    | 53.6500    | 24.8999    | 27.3750   
2      | 55.5507    | 56.4000    | 21.9540    | 25.3500   
3      | 58.3779    | 59.9750    | 18.8546    | 23.2750   
4      | 60.7531    | 63.1750    | 16.0375    | 21.2000   
5      | 62.9777    | 66.3250    | 13.9869    | 19.5250   
6      | 65.1464    | 69.7250    | 11.9810    | 17.7500   
7      | 67.0319    | 72.9000    | 10.2835    | 16.1500   
8      | 48.6629    | 48.7500    | 32.3818    | 31.9000   
9      | 46.3002    | 46.3750    | 36.7510    | 34.3250   

TIME TAKEN = 7286.47856 ms
Run 97

BASIC IMPLEMENTATION
--------------------------------------------------------------

Index  | Call Model | Call Actual | Put Model  | Put Actual
--------------------------------------------------------------
0      | 51.3883    | 51.7000    | 28.5523    | 29.6500   
1      | 53.1439    | 53.6500    | 24.8999    | 27.3750   
2      | 55.5507    | 56.4000    | 21.9540    | 25.3500   
3      | 58.3779    | 59.9750    | 18.8546    | 23.2750   
4      | 60.7531    | 63.1750    | 16.0375    | 21.2000   
5      | 62.9777    | 66.3250    | 13.9869    | 19.5250   
6      | 65.1464    | 69.7250    | 11.9810    | 17.7500   
7      | 67.0319    | 72.9000    | 10.2835    | 16.1500   
8      | 48.6629    | 48.7500    | 32.3818    | 31.9000   
9      | 46.3002    | 46.3750    | 36.7510    | 34.3250   

TIME TAKEN = 7257.08862 ms
Run 98

BASIC IMPLEMENTATION
--------------------------------------------------------------

Index  | Call Model | Call Actual | Put Model  | Put Actual
--------------------------------------------------------------
0      | 51.3883    | 51.7000    | 28.5523    | 29.6500   
1      | 53.1439    | 53.6500    | 24.8999    | 27.3750   
2      | 55.5507    | 56.4000    | 21.9540    | 25.3500   
3      | 58.3779    | 59.9750    | 18.8546    | 23.2750   
4      | 60.7531    | 63.1750    | 16.0375    | 21.2000   
5      | 62.9777    | 66.3250    | 13.9869    | 19.5250   
6      | 65.1464    | 69.7250    | 11.9810    | 17.7500   
7      | 67.0319    | 72.9000    | 10.2835    | 16.1500   
8      | 48.6629    | 48.7500    | 32.3818    | 31.9000   
9      | 46.3002    | 46.3750    | 36.7510    | 34.3250   

TIME TAKEN = 7272.83043 ms
Run 99

BASIC IMPLEMENTATION
--------------------------------------------------------------

Index  | Call Model | Call Actual | Put Model  | Put Actual
--------------------------------------------------------------
0      | 51.3883    | 51.7000    | 28.5523    | 29.6500   
1      | 53.1439    | 53.6500    | 24.8999    | 27.3750   
2      | 55.5507    | 56.4000    | 21.9540    | 25.3500   
3      | 58.3779    | 59.9750    | 18.8546    | 23.2750   
4      | 60.7531    | 63.1750    | 16.0375    | 21.2000   
5      | 62.9777    | 66.3250    | 13.9869    | 19.5250   
6      | 65.1464    | 69.7250    | 11.9810    | 17.7500   
7      | 67.0319    | 72.9000    | 10.2835    | 16.1500   
8      | 48.6629    | 48.7500    | 32.3818    | 31.9000   
9      | 46.3002    | 46.3750    | 36.7510    | 34.3250   

TIME TAKEN = 7292.90392 ms
Run 100

BASIC IMPLEMENTATION
--------------------------------------------------------------

Index  | Call Model | Call Actual | Put Model  | Put Actual
--------------------------------------------------------------
0      | 51.3883    | 51.7000    | 28.5523    | 29.6500   
1      | 53.1439    | 53.6500    | 24.8999    | 27.3750   
2      | 55.5507    | 56.4000    | 21.9540    | 25.3500   
3      | 58.3779    | 59.9750    | 18.8546    | 23.2750   
4      | 60.7531    | 63.1750    | 16.0375    | 21.2000   
5      | 62.9777    | 66.3250    | 13.9869    | 19.5250   
6      | 65.1464    | 69.7250    | 11.9810    | 17.7500   
7      | 67.0319    | 72.9000    | 10.2835    | 16.1500   
8      | 48.6629    | 48.7500    | 32.3818    | 31.9000   
9      | 46.3002    | 46.3750    | 36.7510    | 34.3250   

TIME TAKEN = 7294.86690 ms
Benchmarking: bin/black_scholes_base
Run 1

BASIC IMPLEMENTATION
--------------------------------------------------------------

Index  | Call Model | Call Actual | Put Model  | Put Actual
--------------------------------------------------------------
0      | 51.3883    | 51.7000    | 28.5523    | 29.6500   
1      | 53.1439    | 53.6500    | 24.8999    | 27.3750   
2      | 55.5507    | 56.4000    | 21.9540    | 25.3500   
3      | 58.3779    | 59.9750    | 18.8546    | 23.2750   
4      | 60.7531    | 63.1750    | 16.0375    | 21.2000   
5      | 62.9777    | 66.3250    | 13.9869    | 19.5250   
6      | 65.1464    | 69.7250    | 11.9810    | 17.7500   
7      | 67.0319    | 72.9000    | 10.2835    | 16.1500   
8      | 48.6629    | 48.7500    | 32.3818    | 31.9000   
9      | 46.3002    | 46.3750    | 36.7510    | 34.3250   

TIME TAKEN = 6967.04161 ms
Run 2

BASIC IMPLEMENTATION
--------------------------------------------------------------

Index  | Call Model | Call Actual | Put Model  | Put Actual
--------------------------------------------------------------
0      | 51.3883    | 51.7000    | 28.5523    | 29.6500   
1      | 53.1439    | 53.6500    | 24.8999    | 27.3750   
2      | 55.5507    | 56.4000    | 21.9540    | 25.3500   
3      | 58.3779    | 59.9750    | 18.8546    | 23.2750   
4      | 60.7531    | 63.1750    | 16.0375    | 21.2000   
5      | 62.9777    | 66.3250    | 13.9869    | 19.5250   
6      | 65.1464    | 69.7250    | 11.9810    | 17.7500   
7      | 67.0319    | 72.9000    | 10.2835    | 16.1500   
8      | 48.6629    | 48.7500    | 32.3818    | 31.9000   
9      | 46.3002    | 46.3750    | 36.7510    | 34.3250   

TIME TAKEN = 7001.96196 ms
Run 3

BASIC IMPLEMENTATION
--------------------------------------------------------------

Index  | Call Model | Call Actual | Put Model  | Put Actual
--------------------------------------------------------------
0      | 51.3883    | 51.7000    | 28.5523    | 29.6500   
1      | 53.1439    | 53.6500    | 24.8999    | 27.3750   
2      | 55.5507    | 56.4000    | 21.9540    | 25.3500   
3      | 58.3779    | 59.9750    | 18.8546    | 23.2750   
4      | 60.7531    | 63.1750    | 16.0375    | 21.2000   
5      | 62.9777    | 66.3250    | 13.9869    | 19.5250   
6      | 65.1464    | 69.7250    | 11.9810    | 17.7500   
7      | 67.0319    | 72.9000    | 10.2835    | 16.1500   
8      | 48.6629    | 48.7500    | 32.3818    | 31.9000   
9      | 46.3002    | 46.3750    | 36.7510    | 34.3250   

TIME TAKEN = 6970.16897 ms
Run 4

BASIC IMPLEMENTATION
--------------------------------------------------------------

Index  | Call Model | Call Actual | Put Model  | Put Actual
--------------------------------------------------------------
0      | 51.3883    | 51.7000    | 28.5523    | 29.6500   
1      | 53.1439    | 53.6500    | 24.8999    | 27.3750   
2      | 55.5507    | 56.4000    | 21.9540    | 25.3500   
3      | 58.3779    | 59.9750    | 18.8546    | 23.2750   
4      | 60.7531    | 63.1750    | 16.0375    | 21.2000   
5      | 62.9777    | 66.3250    | 13.9869    | 19.5250   
6      | 65.1464    | 69.7250    | 11.9810    | 17.7500   
7      | 67.0319    | 72.9000    | 10.2835    | 16.1500   
8      | 48.6629    | 48.7500    | 32.3818    | 31.9000   
9      | 46.3002    | 46.3750    | 36.7510    | 34.3250   

TIME TAKEN = 7001.09328 ms
Run 5

BASIC IMPLEMENTATION
--------------------------------------------------------------

Index  | Call Model | Call Actual | Put Model  | Put Actual
--------------------------------------------------------------
0      | 51.3883    | 51.7000    | 28.5523    | 29.6500   
1      | 53.1439    | 53.6500    | 24.8999    | 27.3750   
2      | 55.5507    | 56.4000    | 21.9540    | 25.3500   
3      | 58.3779    | 59.9750    | 18.8546    | 23.2750   
4      | 60.7531    | 63.1750    | 16.0375    | 21.2000   
5      | 62.9777    | 66.3250    | 13.9869    | 19.5250   
6      | 65.1464    | 69.7250    | 11.9810    | 17.7500   
7      | 67.0319    | 72.9000    | 10.2835    | 16.1500   
8      | 48.6629    | 48.7500    | 32.3818    | 31.9000   
9      | 46.3002    | 46.3750    | 36.7510    | 34.3250   

TIME TAKEN = 7021.89441 ms
Run 6

BASIC IMPLEMENTATION
--------------------------------------------------------------

Index  | Call Model | Call Actual | Put Model  | Put Actual
--------------------------------------------------------------
0      | 51.3883    | 51.7000    | 28.5523    | 29.6500   
1      | 53.1439    | 53.6500    | 24.8999    | 27.3750   
2      | 55.5507    | 56.4000    | 21.9540    | 25.3500   
3      | 58.3779    | 59.9750    | 18.8546    | 23.2750   
4      | 60.7531    | 63.1750    | 16.0375    | 21.2000   
5      | 62.9777    | 66.3250    | 13.9869    | 19.5250   
6      | 65.1464    | 69.7250    | 11.9810    | 17.7500   
7      | 67.0319    | 72.9000    | 10.2835    | 16.1500   
8      | 48.6629    | 48.7500    | 32.3818    | 31.9000   
9      | 46.3002    | 46.3750    | 36.7510    | 34.3250   

TIME TAKEN = 7012.47005 ms
Run 7

BASIC IMPLEMENTATION
--------------------------------------------------------------

Index  | Call Model | Call Actual | Put Model  | Put Actual
--------------------------------------------------------------
0      | 51.3883    | 51.7000    | 28.5523    | 29.6500   
1      | 53.1439    | 53.6500    | 24.8999    | 27.3750   
2      | 55.5507    | 56.4000    | 21.9540    | 25.3500   
3      | 58.3779    | 59.9750    | 18.8546    | 23.2750   
4      | 60.7531    | 63.1750    | 16.0375    | 21.2000   
5      | 62.9777    | 66.3250    | 13.9869    | 19.5250   
6      | 65.1464    | 69.7250    | 11.9810    | 17.7500   
7      | 67.0319    | 72.9000    | 10.2835    | 16.1500   
8      | 48.6629    | 48.7500    | 32.3818    | 31.9000   
9      | 46.3002    | 46.3750    | 36.7510    | 34.3250   

TIME TAKEN = 6963.46826 ms
Run 8

BASIC IMPLEMENTATION
--------------------------------------------------------------

Index  | Call Model | Call Actual | Put Model  | Put Actual
--------------------------------------------------------------
0      | 51.3883    | 51.7000    | 28.5523    | 29.6500   
1      | 53.1439    | 53.6500    | 24.8999    | 27.3750   
2      | 55.5507    | 56.4000    | 21.9540    | 25.3500   
3      | 58.3779    | 59.9750    | 18.8546    | 23.2750   
4      | 60.7531    | 63.1750    | 16.0375    | 21.2000   
5      | 62.9777    | 66.3250    | 13.9869    | 19.5250   
6      | 65.1464    | 69.7250    | 11.9810    | 17.7500   
7      | 67.0319    | 72.9000    | 10.2835    | 16.1500   
8      | 48.6629    | 48.7500    | 32.3818    | 31.9000   
9      | 46.3002    | 46.3750    | 36.7510    | 34.3250   

TIME TAKEN = 7003.15264 ms
Run 9

BASIC IMPLEMENTATION
--------------------------------------------------------------

Index  | Call Model | Call Actual | Put Model  | Put Actual
--------------------------------------------------------------
0      | 51.3883    | 51.7000    | 28.5523    | 29.6500   
1      | 53.1439    | 53.6500    | 24.8999    | 27.3750   
2      | 55.5507    | 56.4000    | 21.9540    | 25.3500   
3      | 58.3779    | 59.9750    | 18.8546    | 23.2750   
4      | 60.7531    | 63.1750    | 16.0375    | 21.2000   
5      | 62.9777    | 66.3250    | 13.9869    | 19.5250   
6      | 65.1464    | 69.7250    | 11.9810    | 17.7500   
7      | 67.0319    | 72.9000    | 10.2835    | 16.1500   
8      | 48.6629    | 48.7500    | 32.3818    | 31.9000   
9      | 46.3002    | 46.3750    | 36.7510    | 34.3250   

TIME TAKEN = 7012.55318 ms
Run 10

BASIC IMPLEMENTATION
--------------------------------------------------------------

Index  | Call Model | Call Actual | Put Model  | Put Actual
--------------------------------------------------------------
0      | 51.3883    | 51.7000    | 28.5523    | 29.6500   
1      | 53.1439    | 53.6500    | 24.8999    | 27.3750   
2      | 55.5507    | 56.4000    | 21.9540    | 25.3500   
3      | 58.3779    | 59.9750    | 18.8546    | 23.2750   
4      | 60.7531    | 63.1750    | 16.0375    | 21.2000   
5      | 62.9777    | 66.3250    | 13.9869    | 19.5250   
6      | 65.1464    | 69.7250    | 11.9810    | 17.7500   
7      | 67.0319    | 72.9000    | 10.2835    | 16.1500   
8      | 48.6629    | 48.7500    | 32.3818    | 31.9000   
9      | 46.3002    | 46.3750    | 36.7510    | 34.3250   

TIME TAKEN = 6989.93265 ms
Run 11

BASIC IMPLEMENTATION
--------------------------------------------------------------

Index  | Call Model | Call Actual | Put Model  | Put Actual
--------------------------------------------------------------
0      | 51.3883    | 51.7000    | 28.5523    | 29.6500   
1      | 53.1439    | 53.6500    | 24.8999    | 27.3750   
2      | 55.5507    | 56.4000    | 21.9540    | 25.3500   
3      | 58.3779    | 59.9750    | 18.8546    | 23.2750   
4      | 60.7531    | 63.1750    | 16.0375    | 21.2000   
5      | 62.9777    | 66.3250    | 13.9869    | 19.5250   
6      | 65.1464    | 69.7250    | 11.9810    | 17.7500   
7      | 67.0319    | 72.9000    | 10.2835    | 16.1500   
8      | 48.6629    | 48.7500    | 32.3818    | 31.9000   
9      | 46.3002    | 46.3750    | 36.7510    | 34.3250   

TIME TAKEN = 6991.69989 ms
Run 12

BASIC IMPLEMENTATION
--------------------------------------------------------------

Index  | Call Model | Call Actual | Put Model  | Put Actual
--------------------------------------------------------------
0      | 51.3883    | 51.7000    | 28.5523    | 29.6500   
1      | 53.1439    | 53.6500    | 24.8999    | 27.3750   
2      | 55.5507    | 56.4000    | 21.9540    | 25.3500   
3      | 58.3779    | 59.9750    | 18.8546    | 23.2750   
4      | 60.7531    | 63.1750    | 16.0375    | 21.2000   
5      | 62.9777    | 66.3250    | 13.9869    | 19.5250   
6      | 65.1464    | 69.7250    | 11.9810    | 17.7500   
7      | 67.0319    | 72.9000    | 10.2835    | 16.1500   
8      | 48.6629    | 48.7500    | 32.3818    | 31.9000   
9      | 46.3002    | 46.3750    | 36.7510    | 34.3250   

TIME TAKEN = 7055.20718 ms
Run 13

BASIC IMPLEMENTATION
--------------------------------------------------------------

Index  | Call Model | Call Actual | Put Model  | Put Actual
--------------------------------------------------------------
0      | 51.3883    | 51.7000    | 28.5523    | 29.6500   
1      | 53.1439    | 53.6500    | 24.8999    | 27.3750   
2      | 55.5507    | 56.4000    | 21.9540    | 25.3500   
3      | 58.3779    | 59.9750    | 18.8546    | 23.2750   
4      | 60.7531    | 63.1750    | 16.0375    | 21.2000   
5      | 62.9777    | 66.3250    | 13.9869    | 19.5250   
6      | 65.1464    | 69.7250    | 11.9810    | 17.7500   
7      | 67.0319    | 72.9000    | 10.2835    | 16.1500   
8      | 48.6629    | 48.7500    | 32.3818    | 31.9000   
9      | 46.3002    | 46.3750    | 36.7510    | 34.3250   

TIME TAKEN = 7007.93800 ms
Run 14

BASIC IMPLEMENTATION
--------------------------------------------------------------

Index  | Call Model | Call Actual | Put Model  | Put Actual
--------------------------------------------------------------
0      | 51.3883    | 51.7000    | 28.5523    | 29.6500   
1      | 53.1439    | 53.6500    | 24.8999    | 27.3750   
2      | 55.5507    | 56.4000    | 21.9540    | 25.3500   
3      | 58.3779    | 59.9750    | 18.8546    | 23.2750   
4      | 60.7531    | 63.1750    | 16.0375    | 21.2000   
5      | 62.9777    | 66.3250    | 13.9869    | 19.5250   
6      | 65.1464    | 69.7250    | 11.9810    | 17.7500   
7      | 67.0319    | 72.9000    | 10.2835    | 16.1500   
8      | 48.6629    | 48.7500    | 32.3818    | 31.9000   
9      | 46.3002    | 46.3750    | 36.7510    | 34.3250   

TIME TAKEN = 7070.81798 ms
Run 15

BASIC IMPLEMENTATION
--------------------------------------------------------------

Index  | Call Model | Call Actual | Put Model  | Put Actual
--------------------------------------------------------------
0      | 51.3883    | 51.7000    | 28.5523    | 29.6500   
1      | 53.1439    | 53.6500    | 24.8999    | 27.3750   
2      | 55.5507    | 56.4000    | 21.9540    | 25.3500   
3      | 58.3779    | 59.9750    | 18.8546    | 23.2750   
4      | 60.7531    | 63.1750    | 16.0375    | 21.2000   
5      | 62.9777    | 66.3250    | 13.9869    | 19.5250   
6      | 65.1464    | 69.7250    | 11.9810    | 17.7500   
7      | 67.0319    | 72.9000    | 10.2835    | 16.1500   
8      | 48.6629    | 48.7500    | 32.3818    | 31.9000   
9      | 46.3002    | 46.3750    | 36.7510    | 34.3250   

TIME TAKEN = 7038.51222 ms
Run 16

BASIC IMPLEMENTATION
--------------------------------------------------------------

Index  | Call Model | Call Actual | Put Model  | Put Actual
--------------------------------------------------------------
0      | 51.3883    | 51.7000    | 28.5523    | 29.6500   
1      | 53.1439    | 53.6500    | 24.8999    | 27.3750   
2      | 55.5507    | 56.4000    | 21.9540    | 25.3500   
3      | 58.3779    | 59.9750    | 18.8546    | 23.2750   
4      | 60.7531    | 63.1750    | 16.0375    | 21.2000   
5      | 62.9777    | 66.3250    | 13.9869    | 19.5250   
6      | 65.1464    | 69.7250    | 11.9810    | 17.7500   
7      | 67.0319    | 72.9000    | 10.2835    | 16.1500   
8      | 48.6629    | 48.7500    | 32.3818    | 31.9000   
9      | 46.3002    | 46.3750    | 36.7510    | 34.3250   

TIME TAKEN = 7085.25634 ms
Run 17

BASIC IMPLEMENTATION
--------------------------------------------------------------

Index  | Call Model | Call Actual | Put Model  | Put Actual
--------------------------------------------------------------
0      | 51.3883    | 51.7000    | 28.5523    | 29.6500   
1      | 53.1439    | 53.6500    | 24.8999    | 27.3750   
2      | 55.5507    | 56.4000    | 21.9540    | 25.3500   
3      | 58.3779    | 59.9750    | 18.8546    | 23.2750   
4      | 60.7531    | 63.1750    | 16.0375    | 21.2000   
5      | 62.9777    | 66.3250    | 13.9869    | 19.5250   
6      | 65.1464    | 69.7250    | 11.9810    | 17.7500   
7      | 67.0319    | 72.9000    | 10.2835    | 16.1500   
8      | 48.6629    | 48.7500    | 32.3818    | 31.9000   
9      | 46.3002    | 46.3750    | 36.7510    | 34.3250   

TIME TAKEN = 7068.26369 ms
Run 18

BASIC IMPLEMENTATION
--------------------------------------------------------------

Index  | Call Model | Call Actual | Put Model  | Put Actual
--------------------------------------------------------------
0      | 51.3883    | 51.7000    | 28.5523    | 29.6500   
1      | 53.1439    | 53.6500    | 24.8999    | 27.3750   
2      | 55.5507    | 56.4000    | 21.9540    | 25.3500   
3      | 58.3779    | 59.9750    | 18.8546    | 23.2750   
4      | 60.7531    | 63.1750    | 16.0375    | 21.2000   
5      | 62.9777    | 66.3250    | 13.9869    | 19.5250   
6      | 65.1464    | 69.7250    | 11.9810    | 17.7500   
7      | 67.0319    | 72.9000    | 10.2835    | 16.1500   
8      | 48.6629    | 48.7500    | 32.3818    | 31.9000   
9      | 46.3002    | 46.3750    | 36.7510    | 34.3250   

TIME TAKEN = 7073.88638 ms
Run 19

BASIC IMPLEMENTATION
--------------------------------------------------------------

Index  | Call Model | Call Actual | Put Model  | Put Actual
--------------------------------------------------------------
0      | 51.3883    | 51.7000    | 28.5523    | 29.6500   
1      | 53.1439    | 53.6500    | 24.8999    | 27.3750   
2      | 55.5507    | 56.4000    | 21.9540    | 25.3500   
3      | 58.3779    | 59.9750    | 18.8546    | 23.2750   
4      | 60.7531    | 63.1750    | 16.0375    | 21.2000   
5      | 62.9777    | 66.3250    | 13.9869    | 19.5250   
6      | 65.1464    | 69.7250    | 11.9810    | 17.7500   
7      | 67.0319    | 72.9000    | 10.2835    | 16.1500   
8      | 48.6629    | 48.7500    | 32.3818    | 31.9000   
9      | 46.3002    | 46.3750    | 36.7510    | 34.3250   

TIME TAKEN = 7055.96002 ms
Run 20

BASIC IMPLEMENTATION
--------------------------------------------------------------

Index  | Call Model | Call Actual | Put Model  | Put Actual
--------------------------------------------------------------
0      | 51.3883    | 51.7000    | 28.5523    | 29.6500   
1      | 53.1439    | 53.6500    | 24.8999    | 27.3750   
2      | 55.5507    | 56.4000    | 21.9540    | 25.3500   
3      | 58.3779    | 59.9750    | 18.8546    | 23.2750   
4      | 60.7531    | 63.1750    | 16.0375    | 21.2000   
5      | 62.9777    | 66.3250    | 13.9869    | 19.5250   
6      | 65.1464    | 69.7250    | 11.9810    | 17.7500   
7      | 67.0319    | 72.9000    | 10.2835    | 16.1500   
8      | 48.6629    | 48.7500    | 32.3818    | 31.9000   
9      | 46.3002    | 46.3750    | 36.7510    | 34.3250   

TIME TAKEN = 7066.86793 ms
Run 21

BASIC IMPLEMENTATION
--------------------------------------------------------------

Index  | Call Model | Call Actual | Put Model  | Put Actual
--------------------------------------------------------------
0      | 51.3883    | 51.7000    | 28.5523    | 29.6500   
1      | 53.1439    | 53.6500    | 24.8999    | 27.3750   
2      | 55.5507    | 56.4000    | 21.9540    | 25.3500   
3      | 58.3779    | 59.9750    | 18.8546    | 23.2750   
4      | 60.7531    | 63.1750    | 16.0375    | 21.2000   
5      | 62.9777    | 66.3250    | 13.9869    | 19.5250   
6      | 65.1464    | 69.7250    | 11.9810    | 17.7500   
7      | 67.0319    | 72.9000    | 10.2835    | 16.1500   
8      | 48.6629    | 48.7500    | 32.3818    | 31.9000   
9      | 46.3002    | 46.3750    | 36.7510    | 34.3250   

TIME TAKEN = 6991.57331 ms
Run 22

BASIC IMPLEMENTATION
--------------------------------------------------------------

Index  | Call Model | Call Actual | Put Model  | Put Actual
--------------------------------------------------------------
0      | 51.3883    | 51.7000    | 28.5523    | 29.6500   
1      | 53.1439    | 53.6500    | 24.8999    | 27.3750   
2      | 55.5507    | 56.4000    | 21.9540    | 25.3500   
3      | 58.3779    | 59.9750    | 18.8546    | 23.2750   
4      | 60.7531    | 63.1750    | 16.0375    | 21.2000   
5      | 62.9777    | 66.3250    | 13.9869    | 19.5250   
6      | 65.1464    | 69.7250    | 11.9810    | 17.7500   
7      | 67.0319    | 72.9000    | 10.2835    | 16.1500   
8      | 48.6629    | 48.7500    | 32.3818    | 31.9000   
9      | 46.3002    | 46.3750    | 36.7510    | 34.3250   

TIME TAKEN = 7016.73572 ms
Run 23

BASIC IMPLEMENTATION
--------------------------------------------------------------

Index  | Call Model | Call Actual | Put Model  | Put Actual
--------------------------------------------------------------
0      | 51.3883    | 51.7000    | 28.5523    | 29.6500   
1      | 53.1439    | 53.6500    | 24.8999    | 27.3750   
2      | 55.5507    | 56.4000    | 21.9540    | 25.3500   
3      | 58.3779    | 59.9750    | 18.8546    | 23.2750   
4      | 60.7531    | 63.1750    | 16.0375    | 21.2000   
5      | 62.9777    | 66.3250    | 13.9869    | 19.5250   
6      | 65.1464    | 69.7250    | 11.9810    | 17.7500   
7      | 67.0319    | 72.9000    | 10.2835    | 16.1500   
8      | 48.6629    | 48.7500    | 32.3818    | 31.9000   
9      | 46.3002    | 46.3750    | 36.7510    | 34.3250   

TIME TAKEN = 7031.54704 ms
Run 24

BASIC IMPLEMENTATION
--------------------------------------------------------------

Index  | Call Model | Call Actual | Put Model  | Put Actual
--------------------------------------------------------------
0      | 51.3883    | 51.7000    | 28.5523    | 29.6500   
1      | 53.1439    | 53.6500    | 24.8999    | 27.3750   
2      | 55.5507    | 56.4000    | 21.9540    | 25.3500   
3      | 58.3779    | 59.9750    | 18.8546    | 23.2750   
4      | 60.7531    | 63.1750    | 16.0375    | 21.2000   
5      | 62.9777    | 66.3250    | 13.9869    | 19.5250   
6      | 65.1464    | 69.7250    | 11.9810    | 17.7500   
7      | 67.0319    | 72.9000    | 10.2835    | 16.1500   
8      | 48.6629    | 48.7500    | 32.3818    | 31.9000   
9      | 46.3002    | 46.3750    | 36.7510    | 34.3250   

TIME TAKEN = 7075.32922 ms
Run 25

BASIC IMPLEMENTATION
--------------------------------------------------------------

Index  | Call Model | Call Actual | Put Model  | Put Actual
--------------------------------------------------------------
0      | 51.3883    | 51.7000    | 28.5523    | 29.6500   
1      | 53.1439    | 53.6500    | 24.8999    | 27.3750   
2      | 55.5507    | 56.4000    | 21.9540    | 25.3500   
3      | 58.3779    | 59.9750    | 18.8546    | 23.2750   
4      | 60.7531    | 63.1750    | 16.0375    | 21.2000   
5      | 62.9777    | 66.3250    | 13.9869    | 19.5250   
6      | 65.1464    | 69.7250    | 11.9810    | 17.7500   
7      | 67.0319    | 72.9000    | 10.2835    | 16.1500   
8      | 48.6629    | 48.7500    | 32.3818    | 31.9000   
9      | 46.3002    | 46.3750    | 36.7510    | 34.3250   

TIME TAKEN = 7046.16720 ms
Run 26

BASIC IMPLEMENTATION
--------------------------------------------------------------

Index  | Call Model | Call Actual | Put Model  | Put Actual
--------------------------------------------------------------
0      | 51.3883    | 51.7000    | 28.5523    | 29.6500   
1      | 53.1439    | 53.6500    | 24.8999    | 27.3750   
2      | 55.5507    | 56.4000    | 21.9540    | 25.3500   
3      | 58.3779    | 59.9750    | 18.8546    | 23.2750   
4      | 60.7531    | 63.1750    | 16.0375    | 21.2000   
5      | 62.9777    | 66.3250    | 13.9869    | 19.5250   
6      | 65.1464    | 69.7250    | 11.9810    | 17.7500   
7      | 67.0319    | 72.9000    | 10.2835    | 16.1500   
8      | 48.6629    | 48.7500    | 32.3818    | 31.9000   
9      | 46.3002    | 46.3750    | 36.7510    | 34.3250   

TIME TAKEN = 7232.43951 ms
Run 27

BASIC IMPLEMENTATION
--------------------------------------------------------------

Index  | Call Model | Call Actual | Put Model  | Put Actual
--------------------------------------------------------------
0      | 51.3883    | 51.7000    | 28.5523    | 29.6500   
1      | 53.1439    | 53.6500    | 24.8999    | 27.3750   
2      | 55.5507    | 56.4000    | 21.9540    | 25.3500   
3      | 58.3779    | 59.9750    | 18.8546    | 23.2750   
4      | 60.7531    | 63.1750    | 16.0375    | 21.2000   
5      | 62.9777    | 66.3250    | 13.9869    | 19.5250   
6      | 65.1464    | 69.7250    | 11.9810    | 17.7500   
7      | 67.0319    | 72.9000    | 10.2835    | 16.1500   
8      | 48.6629    | 48.7500    | 32.3818    | 31.9000   
9      | 46.3002    | 46.3750    | 36.7510    | 34.3250   

TIME TAKEN = 7080.03896 ms
Run 28

BASIC IMPLEMENTATION
--------------------------------------------------------------

Index  | Call Model | Call Actual | Put Model  | Put Actual
--------------------------------------------------------------
0      | 51.3883    | 51.7000    | 28.5523    | 29.6500   
1      | 53.1439    | 53.6500    | 24.8999    | 27.3750   
2      | 55.5507    | 56.4000    | 21.9540    | 25.3500   
3      | 58.3779    | 59.9750    | 18.8546    | 23.2750   
4      | 60.7531    | 63.1750    | 16.0375    | 21.2000   
5      | 62.9777    | 66.3250    | 13.9869    | 19.5250   
6      | 65.1464    | 69.7250    | 11.9810    | 17.7500   
7      | 67.0319    | 72.9000    | 10.2835    | 16.1500   
8      | 48.6629    | 48.7500    | 32.3818    | 31.9000   
9      | 46.3002    | 46.3750    | 36.7510    | 34.3250   

TIME TAKEN = 7022.20343 ms
Run 29

BASIC IMPLEMENTATION
--------------------------------------------------------------

Index  | Call Model | Call Actual | Put Model  | Put Actual
--------------------------------------------------------------
0      | 51.3883    | 51.7000    | 28.5523    | 29.6500   
1      | 53.1439    | 53.6500    | 24.8999    | 27.3750   
2      | 55.5507    | 56.4000    | 21.9540    | 25.3500   
3      | 58.3779    | 59.9750    | 18.8546    | 23.2750   
4      | 60.7531    | 63.1750    | 16.0375    | 21.2000   
5      | 62.9777    | 66.3250    | 13.9869    | 19.5250   
6      | 65.1464    | 69.7250    | 11.9810    | 17.7500   
7      | 67.0319    | 72.9000    | 10.2835    | 16.1500   
8      | 48.6629    | 48.7500    | 32.3818    | 31.9000   
9      | 46.3002    | 46.3750    | 36.7510    | 34.3250   

TIME TAKEN = 7038.25749 ms
Run 30

BASIC IMPLEMENTATION
--------------------------------------------------------------

Index  | Call Model | Call Actual | Put Model  | Put Actual
--------------------------------------------------------------
0      | 51.3883    | 51.7000    | 28.5523    | 29.6500   
1      | 53.1439    | 53.6500    | 24.8999    | 27.3750   
2      | 55.5507    | 56.4000    | 21.9540    | 25.3500   
3      | 58.3779    | 59.9750    | 18.8546    | 23.2750   
4      | 60.7531    | 63.1750    | 16.0375    | 21.2000   
5      | 62.9777    | 66.3250    | 13.9869    | 19.5250   
6      | 65.1464    | 69.7250    | 11.9810    | 17.7500   
7      | 67.0319    | 72.9000    | 10.2835    | 16.1500   
8      | 48.6629    | 48.7500    | 32.3818    | 31.9000   
9      | 46.3002    | 46.3750    | 36.7510    | 34.3250   

TIME TAKEN = 7054.76591 ms
Run 31

BASIC IMPLEMENTATION
--------------------------------------------------------------

Index  | Call Model | Call Actual | Put Model  | Put Actual
--------------------------------------------------------------
0      | 51.3883    | 51.7000    | 28.5523    | 29.6500   
1      | 53.1439    | 53.6500    | 24.8999    | 27.3750   
2      | 55.5507    | 56.4000    | 21.9540    | 25.3500   
3      | 58.3779    | 59.9750    | 18.8546    | 23.2750   
4      | 60.7531    | 63.1750    | 16.0375    | 21.2000   
5      | 62.9777    | 66.3250    | 13.9869    | 19.5250   
6      | 65.1464    | 69.7250    | 11.9810    | 17.7500   
7      | 67.0319    | 72.9000    | 10.2835    | 16.1500   
8      | 48.6629    | 48.7500    | 32.3818    | 31.9000   
9      | 46.3002    | 46.3750    | 36.7510    | 34.3250   

TIME TAKEN = 7229.27112 ms
Run 32

BASIC IMPLEMENTATION
--------------------------------------------------------------

Index  | Call Model | Call Actual | Put Model  | Put Actual
--------------------------------------------------------------
0      | 51.3883    | 51.7000    | 28.5523    | 29.6500   
1      | 53.1439    | 53.6500    | 24.8999    | 27.3750   
2      | 55.5507    | 56.4000    | 21.9540    | 25.3500   
3      | 58.3779    | 59.9750    | 18.8546    | 23.2750   
4      | 60.7531    | 63.1750    | 16.0375    | 21.2000   
5      | 62.9777    | 66.3250    | 13.9869    | 19.5250   
6      | 65.1464    | 69.7250    | 11.9810    | 17.7500   
7      | 67.0319    | 72.9000    | 10.2835    | 16.1500   
8      | 48.6629    | 48.7500    | 32.3818    | 31.9000   
9      | 46.3002    | 46.3750    | 36.7510    | 34.3250   

TIME TAKEN = 7045.44376 ms
Run 33

BASIC IMPLEMENTATION
--------------------------------------------------------------

Index  | Call Model | Call Actual | Put Model  | Put Actual
--------------------------------------------------------------
0      | 51.3883    | 51.7000    | 28.5523    | 29.6500   
1      | 53.1439    | 53.6500    | 24.8999    | 27.3750   
2      | 55.5507    | 56.4000    | 21.9540    | 25.3500   
3      | 58.3779    | 59.9750    | 18.8546    | 23.2750   
4      | 60.7531    | 63.1750    | 16.0375    | 21.2000   
5      | 62.9777    | 66.3250    | 13.9869    | 19.5250   
6      | 65.1464    | 69.7250    | 11.9810    | 17.7500   
7      | 67.0319    | 72.9000    | 10.2835    | 16.1500   
8      | 48.6629    | 48.7500    | 32.3818    | 31.9000   
9      | 46.3002    | 46.3750    | 36.7510    | 34.3250   

TIME TAKEN = 7145.02074 ms
Run 34

BASIC IMPLEMENTATION
--------------------------------------------------------------

Index  | Call Model | Call Actual | Put Model  | Put Actual
--------------------------------------------------------------
0      | 51.3883    | 51.7000    | 28.5523    | 29.6500   
1      | 53.1439    | 53.6500    | 24.8999    | 27.3750   
2      | 55.5507    | 56.4000    | 21.9540    | 25.3500   
3      | 58.3779    | 59.9750    | 18.8546    | 23.2750   
4      | 60.7531    | 63.1750    | 16.0375    | 21.2000   
5      | 62.9777    | 66.3250    | 13.9869    | 19.5250   
6      | 65.1464    | 69.7250    | 11.9810    | 17.7500   
7      | 67.0319    | 72.9000    | 10.2835    | 16.1500   
8      | 48.6629    | 48.7500    | 32.3818    | 31.9000   
9      | 46.3002    | 46.3750    | 36.7510    | 34.3250   

TIME TAKEN = 7067.05499 ms
Run 35

BASIC IMPLEMENTATION
--------------------------------------------------------------

Index  | Call Model | Call Actual | Put Model  | Put Actual
--------------------------------------------------------------
0      | 51.3883    | 51.7000    | 28.5523    | 29.6500   
1      | 53.1439    | 53.6500    | 24.8999    | 27.3750   
2      | 55.5507    | 56.4000    | 21.9540    | 25.3500   
3      | 58.3779    | 59.9750    | 18.8546    | 23.2750   
4      | 60.7531    | 63.1750    | 16.0375    | 21.2000   
5      | 62.9777    | 66.3250    | 13.9869    | 19.5250   
6      | 65.1464    | 69.7250    | 11.9810    | 17.7500   
7      | 67.0319    | 72.9000    | 10.2835    | 16.1500   
8      | 48.6629    | 48.7500    | 32.3818    | 31.9000   
9      | 46.3002    | 46.3750    | 36.7510    | 34.3250   

TIME TAKEN = 7005.33593 ms
Run 36

BASIC IMPLEMENTATION
--------------------------------------------------------------

Index  | Call Model | Call Actual | Put Model  | Put Actual
--------------------------------------------------------------
0      | 51.3883    | 51.7000    | 28.5523    | 29.6500   
1      | 53.1439    | 53.6500    | 24.8999    | 27.3750   
2      | 55.5507    | 56.4000    | 21.9540    | 25.3500   
3      | 58.3779    | 59.9750    | 18.8546    | 23.2750   
4      | 60.7531    | 63.1750    | 16.0375    | 21.2000   
5      | 62.9777    | 66.3250    | 13.9869    | 19.5250   
6      | 65.1464    | 69.7250    | 11.9810    | 17.7500   
7      | 67.0319    | 72.9000    | 10.2835    | 16.1500   
8      | 48.6629    | 48.7500    | 32.3818    | 31.9000   
9      | 46.3002    | 46.3750    | 36.7510    | 34.3250   

TIME TAKEN = 7041.44233 ms
Run 37

BASIC IMPLEMENTATION
--------------------------------------------------------------

Index  | Call Model | Call Actual | Put Model  | Put Actual
--------------------------------------------------------------
0      | 51.3883    | 51.7000    | 28.5523    | 29.6500   
1      | 53.1439    | 53.6500    | 24.8999    | 27.3750   
2      | 55.5507    | 56.4000    | 21.9540    | 25.3500   
3      | 58.3779    | 59.9750    | 18.8546    | 23.2750   
4      | 60.7531    | 63.1750    | 16.0375    | 21.2000   
5      | 62.9777    | 66.3250    | 13.9869    | 19.5250   
6      | 65.1464    | 69.7250    | 11.9810    | 17.7500   
7      | 67.0319    | 72.9000    | 10.2835    | 16.1500   
8      | 48.6629    | 48.7500    | 32.3818    | 31.9000   
9      | 46.3002    | 46.3750    | 36.7510    | 34.3250   

TIME TAKEN = 7222.18235 ms
Run 38

BASIC IMPLEMENTATION
--------------------------------------------------------------

Index  | Call Model | Call Actual | Put Model  | Put Actual
--------------------------------------------------------------
0      | 51.3883    | 51.7000    | 28.5523    | 29.6500   
1      | 53.1439    | 53.6500    | 24.8999    | 27.3750   
2      | 55.5507    | 56.4000    | 21.9540    | 25.3500   
3      | 58.3779    | 59.9750    | 18.8546    | 23.2750   
4      | 60.7531    | 63.1750    | 16.0375    | 21.2000   
5      | 62.9777    | 66.3250    | 13.9869    | 19.5250   
6      | 65.1464    | 69.7250    | 11.9810    | 17.7500   
7      | 67.0319    | 72.9000    | 10.2835    | 16.1500   
8      | 48.6629    | 48.7500    | 32.3818    | 31.9000   
9      | 46.3002    | 46.3750    | 36.7510    | 34.3250   

TIME TAKEN = 7059.31815 ms
Run 39

BASIC IMPLEMENTATION
--------------------------------------------------------------

Index  | Call Model | Call Actual | Put Model  | Put Actual
--------------------------------------------------------------
0      | 51.3883    | 51.7000    | 28.5523    | 29.6500   
1      | 53.1439    | 53.6500    | 24.8999    | 27.3750   
2      | 55.5507    | 56.4000    | 21.9540    | 25.3500   
3      | 58.3779    | 59.9750    | 18.8546    | 23.2750   
4      | 60.7531    | 63.1750    | 16.0375    | 21.2000   
5      | 62.9777    | 66.3250    | 13.9869    | 19.5250   
6      | 65.1464    | 69.7250    | 11.9810    | 17.7500   
7      | 67.0319    | 72.9000    | 10.2835    | 16.1500   
8      | 48.6629    | 48.7500    | 32.3818    | 31.9000   
9      | 46.3002    | 46.3750    | 36.7510    | 34.3250   

TIME TAKEN = 7189.95645 ms
Run 40

BASIC IMPLEMENTATION
--------------------------------------------------------------

Index  | Call Model | Call Actual | Put Model  | Put Actual
--------------------------------------------------------------
0      | 51.3883    | 51.7000    | 28.5523    | 29.6500   
1      | 53.1439    | 53.6500    | 24.8999    | 27.3750   
2      | 55.5507    | 56.4000    | 21.9540    | 25.3500   
3      | 58.3779    | 59.9750    | 18.8546    | 23.2750   
4      | 60.7531    | 63.1750    | 16.0375    | 21.2000   
5      | 62.9777    | 66.3250    | 13.9869    | 19.5250   
6      | 65.1464    | 69.7250    | 11.9810    | 17.7500   
7      | 67.0319    | 72.9000    | 10.2835    | 16.1500   
8      | 48.6629    | 48.7500    | 32.3818    | 31.9000   
9      | 46.3002    | 46.3750    | 36.7510    | 34.3250   

TIME TAKEN = 7021.45093 ms
Run 41

BASIC IMPLEMENTATION
--------------------------------------------------------------

Index  | Call Model | Call Actual | Put Model  | Put Actual
--------------------------------------------------------------
0      | 51.3883    | 51.7000    | 28.5523    | 29.6500   
1      | 53.1439    | 53.6500    | 24.8999    | 27.3750   
2      | 55.5507    | 56.4000    | 21.9540    | 25.3500   
3      | 58.3779    | 59.9750    | 18.8546    | 23.2750   
4      | 60.7531    | 63.1750    | 16.0375    | 21.2000   
5      | 62.9777    | 66.3250    | 13.9869    | 19.5250   
6      | 65.1464    | 69.7250    | 11.9810    | 17.7500   
7      | 67.0319    | 72.9000    | 10.2835    | 16.1500   
8      | 48.6629    | 48.7500    | 32.3818    | 31.9000   
9      | 46.3002    | 46.3750    | 36.7510    | 34.3250   

TIME TAKEN = 7045.21747 ms
Run 42

BASIC IMPLEMENTATION
--------------------------------------------------------------

Index  | Call Model | Call Actual | Put Model  | Put Actual
--------------------------------------------------------------
0      | 51.3883    | 51.7000    | 28.5523    | 29.6500   
1      | 53.1439    | 53.6500    | 24.8999    | 27.3750   
2      | 55.5507    | 56.4000    | 21.9540    | 25.3500   
3      | 58.3779    | 59.9750    | 18.8546    | 23.2750   
4      | 60.7531    | 63.1750    | 16.0375    | 21.2000   
5      | 62.9777    | 66.3250    | 13.9869    | 19.5250   
6      | 65.1464    | 69.7250    | 11.9810    | 17.7500   
7      | 67.0319    | 72.9000    | 10.2835    | 16.1500   
8      | 48.6629    | 48.7500    | 32.3818    | 31.9000   
9      | 46.3002    | 46.3750    | 36.7510    | 34.3250   

TIME TAKEN = 7062.11356 ms
Run 43

BASIC IMPLEMENTATION
--------------------------------------------------------------

Index  | Call Model | Call Actual | Put Model  | Put Actual
--------------------------------------------------------------
0      | 51.3883    | 51.7000    | 28.5523    | 29.6500   
1      | 53.1439    | 53.6500    | 24.8999    | 27.3750   
2      | 55.5507    | 56.4000    | 21.9540    | 25.3500   
3      | 58.3779    | 59.9750    | 18.8546    | 23.2750   
4      | 60.7531    | 63.1750    | 16.0375    | 21.2000   
5      | 62.9777    | 66.3250    | 13.9869    | 19.5250   
6      | 65.1464    | 69.7250    | 11.9810    | 17.7500   
7      | 67.0319    | 72.9000    | 10.2835    | 16.1500   
8      | 48.6629    | 48.7500    | 32.3818    | 31.9000   
9      | 46.3002    | 46.3750    | 36.7510    | 34.3250   

TIME TAKEN = 7149.97294 ms
Run 44

BASIC IMPLEMENTATION
--------------------------------------------------------------

Index  | Call Model | Call Actual | Put Model  | Put Actual
--------------------------------------------------------------
0      | 51.3883    | 51.7000    | 28.5523    | 29.6500   
1      | 53.1439    | 53.6500    | 24.8999    | 27.3750   
2      | 55.5507    | 56.4000    | 21.9540    | 25.3500   
3      | 58.3779    | 59.9750    | 18.8546    | 23.2750   
4      | 60.7531    | 63.1750    | 16.0375    | 21.2000   
5      | 62.9777    | 66.3250    | 13.9869    | 19.5250   
6      | 65.1464    | 69.7250    | 11.9810    | 17.7500   
7      | 67.0319    | 72.9000    | 10.2835    | 16.1500   
8      | 48.6629    | 48.7500    | 32.3818    | 31.9000   
9      | 46.3002    | 46.3750    | 36.7510    | 34.3250   

TIME TAKEN = 7228.10557 ms
Run 45

BASIC IMPLEMENTATION
--------------------------------------------------------------

Index  | Call Model | Call Actual | Put Model  | Put Actual
--------------------------------------------------------------
0      | 51.3883    | 51.7000    | 28.5523    | 29.6500   
1      | 53.1439    | 53.6500    | 24.8999    | 27.3750   
2      | 55.5507    | 56.4000    | 21.9540    | 25.3500   
3      | 58.3779    | 59.9750    | 18.8546    | 23.2750   
4      | 60.7531    | 63.1750    | 16.0375    | 21.2000   
5      | 62.9777    | 66.3250    | 13.9869    | 19.5250   
6      | 65.1464    | 69.7250    | 11.9810    | 17.7500   
7      | 67.0319    | 72.9000    | 10.2835    | 16.1500   
8      | 48.6629    | 48.7500    | 32.3818    | 31.9000   
9      | 46.3002    | 46.3750    | 36.7510    | 34.3250   

TIME TAKEN = 7042.87357 ms
Run 46

BASIC IMPLEMENTATION
--------------------------------------------------------------

Index  | Call Model | Call Actual | Put Model  | Put Actual
--------------------------------------------------------------
0      | 51.3883    | 51.7000    | 28.5523    | 29.6500   
1      | 53.1439    | 53.6500    | 24.8999    | 27.3750   
2      | 55.5507    | 56.4000    | 21.9540    | 25.3500   
3      | 58.3779    | 59.9750    | 18.8546    | 23.2750   
4      | 60.7531    | 63.1750    | 16.0375    | 21.2000   
5      | 62.9777    | 66.3250    | 13.9869    | 19.5250   
6      | 65.1464    | 69.7250    | 11.9810    | 17.7500   
7      | 67.0319    | 72.9000    | 10.2835    | 16.1500   
8      | 48.6629    | 48.7500    | 32.3818    | 31.9000   
9      | 46.3002    | 46.3750    | 36.7510    | 34.3250   

TIME TAKEN = 7014.55849 ms
Run 47

BASIC IMPLEMENTATION
--------------------------------------------------------------

Index  | Call Model | Call Actual | Put Model  | Put Actual
--------------------------------------------------------------
0      | 51.3883    | 51.7000    | 28.5523    | 29.6500   
1      | 53.1439    | 53.6500    | 24.8999    | 27.3750   
2      | 55.5507    | 56.4000    | 21.9540    | 25.3500   
3      | 58.3779    | 59.9750    | 18.8546    | 23.2750   
4      | 60.7531    | 63.1750    | 16.0375    | 21.2000   
5      | 62.9777    | 66.3250    | 13.9869    | 19.5250   
6      | 65.1464    | 69.7250    | 11.9810    | 17.7500   
7      | 67.0319    | 72.9000    | 10.2835    | 16.1500   
8      | 48.6629    | 48.7500    | 32.3818    | 31.9000   
9      | 46.3002    | 46.3750    | 36.7510    | 34.3250   

TIME TAKEN = 7178.52110 ms
Run 48

BASIC IMPLEMENTATION
--------------------------------------------------------------

Index  | Call Model | Call Actual | Put Model  | Put Actual
--------------------------------------------------------------
0      | 51.3883    | 51.7000    | 28.5523    | 29.6500   
1      | 53.1439    | 53.6500    | 24.8999    | 27.3750   
2      | 55.5507    | 56.4000    | 21.9540    | 25.3500   
3      | 58.3779    | 59.9750    | 18.8546    | 23.2750   
4      | 60.7531    | 63.1750    | 16.0375    | 21.2000   
5      | 62.9777    | 66.3250    | 13.9869    | 19.5250   
6      | 65.1464    | 69.7250    | 11.9810    | 17.7500   
7      | 67.0319    | 72.9000    | 10.2835    | 16.1500   
8      | 48.6629    | 48.7500    | 32.3818    | 31.9000   
9      | 46.3002    | 46.3750    | 36.7510    | 34.3250   

TIME TAKEN = 7057.88955 ms
Run 49

BASIC IMPLEMENTATION
--------------------------------------------------------------

Index  | Call Model | Call Actual | Put Model  | Put Actual
--------------------------------------------------------------
0      | 51.3883    | 51.7000    | 28.5523    | 29.6500   
1      | 53.1439    | 53.6500    | 24.8999    | 27.3750   
2      | 55.5507    | 56.4000    | 21.9540    | 25.3500   
3      | 58.3779    | 59.9750    | 18.8546    | 23.2750   
4      | 60.7531    | 63.1750    | 16.0375    | 21.2000   
5      | 62.9777    | 66.3250    | 13.9869    | 19.5250   
6      | 65.1464    | 69.7250    | 11.9810    | 17.7500   
7      | 67.0319    | 72.9000    | 10.2835    | 16.1500   
8      | 48.6629    | 48.7500    | 32.3818    | 31.9000   
9      | 46.3002    | 46.3750    | 36.7510    | 34.3250   

TIME TAKEN = 7184.84754 ms
Run 50

BASIC IMPLEMENTATION
--------------------------------------------------------------

Index  | Call Model | Call Actual | Put Model  | Put Actual
--------------------------------------------------------------
0      | 51.3883    | 51.7000    | 28.5523    | 29.6500   
1      | 53.1439    | 53.6500    | 24.8999    | 27.3750   
2      | 55.5507    | 56.4000    | 21.9540    | 25.3500   
3      | 58.3779    | 59.9750    | 18.8546    | 23.2750   
4      | 60.7531    | 63.1750    | 16.0375    | 21.2000   
5      | 62.9777    | 66.3250    | 13.9869    | 19.5250   
6      | 65.1464    | 69.7250    | 11.9810    | 17.7500   
7      | 67.0319    | 72.9000    | 10.2835    | 16.1500   
8      | 48.6629    | 48.7500    | 32.3818    | 31.9000   
9      | 46.3002    | 46.3750    | 36.7510    | 34.3250   

TIME TAKEN = 6994.39646 ms
Run 51

BASIC IMPLEMENTATION
--------------------------------------------------------------

Index  | Call Model | Call Actual | Put Model  | Put Actual
--------------------------------------------------------------
0      | 51.3883    | 51.7000    | 28.5523    | 29.6500   
1      | 53.1439    | 53.6500    | 24.8999    | 27.3750   
2      | 55.5507    | 56.4000    | 21.9540    | 25.3500   
3      | 58.3779    | 59.9750    | 18.8546    | 23.2750   
4      | 60.7531    | 63.1750    | 16.0375    | 21.2000   
5      | 62.9777    | 66.3250    | 13.9869    | 19.5250   
6      | 65.1464    | 69.7250    | 11.9810    | 17.7500   
7      | 67.0319    | 72.9000    | 10.2835    | 16.1500   
8      | 48.6629    | 48.7500    | 32.3818    | 31.9000   
9      | 46.3002    | 46.3750    | 36.7510    | 34.3250   

TIME TAKEN = 7195.08669 ms
Run 52

BASIC IMPLEMENTATION
--------------------------------------------------------------

Index  | Call Model | Call Actual | Put Model  | Put Actual
--------------------------------------------------------------
0      | 51.3883    | 51.7000    | 28.5523    | 29.6500   
1      | 53.1439    | 53.6500    | 24.8999    | 27.3750   
2      | 55.5507    | 56.4000    | 21.9540    | 25.3500   
3      | 58.3779    | 59.9750    | 18.8546    | 23.2750   
4      | 60.7531    | 63.1750    | 16.0375    | 21.2000   
5      | 62.9777    | 66.3250    | 13.9869    | 19.5250   
6      | 65.1464    | 69.7250    | 11.9810    | 17.7500   
7      | 67.0319    | 72.9000    | 10.2835    | 16.1500   
8      | 48.6629    | 48.7500    | 32.3818    | 31.9000   
9      | 46.3002    | 46.3750    | 36.7510    | 34.3250   

TIME TAKEN = 7018.12582 ms
Run 53

BASIC IMPLEMENTATION
--------------------------------------------------------------

Index  | Call Model | Call Actual | Put Model  | Put Actual
--------------------------------------------------------------
0      | 51.3883    | 51.7000    | 28.5523    | 29.6500   
1      | 53.1439    | 53.6500    | 24.8999    | 27.3750   
2      | 55.5507    | 56.4000    | 21.9540    | 25.3500   
3      | 58.3779    | 59.9750    | 18.8546    | 23.2750   
4      | 60.7531    | 63.1750    | 16.0375    | 21.2000   
5      | 62.9777    | 66.3250    | 13.9869    | 19.5250   
6      | 65.1464    | 69.7250    | 11.9810    | 17.7500   
7      | 67.0319    | 72.9000    | 10.2835    | 16.1500   
8      | 48.6629    | 48.7500    | 32.3818    | 31.9000   
9      | 46.3002    | 46.3750    | 36.7510    | 34.3250   

TIME TAKEN = 7203.02631 ms
Run 54

BASIC IMPLEMENTATION
--------------------------------------------------------------

Index  | Call Model | Call Actual | Put Model  | Put Actual
--------------------------------------------------------------
0      | 51.3883    | 51.7000    | 28.5523    | 29.6500   
1      | 53.1439    | 53.6500    | 24.8999    | 27.3750   
2      | 55.5507    | 56.4000    | 21.9540    | 25.3500   
3      | 58.3779    | 59.9750    | 18.8546    | 23.2750   
4      | 60.7531    | 63.1750    | 16.0375    | 21.2000   
5      | 62.9777    | 66.3250    | 13.9869    | 19.5250   
6      | 65.1464    | 69.7250    | 11.9810    | 17.7500   
7      | 67.0319    | 72.9000    | 10.2835    | 16.1500   
8      | 48.6629    | 48.7500    | 32.3818    | 31.9000   
9      | 46.3002    | 46.3750    | 36.7510    | 34.3250   

TIME TAKEN = 7254.59000 ms
Run 55

BASIC IMPLEMENTATION
--------------------------------------------------------------

Index  | Call Model | Call Actual | Put Model  | Put Actual
--------------------------------------------------------------
0      | 51.3883    | 51.7000    | 28.5523    | 29.6500   
1      | 53.1439    | 53.6500    | 24.8999    | 27.3750   
2      | 55.5507    | 56.4000    | 21.9540    | 25.3500   
3      | 58.3779    | 59.9750    | 18.8546    | 23.2750   
4      | 60.7531    | 63.1750    | 16.0375    | 21.2000   
5      | 62.9777    | 66.3250    | 13.9869    | 19.5250   
6      | 65.1464    | 69.7250    | 11.9810    | 17.7500   
7      | 67.0319    | 72.9000    | 10.2835    | 16.1500   
8      | 48.6629    | 48.7500    | 32.3818    | 31.9000   
9      | 46.3002    | 46.3750    | 36.7510    | 34.3250   

TIME TAKEN = 7190.51983 ms
Run 56

BASIC IMPLEMENTATION
--------------------------------------------------------------

Index  | Call Model | Call Actual | Put Model  | Put Actual
--------------------------------------------------------------
0      | 51.3883    | 51.7000    | 28.5523    | 29.6500   
1      | 53.1439    | 53.6500    | 24.8999    | 27.3750   
2      | 55.5507    | 56.4000    | 21.9540    | 25.3500   
3      | 58.3779    | 59.9750    | 18.8546    | 23.2750   
4      | 60.7531    | 63.1750    | 16.0375    | 21.2000   
5      | 62.9777    | 66.3250    | 13.9869    | 19.5250   
6      | 65.1464    | 69.7250    | 11.9810    | 17.7500   
7      | 67.0319    | 72.9000    | 10.2835    | 16.1500   
8      | 48.6629    | 48.7500    | 32.3818    | 31.9000   
9      | 46.3002    | 46.3750    | 36.7510    | 34.3250   

TIME TAKEN = 7207.19774 ms
Run 57

BASIC IMPLEMENTATION
--------------------------------------------------------------

Index  | Call Model | Call Actual | Put Model  | Put Actual
--------------------------------------------------------------
0      | 51.3883    | 51.7000    | 28.5523    | 29.6500   
1      | 53.1439    | 53.6500    | 24.8999    | 27.3750   
2      | 55.5507    | 56.4000    | 21.9540    | 25.3500   
3      | 58.3779    | 59.9750    | 18.8546    | 23.2750   
4      | 60.7531    | 63.1750    | 16.0375    | 21.2000   
5      | 62.9777    | 66.3250    | 13.9869    | 19.5250   
6      | 65.1464    | 69.7250    | 11.9810    | 17.7500   
7      | 67.0319    | 72.9000    | 10.2835    | 16.1500   
8      | 48.6629    | 48.7500    | 32.3818    | 31.9000   
9      | 46.3002    | 46.3750    | 36.7510    | 34.3250   

TIME TAKEN = 7197.25189 ms
Run 58

BASIC IMPLEMENTATION
--------------------------------------------------------------

Index  | Call Model | Call Actual | Put Model  | Put Actual
--------------------------------------------------------------
0      | 51.3883    | 51.7000    | 28.5523    | 29.6500   
1      | 53.1439    | 53.6500    | 24.8999    | 27.3750   
2      | 55.5507    | 56.4000    | 21.9540    | 25.3500   
3      | 58.3779    | 59.9750    | 18.8546    | 23.2750   
4      | 60.7531    | 63.1750    | 16.0375    | 21.2000   
5      | 62.9777    | 66.3250    | 13.9869    | 19.5250   
6      | 65.1464    | 69.7250    | 11.9810    | 17.7500   
7      | 67.0319    | 72.9000    | 10.2835    | 16.1500   
8      | 48.6629    | 48.7500    | 32.3818    | 31.9000   
9      | 46.3002    | 46.3750    | 36.7510    | 34.3250   

TIME TAKEN = 7181.10770 ms
Run 59

BASIC IMPLEMENTATION
--------------------------------------------------------------

Index  | Call Model | Call Actual | Put Model  | Put Actual
--------------------------------------------------------------
0      | 51.3883    | 51.7000    | 28.5523    | 29.6500   
1      | 53.1439    | 53.6500    | 24.8999    | 27.3750   
2      | 55.5507    | 56.4000    | 21.9540    | 25.3500   
3      | 58.3779    | 59.9750    | 18.8546    | 23.2750   
4      | 60.7531    | 63.1750    | 16.0375    | 21.2000   
5      | 62.9777    | 66.3250    | 13.9869    | 19.5250   
6      | 65.1464    | 69.7250    | 11.9810    | 17.7500   
7      | 67.0319    | 72.9000    | 10.2835    | 16.1500   
8      | 48.6629    | 48.7500    | 32.3818    | 31.9000   
9      | 46.3002    | 46.3750    | 36.7510    | 34.3250   

TIME TAKEN = 7039.47642 ms
Run 60

BASIC IMPLEMENTATION
--------------------------------------------------------------

Index  | Call Model | Call Actual | Put Model  | Put Actual
--------------------------------------------------------------
0      | 51.3883    | 51.7000    | 28.5523    | 29.6500   
1      | 53.1439    | 53.6500    | 24.8999    | 27.3750   
2      | 55.5507    | 56.4000    | 21.9540    | 25.3500   
3      | 58.3779    | 59.9750    | 18.8546    | 23.2750   
4      | 60.7531    | 63.1750    | 16.0375    | 21.2000   
5      | 62.9777    | 66.3250    | 13.9869    | 19.5250   
6      | 65.1464    | 69.7250    | 11.9810    | 17.7500   
7      | 67.0319    | 72.9000    | 10.2835    | 16.1500   
8      | 48.6629    | 48.7500    | 32.3818    | 31.9000   
9      | 46.3002    | 46.3750    | 36.7510    | 34.3250   

TIME TAKEN = 7012.24376 ms
Run 61

BASIC IMPLEMENTATION
--------------------------------------------------------------

Index  | Call Model | Call Actual | Put Model  | Put Actual
--------------------------------------------------------------
0      | 51.3883    | 51.7000    | 28.5523    | 29.6500   
1      | 53.1439    | 53.6500    | 24.8999    | 27.3750   
2      | 55.5507    | 56.4000    | 21.9540    | 25.3500   
3      | 58.3779    | 59.9750    | 18.8546    | 23.2750   
4      | 60.7531    | 63.1750    | 16.0375    | 21.2000   
5      | 62.9777    | 66.3250    | 13.9869    | 19.5250   
6      | 65.1464    | 69.7250    | 11.9810    | 17.7500   
7      | 67.0319    | 72.9000    | 10.2835    | 16.1500   
8      | 48.6629    | 48.7500    | 32.3818    | 31.9000   
9      | 46.3002    | 46.3750    | 36.7510    | 34.3250   

TIME TAKEN = 7189.30296 ms
Run 62

BASIC IMPLEMENTATION
--------------------------------------------------------------

Index  | Call Model | Call Actual | Put Model  | Put Actual
--------------------------------------------------------------
0      | 51.3883    | 51.7000    | 28.5523    | 29.6500   
1      | 53.1439    | 53.6500    | 24.8999    | 27.3750   
2      | 55.5507    | 56.4000    | 21.9540    | 25.3500   
3      | 58.3779    | 59.9750    | 18.8546    | 23.2750   
4      | 60.7531    | 63.1750    | 16.0375    | 21.2000   
5      | 62.9777    | 66.3250    | 13.9869    | 19.5250   
6      | 65.1464    | 69.7250    | 11.9810    | 17.7500   
7      | 67.0319    | 72.9000    | 10.2835    | 16.1500   
8      | 48.6629    | 48.7500    | 32.3818    | 31.9000   
9      | 46.3002    | 46.3750    | 36.7510    | 34.3250   

TIME TAKEN = 7194.23285 ms
Run 63

BASIC IMPLEMENTATION
--------------------------------------------------------------

Index  | Call Model | Call Actual | Put Model  | Put Actual
--------------------------------------------------------------
0      | 51.3883    | 51.7000    | 28.5523    | 29.6500   
1      | 53.1439    | 53.6500    | 24.8999    | 27.3750   
2      | 55.5507    | 56.4000    | 21.9540    | 25.3500   
3      | 58.3779    | 59.9750    | 18.8546    | 23.2750   
4      | 60.7531    | 63.1750    | 16.0375    | 21.2000   
5      | 62.9777    | 66.3250    | 13.9869    | 19.5250   
6      | 65.1464    | 69.7250    | 11.9810    | 17.7500   
7      | 67.0319    | 72.9000    | 10.2835    | 16.1500   
8      | 48.6629    | 48.7500    | 32.3818    | 31.9000   
9      | 46.3002    | 46.3750    | 36.7510    | 34.3250   

TIME TAKEN = 7039.21829 ms
Run 64

BASIC IMPLEMENTATION
--------------------------------------------------------------

Index  | Call Model | Call Actual | Put Model  | Put Actual
--------------------------------------------------------------
0      | 51.3883    | 51.7000    | 28.5523    | 29.6500   
1      | 53.1439    | 53.6500    | 24.8999    | 27.3750   
2      | 55.5507    | 56.4000    | 21.9540    | 25.3500   
3      | 58.3779    | 59.9750    | 18.8546    | 23.2750   
4      | 60.7531    | 63.1750    | 16.0375    | 21.2000   
5      | 62.9777    | 66.3250    | 13.9869    | 19.5250   
6      | 65.1464    | 69.7250    | 11.9810    | 17.7500   
7      | 67.0319    | 72.9000    | 10.2835    | 16.1500   
8      | 48.6629    | 48.7500    | 32.3818    | 31.9000   
9      | 46.3002    | 46.3750    | 36.7510    | 34.3250   

TIME TAKEN = 7194.16192 ms
Run 65

BASIC IMPLEMENTATION
--------------------------------------------------------------

Index  | Call Model | Call Actual | Put Model  | Put Actual
--------------------------------------------------------------
0      | 51.3883    | 51.7000    | 28.5523    | 29.6500   
1      | 53.1439    | 53.6500    | 24.8999    | 27.3750   
2      | 55.5507    | 56.4000    | 21.9540    | 25.3500   
3      | 58.3779    | 59.9750    | 18.8546    | 23.2750   
4      | 60.7531    | 63.1750    | 16.0375    | 21.2000   
5      | 62.9777    | 66.3250    | 13.9869    | 19.5250   
6      | 65.1464    | 69.7250    | 11.9810    | 17.7500   
7      | 67.0319    | 72.9000    | 10.2835    | 16.1500   
8      | 48.6629    | 48.7500    | 32.3818    | 31.9000   
9      | 46.3002    | 46.3750    | 36.7510    | 34.3250   

TIME TAKEN = 7182.71360 ms
Run 66

BASIC IMPLEMENTATION
--------------------------------------------------------------

Index  | Call Model | Call Actual | Put Model  | Put Actual
--------------------------------------------------------------
0      | 51.3883    | 51.7000    | 28.5523    | 29.6500   
1      | 53.1439    | 53.6500    | 24.8999    | 27.3750   
2      | 55.5507    | 56.4000    | 21.9540    | 25.3500   
3      | 58.3779    | 59.9750    | 18.8546    | 23.2750   
4      | 60.7531    | 63.1750    | 16.0375    | 21.2000   
5      | 62.9777    | 66.3250    | 13.9869    | 19.5250   
6      | 65.1464    | 69.7250    | 11.9810    | 17.7500   
7      | 67.0319    | 72.9000    | 10.2835    | 16.1500   
8      | 48.6629    | 48.7500    | 32.3818    | 31.9000   
9      | 46.3002    | 46.3750    | 36.7510    | 34.3250   

TIME TAKEN = 7193.72516 ms
Run 67

BASIC IMPLEMENTATION
--------------------------------------------------------------

Index  | Call Model | Call Actual | Put Model  | Put Actual
--------------------------------------------------------------
0      | 51.3883    | 51.7000    | 28.5523    | 29.6500   
1      | 53.1439    | 53.6500    | 24.8999    | 27.3750   
2      | 55.5507    | 56.4000    | 21.9540    | 25.3500   
3      | 58.3779    | 59.9750    | 18.8546    | 23.2750   
4      | 60.7531    | 63.1750    | 16.0375    | 21.2000   
5      | 62.9777    | 66.3250    | 13.9869    | 19.5250   
6      | 65.1464    | 69.7250    | 11.9810    | 17.7500   
7      | 67.0319    | 72.9000    | 10.2835    | 16.1500   
8      | 48.6629    | 48.7500    | 32.3818    | 31.9000   
9      | 46.3002    | 46.3750    | 36.7510    | 34.3250   

TIME TAKEN = 7213.35656 ms
Run 68

BASIC IMPLEMENTATION
--------------------------------------------------------------

Index  | Call Model | Call Actual | Put Model  | Put Actual
--------------------------------------------------------------
0      | 51.3883    | 51.7000    | 28.5523    | 29.6500   
1      | 53.1439    | 53.6500    | 24.8999    | 27.3750   
2      | 55.5507    | 56.4000    | 21.9540    | 25.3500   
3      | 58.3779    | 59.9750    | 18.8546    | 23.2750   
4      | 60.7531    | 63.1750    | 16.0375    | 21.2000   
5      | 62.9777    | 66.3250    | 13.9869    | 19.5250   
6      | 65.1464    | 69.7250    | 11.9810    | 17.7500   
7      | 67.0319    | 72.9000    | 10.2835    | 16.1500   
8      | 48.6629    | 48.7500    | 32.3818    | 31.9000   
9      | 46.3002    | 46.3750    | 36.7510    | 34.3250   

TIME TAKEN = 6999.69967 ms
Run 69

BASIC IMPLEMENTATION
--------------------------------------------------------------

Index  | Call Model | Call Actual | Put Model  | Put Actual
--------------------------------------------------------------
0      | 51.3883    | 51.7000    | 28.5523    | 29.6500   
1      | 53.1439    | 53.6500    | 24.8999    | 27.3750   
2      | 55.5507    | 56.4000    | 21.9540    | 25.3500   
3      | 58.3779    | 59.9750    | 18.8546    | 23.2750   
4      | 60.7531    | 63.1750    | 16.0375    | 21.2000   
5      | 62.9777    | 66.3250    | 13.9869    | 19.5250   
6      | 65.1464    | 69.7250    | 11.9810    | 17.7500   
7      | 67.0319    | 72.9000    | 10.2835    | 16.1500   
8      | 48.6629    | 48.7500    | 32.3818    | 31.9000   
9      | 46.3002    | 46.3750    | 36.7510    | 34.3250   

TIME TAKEN = 7005.24883 ms
Run 70

BASIC IMPLEMENTATION
--------------------------------------------------------------

Index  | Call Model | Call Actual | Put Model  | Put Actual
--------------------------------------------------------------
0      | 51.3883    | 51.7000    | 28.5523    | 29.6500   
1      | 53.1439    | 53.6500    | 24.8999    | 27.3750   
2      | 55.5507    | 56.4000    | 21.9540    | 25.3500   
3      | 58.3779    | 59.9750    | 18.8546    | 23.2750   
4      | 60.7531    | 63.1750    | 16.0375    | 21.2000   
5      | 62.9777    | 66.3250    | 13.9869    | 19.5250   
6      | 65.1464    | 69.7250    | 11.9810    | 17.7500   
7      | 67.0319    | 72.9000    | 10.2835    | 16.1500   
8      | 48.6629    | 48.7500    | 32.3818    | 31.9000   
9      | 46.3002    | 46.3750    | 36.7510    | 34.3250   

TIME TAKEN = 7034.01506 ms
Run 71

BASIC IMPLEMENTATION
--------------------------------------------------------------

Index  | Call Model | Call Actual | Put Model  | Put Actual
--------------------------------------------------------------
0      | 51.3883    | 51.7000    | 28.5523    | 29.6500   
1      | 53.1439    | 53.6500    | 24.8999    | 27.3750   
2      | 55.5507    | 56.4000    | 21.9540    | 25.3500   
3      | 58.3779    | 59.9750    | 18.8546    | 23.2750   
4      | 60.7531    | 63.1750    | 16.0375    | 21.2000   
5      | 62.9777    | 66.3250    | 13.9869    | 19.5250   
6      | 65.1464    | 69.7250    | 11.9810    | 17.7500   
7      | 67.0319    | 72.9000    | 10.2835    | 16.1500   
8      | 48.6629    | 48.7500    | 32.3818    | 31.9000   
9      | 46.3002    | 46.3750    | 36.7510    | 34.3250   

TIME TAKEN = 6989.45442 ms
Run 72

BASIC IMPLEMENTATION
--------------------------------------------------------------

Index  | Call Model | Call Actual | Put Model  | Put Actual
--------------------------------------------------------------
0      | 51.3883    | 51.7000    | 28.5523    | 29.6500   
1      | 53.1439    | 53.6500    | 24.8999    | 27.3750   
2      | 55.5507    | 56.4000    | 21.9540    | 25.3500   
3      | 58.3779    | 59.9750    | 18.8546    | 23.2750   
4      | 60.7531    | 63.1750    | 16.0375    | 21.2000   
5      | 62.9777    | 66.3250    | 13.9869    | 19.5250   
6      | 65.1464    | 69.7250    | 11.9810    | 17.7500   
7      | 67.0319    | 72.9000    | 10.2835    | 16.1500   
8      | 48.6629    | 48.7500    | 32.3818    | 31.9000   
9      | 46.3002    | 46.3750    | 36.7510    | 34.3250   

TIME TAKEN = 7021.23054 ms
Run 73

BASIC IMPLEMENTATION
--------------------------------------------------------------

Index  | Call Model | Call Actual | Put Model  | Put Actual
--------------------------------------------------------------
0      | 51.3883    | 51.7000    | 28.5523    | 29.6500   
1      | 53.1439    | 53.6500    | 24.8999    | 27.3750   
2      | 55.5507    | 56.4000    | 21.9540    | 25.3500   
3      | 58.3779    | 59.9750    | 18.8546    | 23.2750   
4      | 60.7531    | 63.1750    | 16.0375    | 21.2000   
5      | 62.9777    | 66.3250    | 13.9869    | 19.5250   
6      | 65.1464    | 69.7250    | 11.9810    | 17.7500   
7      | 67.0319    | 72.9000    | 10.2835    | 16.1500   
8      | 48.6629    | 48.7500    | 32.3818    | 31.9000   
9      | 46.3002    | 46.3750    | 36.7510    | 34.3250   

TIME TAKEN = 7062.21032 ms
Run 74

BASIC IMPLEMENTATION
--------------------------------------------------------------

Index  | Call Model | Call Actual | Put Model  | Put Actual
--------------------------------------------------------------
0      | 51.3883    | 51.7000    | 28.5523    | 29.6500   
1      | 53.1439    | 53.6500    | 24.8999    | 27.3750   
2      | 55.5507    | 56.4000    | 21.9540    | 25.3500   
3      | 58.3779    | 59.9750    | 18.8546    | 23.2750   
4      | 60.7531    | 63.1750    | 16.0375    | 21.2000   
5      | 62.9777    | 66.3250    | 13.9869    | 19.5250   
6      | 65.1464    | 69.7250    | 11.9810    | 17.7500   
7      | 67.0319    | 72.9000    | 10.2835    | 16.1500   
8      | 48.6629    | 48.7500    | 32.3818    | 31.9000   
9      | 46.3002    | 46.3750    | 36.7510    | 34.3250   

TIME TAKEN = 7027.18122 ms
Run 75

BASIC IMPLEMENTATION
--------------------------------------------------------------

Index  | Call Model | Call Actual | Put Model  | Put Actual
--------------------------------------------------------------
0      | 51.3883    | 51.7000    | 28.5523    | 29.6500   
1      | 53.1439    | 53.6500    | 24.8999    | 27.3750   
2      | 55.5507    | 56.4000    | 21.9540    | 25.3500   
3      | 58.3779    | 59.9750    | 18.8546    | 23.2750   
4      | 60.7531    | 63.1750    | 16.0375    | 21.2000   
5      | 62.9777    | 66.3250    | 13.9869    | 19.5250   
6      | 65.1464    | 69.7250    | 11.9810    | 17.7500   
7      | 67.0319    | 72.9000    | 10.2835    | 16.1500   
8      | 48.6629    | 48.7500    | 32.3818    | 31.9000   
9      | 46.3002    | 46.3750    | 36.7510    | 34.3250   

TIME TAKEN = 7193.70408 ms
Run 76

BASIC IMPLEMENTATION
--------------------------------------------------------------

Index  | Call Model | Call Actual | Put Model  | Put Actual
--------------------------------------------------------------
0      | 51.3883    | 51.7000    | 28.5523    | 29.6500   
1      | 53.1439    | 53.6500    | 24.8999    | 27.3750   
2      | 55.5507    | 56.4000    | 21.9540    | 25.3500   
3      | 58.3779    | 59.9750    | 18.8546    | 23.2750   
4      | 60.7531    | 63.1750    | 16.0375    | 21.2000   
5      | 62.9777    | 66.3250    | 13.9869    | 19.5250   
6      | 65.1464    | 69.7250    | 11.9810    | 17.7500   
7      | 67.0319    | 72.9000    | 10.2835    | 16.1500   
8      | 48.6629    | 48.7500    | 32.3818    | 31.9000   
9      | 46.3002    | 46.3750    | 36.7510    | 34.3250   

TIME TAKEN = 7214.87076 ms
Run 77

BASIC IMPLEMENTATION
--------------------------------------------------------------

Index  | Call Model | Call Actual | Put Model  | Put Actual
--------------------------------------------------------------
0      | 51.3883    | 51.7000    | 28.5523    | 29.6500   
1      | 53.1439    | 53.6500    | 24.8999    | 27.3750   
2      | 55.5507    | 56.4000    | 21.9540    | 25.3500   
3      | 58.3779    | 59.9750    | 18.8546    | 23.2750   
4      | 60.7531    | 63.1750    | 16.0375    | 21.2000   
5      | 62.9777    | 66.3250    | 13.9869    | 19.5250   
6      | 65.1464    | 69.7250    | 11.9810    | 17.7500   
7      | 67.0319    | 72.9000    | 10.2835    | 16.1500   
8      | 48.6629    | 48.7500    | 32.3818    | 31.9000   
9      | 46.3002    | 46.3750    | 36.7510    | 34.3250   

TIME TAKEN = 7006.22032 ms
Run 78

BASIC IMPLEMENTATION
--------------------------------------------------------------

Index  | Call Model | Call Actual | Put Model  | Put Actual
--------------------------------------------------------------
0      | 51.3883    | 51.7000    | 28.5523    | 29.6500   
1      | 53.1439    | 53.6500    | 24.8999    | 27.3750   
2      | 55.5507    | 56.4000    | 21.9540    | 25.3500   
3      | 58.3779    | 59.9750    | 18.8546    | 23.2750   
4      | 60.7531    | 63.1750    | 16.0375    | 21.2000   
5      | 62.9777    | 66.3250    | 13.9869    | 19.5250   
6      | 65.1464    | 69.7250    | 11.9810    | 17.7500   
7      | 67.0319    | 72.9000    | 10.2835    | 16.1500   
8      | 48.6629    | 48.7500    | 32.3818    | 31.9000   
9      | 46.3002    | 46.3750    | 36.7510    | 34.3250   

TIME TAKEN = 7042.45983 ms
Run 79

BASIC IMPLEMENTATION
--------------------------------------------------------------

Index  | Call Model | Call Actual | Put Model  | Put Actual
--------------------------------------------------------------
0      | 51.3883    | 51.7000    | 28.5523    | 29.6500   
1      | 53.1439    | 53.6500    | 24.8999    | 27.3750   
2      | 55.5507    | 56.4000    | 21.9540    | 25.3500   
3      | 58.3779    | 59.9750    | 18.8546    | 23.2750   
4      | 60.7531    | 63.1750    | 16.0375    | 21.2000   
5      | 62.9777    | 66.3250    | 13.9869    | 19.5250   
6      | 65.1464    | 69.7250    | 11.9810    | 17.7500   
7      | 67.0319    | 72.9000    | 10.2835    | 16.1500   
8      | 48.6629    | 48.7500    | 32.3818    | 31.9000   
9      | 46.3002    | 46.3750    | 36.7510    | 34.3250   

TIME TAKEN = 7050.23699 ms
Run 80

BASIC IMPLEMENTATION
--------------------------------------------------------------

Index  | Call Model | Call Actual | Put Model  | Put Actual
--------------------------------------------------------------
0      | 51.3883    | 51.7000    | 28.5523    | 29.6500   
1      | 53.1439    | 53.6500    | 24.8999    | 27.3750   
2      | 55.5507    | 56.4000    | 21.9540    | 25.3500   
3      | 58.3779    | 59.9750    | 18.8546    | 23.2750   
4      | 60.7531    | 63.1750    | 16.0375    | 21.2000   
5      | 62.9777    | 66.3250    | 13.9869    | 19.5250   
6      | 65.1464    | 69.7250    | 11.9810    | 17.7500   
7      | 67.0319    | 72.9000    | 10.2835    | 16.1500   
8      | 48.6629    | 48.7500    | 32.3818    | 31.9000   
9      | 46.3002    | 46.3750    | 36.7510    | 34.3250   

TIME TAKEN = 7058.70485 ms
Run 81

BASIC IMPLEMENTATION
--------------------------------------------------------------

Index  | Call Model | Call Actual | Put Model  | Put Actual
--------------------------------------------------------------
0      | 51.3883    | 51.7000    | 28.5523    | 29.6500   
1      | 53.1439    | 53.6500    | 24.8999    | 27.3750   
2      | 55.5507    | 56.4000    | 21.9540    | 25.3500   
3      | 58.3779    | 59.9750    | 18.8546    | 23.2750   
4      | 60.7531    | 63.1750    | 16.0375    | 21.2000   
5      | 62.9777    | 66.3250    | 13.9869    | 19.5250   
6      | 65.1464    | 69.7250    | 11.9810    | 17.7500   
7      | 67.0319    | 72.9000    | 10.2835    | 16.1500   
8      | 48.6629    | 48.7500    | 32.3818    | 31.9000   
9      | 46.3002    | 46.3750    | 36.7510    | 34.3250   

TIME TAKEN = 7069.16662 ms
Run 82

BASIC IMPLEMENTATION
--------------------------------------------------------------

Index  | Call Model | Call Actual | Put Model  | Put Actual
--------------------------------------------------------------
0      | 51.3883    | 51.7000    | 28.5523    | 29.6500   
1      | 53.1439    | 53.6500    | 24.8999    | 27.3750   
2      | 55.5507    | 56.4000    | 21.9540    | 25.3500   
3      | 58.3779    | 59.9750    | 18.8546    | 23.2750   
4      | 60.7531    | 63.1750    | 16.0375    | 21.2000   
5      | 62.9777    | 66.3250    | 13.9869    | 19.5250   
6      | 65.1464    | 69.7250    | 11.9810    | 17.7500   
7      | 67.0319    | 72.9000    | 10.2835    | 16.1500   
8      | 48.6629    | 48.7500    | 32.3818    | 31.9000   
9      | 46.3002    | 46.3750    | 36.7510    | 34.3250   

TIME TAKEN = 7063.87669 ms
Run 83

BASIC IMPLEMENTATION
--------------------------------------------------------------

Index  | Call Model | Call Actual | Put Model  | Put Actual
--------------------------------------------------------------
0      | 51.3883    | 51.7000    | 28.5523    | 29.6500   
1      | 53.1439    | 53.6500    | 24.8999    | 27.3750   
2      | 55.5507    | 56.4000    | 21.9540    | 25.3500   
3      | 58.3779    | 59.9750    | 18.8546    | 23.2750   
4      | 60.7531    | 63.1750    | 16.0375    | 21.2000   
5      | 62.9777    | 66.3250    | 13.9869    | 19.5250   
6      | 65.1464    | 69.7250    | 11.9810    | 17.7500   
7      | 67.0319    | 72.9000    | 10.2835    | 16.1500   
8      | 48.6629    | 48.7500    | 32.3818    | 31.9000   
9      | 46.3002    | 46.3750    | 36.7510    | 34.3250   

TIME TAKEN = 7122.76272 ms
Run 84

BASIC IMPLEMENTATION
--------------------------------------------------------------

Index  | Call Model | Call Actual | Put Model  | Put Actual
--------------------------------------------------------------
0      | 51.3883    | 51.7000    | 28.5523    | 29.6500   
1      | 53.1439    | 53.6500    | 24.8999    | 27.3750   
2      | 55.5507    | 56.4000    | 21.9540    | 25.3500   
3      | 58.3779    | 59.9750    | 18.8546    | 23.2750   
4      | 60.7531    | 63.1750    | 16.0375    | 21.2000   
5      | 62.9777    | 66.3250    | 13.9869    | 19.5250   
6      | 65.1464    | 69.7250    | 11.9810    | 17.7500   
7      | 67.0319    | 72.9000    | 10.2835    | 16.1500   
8      | 48.6629    | 48.7500    | 32.3818    | 31.9000   
9      | 46.3002    | 46.3750    | 36.7510    | 34.3250   

TIME TAKEN = 7162.31710 ms
Run 85

BASIC IMPLEMENTATION
--------------------------------------------------------------

Index  | Call Model | Call Actual | Put Model  | Put Actual
--------------------------------------------------------------
0      | 51.3883    | 51.7000    | 28.5523    | 29.6500   
1      | 53.1439    | 53.6500    | 24.8999    | 27.3750   
2      | 55.5507    | 56.4000    | 21.9540    | 25.3500   
3      | 58.3779    | 59.9750    | 18.8546    | 23.2750   
4      | 60.7531    | 63.1750    | 16.0375    | 21.2000   
5      | 62.9777    | 66.3250    | 13.9869    | 19.5250   
6      | 65.1464    | 69.7250    | 11.9810    | 17.7500   
7      | 67.0319    | 72.9000    | 10.2835    | 16.1500   
8      | 48.6629    | 48.7500    | 32.3818    | 31.9000   
9      | 46.3002    | 46.3750    | 36.7510    | 34.3250   

TIME TAKEN = 7222.89435 ms
Run 86

BASIC IMPLEMENTATION
--------------------------------------------------------------

Index  | Call Model | Call Actual | Put Model  | Put Actual
--------------------------------------------------------------
0      | 51.3883    | 51.7000    | 28.5523    | 29.6500   
1      | 53.1439    | 53.6500    | 24.8999    | 27.3750   
2      | 55.5507    | 56.4000    | 21.9540    | 25.3500   
3      | 58.3779    | 59.9750    | 18.8546    | 23.2750   
4      | 60.7531    | 63.1750    | 16.0375    | 21.2000   
5      | 62.9777    | 66.3250    | 13.9869    | 19.5250   
6      | 65.1464    | 69.7250    | 11.9810    | 17.7500   
7      | 67.0319    | 72.9000    | 10.2835    | 16.1500   
8      | 48.6629    | 48.7500    | 32.3818    | 31.9000   
9      | 46.3002    | 46.3750    | 36.7510    | 34.3250   

TIME TAKEN = 7183.59784 ms
Run 87

BASIC IMPLEMENTATION
--------------------------------------------------------------

Index  | Call Model | Call Actual | Put Model  | Put Actual
--------------------------------------------------------------
0      | 51.3883    | 51.7000    | 28.5523    | 29.6500   
1      | 53.1439    | 53.6500    | 24.8999    | 27.3750   
2      | 55.5507    | 56.4000    | 21.9540    | 25.3500   
3      | 58.3779    | 59.9750    | 18.8546    | 23.2750   
4      | 60.7531    | 63.1750    | 16.0375    | 21.2000   
5      | 62.9777    | 66.3250    | 13.9869    | 19.5250   
6      | 65.1464    | 69.7250    | 11.9810    | 17.7500   
7      | 67.0319    | 72.9000    | 10.2835    | 16.1500   
8      | 48.6629    | 48.7500    | 32.3818    | 31.9000   
9      | 46.3002    | 46.3750    | 36.7510    | 34.3250   

TIME TAKEN = 7183.78953 ms
Run 88

BASIC IMPLEMENTATION
--------------------------------------------------------------

Index  | Call Model | Call Actual | Put Model  | Put Actual
--------------------------------------------------------------
0      | 51.3883    | 51.7000    | 28.5523    | 29.6500   
1      | 53.1439    | 53.6500    | 24.8999    | 27.3750   
2      | 55.5507    | 56.4000    | 21.9540    | 25.3500   
3      | 58.3779    | 59.9750    | 18.8546    | 23.2750   
4      | 60.7531    | 63.1750    | 16.0375    | 21.2000   
5      | 62.9777    | 66.3250    | 13.9869    | 19.5250   
6      | 65.1464    | 69.7250    | 11.9810    | 17.7500   
7      | 67.0319    | 72.9000    | 10.2835    | 16.1500   
8      | 48.6629    | 48.7500    | 32.3818    | 31.9000   
9      | 46.3002    | 46.3750    | 36.7510    | 34.3250   

TIME TAKEN = 7190.70646 ms
Run 89

BASIC IMPLEMENTATION
--------------------------------------------------------------

Index  | Call Model | Call Actual | Put Model  | Put Actual
--------------------------------------------------------------
0      | 51.3883    | 51.7000    | 28.5523    | 29.6500   
1      | 53.1439    | 53.6500    | 24.8999    | 27.3750   
2      | 55.5507    | 56.4000    | 21.9540    | 25.3500   
3      | 58.3779    | 59.9750    | 18.8546    | 23.2750   
4      | 60.7531    | 63.1750    | 16.0375    | 21.2000   
5      | 62.9777    | 66.3250    | 13.9869    | 19.5250   
6      | 65.1464    | 69.7250    | 11.9810    | 17.7500   
7      | 67.0319    | 72.9000    | 10.2835    | 16.1500   
8      | 48.6629    | 48.7500    | 32.3818    | 31.9000   
9      | 46.3002    | 46.3750    | 36.7510    | 34.3250   

TIME TAKEN = 7060.21786 ms
Run 90

BASIC IMPLEMENTATION
--------------------------------------------------------------

Index  | Call Model | Call Actual | Put Model  | Put Actual
--------------------------------------------------------------
0      | 51.3883    | 51.7000    | 28.5523    | 29.6500   
1      | 53.1439    | 53.6500    | 24.8999    | 27.3750   
2      | 55.5507    | 56.4000    | 21.9540    | 25.3500   
3      | 58.3779    | 59.9750    | 18.8546    | 23.2750   
4      | 60.7531    | 63.1750    | 16.0375    | 21.2000   
5      | 62.9777    | 66.3250    | 13.9869    | 19.5250   
6      | 65.1464    | 69.7250    | 11.9810    | 17.7500   
7      | 67.0319    | 72.9000    | 10.2835    | 16.1500   
8      | 48.6629    | 48.7500    | 32.3818    | 31.9000   
9      | 46.3002    | 46.3750    | 36.7510    | 34.3250   

TIME TAKEN = 7047.58994 ms
Run 91

BASIC IMPLEMENTATION
--------------------------------------------------------------

Index  | Call Model | Call Actual | Put Model  | Put Actual
--------------------------------------------------------------
0      | 51.3883    | 51.7000    | 28.5523    | 29.6500   
1      | 53.1439    | 53.6500    | 24.8999    | 27.3750   
2      | 55.5507    | 56.4000    | 21.9540    | 25.3500   
3      | 58.3779    | 59.9750    | 18.8546    | 23.2750   
4      | 60.7531    | 63.1750    | 16.0375    | 21.2000   
5      | 62.9777    | 66.3250    | 13.9869    | 19.5250   
6      | 65.1464    | 69.7250    | 11.9810    | 17.7500   
7      | 67.0319    | 72.9000    | 10.2835    | 16.1500   
8      | 48.6629    | 48.7500    | 32.3818    | 31.9000   
9      | 46.3002    | 46.3750    | 36.7510    | 34.3250   

TIME TAKEN = 7189.61586 ms
Run 92

BASIC IMPLEMENTATION
--------------------------------------------------------------

Index  | Call Model | Call Actual | Put Model  | Put Actual
--------------------------------------------------------------
0      | 51.3883    | 51.7000    | 28.5523    | 29.6500   
1      | 53.1439    | 53.6500    | 24.8999    | 27.3750   
2      | 55.5507    | 56.4000    | 21.9540    | 25.3500   
3      | 58.3779    | 59.9750    | 18.8546    | 23.2750   
4      | 60.7531    | 63.1750    | 16.0375    | 21.2000   
5      | 62.9777    | 66.3250    | 13.9869    | 19.5250   
6      | 65.1464    | 69.7250    | 11.9810    | 17.7500   
7      | 67.0319    | 72.9000    | 10.2835    | 16.1500   
8      | 48.6629    | 48.7500    | 32.3818    | 31.9000   
9      | 46.3002    | 46.3750    | 36.7510    | 34.3250   

TIME TAKEN = 7036.96380 ms
Run 93

BASIC IMPLEMENTATION
--------------------------------------------------------------

Index  | Call Model | Call Actual | Put Model  | Put Actual
--------------------------------------------------------------
0      | 51.3883    | 51.7000    | 28.5523    | 29.6500   
1      | 53.1439    | 53.6500    | 24.8999    | 27.3750   
2      | 55.5507    | 56.4000    | 21.9540    | 25.3500   
3      | 58.3779    | 59.9750    | 18.8546    | 23.2750   
4      | 60.7531    | 63.1750    | 16.0375    | 21.2000   
5      | 62.9777    | 66.3250    | 13.9869    | 19.5250   
6      | 65.1464    | 69.7250    | 11.9810    | 17.7500   
7      | 67.0319    | 72.9000    | 10.2835    | 16.1500   
8      | 48.6629    | 48.7500    | 32.3818    | 31.9000   
9      | 46.3002    | 46.3750    | 36.7510    | 34.3250   

TIME TAKEN = 7057.93528 ms
Run 94

BASIC IMPLEMENTATION
--------------------------------------------------------------

Index  | Call Model | Call Actual | Put Model  | Put Actual
--------------------------------------------------------------
0      | 51.3883    | 51.7000    | 28.5523    | 29.6500   
1      | 53.1439    | 53.6500    | 24.8999    | 27.3750   
2      | 55.5507    | 56.4000    | 21.9540    | 25.3500   
3      | 58.3779    | 59.9750    | 18.8546    | 23.2750   
4      | 60.7531    | 63.1750    | 16.0375    | 21.2000   
5      | 62.9777    | 66.3250    | 13.9869    | 19.5250   
6      | 65.1464    | 69.7250    | 11.9810    | 17.7500   
7      | 67.0319    | 72.9000    | 10.2835    | 16.1500   
8      | 48.6629    | 48.7500    | 32.3818    | 31.9000   
9      | 46.3002    | 46.3750    | 36.7510    | 34.3250   

TIME TAKEN = 7083.57781 ms
Run 95

BASIC IMPLEMENTATION
--------------------------------------------------------------

Index  | Call Model | Call Actual | Put Model  | Put Actual
--------------------------------------------------------------
0      | 51.3883    | 51.7000    | 28.5523    | 29.6500   
1      | 53.1439    | 53.6500    | 24.8999    | 27.3750   
2      | 55.5507    | 56.4000    | 21.9540    | 25.3500   
3      | 58.3779    | 59.9750    | 18.8546    | 23.2750   
4      | 60.7531    | 63.1750    | 16.0375    | 21.2000   
5      | 62.9777    | 66.3250    | 13.9869    | 19.5250   
6      | 65.1464    | 69.7250    | 11.9810    | 17.7500   
7      | 67.0319    | 72.9000    | 10.2835    | 16.1500   
8      | 48.6629    | 48.7500    | 32.3818    | 31.9000   
9      | 46.3002    | 46.3750    | 36.7510    | 34.3250   

TIME TAKEN = 7076.29499 ms
Run 96

BASIC IMPLEMENTATION
--------------------------------------------------------------

Index  | Call Model | Call Actual | Put Model  | Put Actual
--------------------------------------------------------------
0      | 51.3883    | 51.7000    | 28.5523    | 29.6500   
1      | 53.1439    | 53.6500    | 24.8999    | 27.3750   
2      | 55.5507    | 56.4000    | 21.9540    | 25.3500   
3      | 58.3779    | 59.9750    | 18.8546    | 23.2750   
4      | 60.7531    | 63.1750    | 16.0375    | 21.2000   
5      | 62.9777    | 66.3250    | 13.9869    | 19.5250   
6      | 65.1464    | 69.7250    | 11.9810    | 17.7500   
7      | 67.0319    | 72.9000    | 10.2835    | 16.1500   
8      | 48.6629    | 48.7500    | 32.3818    | 31.9000   
9      | 46.3002    | 46.3750    | 36.7510    | 34.3250   

TIME TAKEN = 7067.18540 ms
Run 97

BASIC IMPLEMENTATION
--------------------------------------------------------------

Index  | Call Model | Call Actual | Put Model  | Put Actual
--------------------------------------------------------------
0      | 51.3883    | 51.7000    | 28.5523    | 29.6500   
1      | 53.1439    | 53.6500    | 24.8999    | 27.3750   
2      | 55.5507    | 56.4000    | 21.9540    | 25.3500   
3      | 58.3779    | 59.9750    | 18.8546    | 23.2750   
4      | 60.7531    | 63.1750    | 16.0375    | 21.2000   
5      | 62.9777    | 66.3250    | 13.9869    | 19.5250   
6      | 65.1464    | 69.7250    | 11.9810    | 17.7500   
7      | 67.0319    | 72.9000    | 10.2835    | 16.1500   
8      | 48.6629    | 48.7500    | 32.3818    | 31.9000   
9      | 46.3002    | 46.3750    | 36.7510    | 34.3250   

TIME TAKEN = 7094.16765 ms
Run 98

BASIC IMPLEMENTATION
--------------------------------------------------------------

Index  | Call Model | Call Actual | Put Model  | Put Actual
--------------------------------------------------------------
0      | 51.3883    | 51.7000    | 28.5523    | 29.6500   
1      | 53.1439    | 53.6500    | 24.8999    | 27.3750   
2      | 55.5507    | 56.4000    | 21.9540    | 25.3500   
3      | 58.3779    | 59.9750    | 18.8546    | 23.2750   
4      | 60.7531    | 63.1750    | 16.0375    | 21.2000   
5      | 62.9777    | 66.3250    | 13.9869    | 19.5250   
6      | 65.1464    | 69.7250    | 11.9810    | 17.7500   
7      | 67.0319    | 72.9000    | 10.2835    | 16.1500   
8      | 48.6629    | 48.7500    | 32.3818    | 31.9000   
9      | 46.3002    | 46.3750    | 36.7510    | 34.3250   

TIME TAKEN = 7190.95365 ms
Run 99

BASIC IMPLEMENTATION
--------------------------------------------------------------

Index  | Call Model | Call Actual | Put Model  | Put Actual
--------------------------------------------------------------
0      | 51.3883    | 51.7000    | 28.5523    | 29.6500   
1      | 53.1439    | 53.6500    | 24.8999    | 27.3750   
2      | 55.5507    | 56.4000    | 21.9540    | 25.3500   
3      | 58.3779    | 59.9750    | 18.8546    | 23.2750   
4      | 60.7531    | 63.1750    | 16.0375    | 21.2000   
5      | 62.9777    | 66.3250    | 13.9869    | 19.5250   
6      | 65.1464    | 69.7250    | 11.9810    | 17.7500   
7      | 67.0319    | 72.9000    | 10.2835    | 16.1500   
8      | 48.6629    | 48.7500    | 32.3818    | 31.9000   
9      | 46.3002    | 46.3750    | 36.7510    | 34.3250   

TIME TAKEN = 7055.38647 ms
Run 100

BASIC IMPLEMENTATION
--------------------------------------------------------------

Index  | Call Model | Call Actual | Put Model  | Put Actual
--------------------------------------------------------------
0      | 51.3883    | 51.7000    | 28.5523    | 29.6500   
1      | 53.1439    | 53.6500    | 24.8999    | 27.3750   
2      | 55.5507    | 56.4000    | 21.9540    | 25.3500   
3      | 58.3779    | 59.9750    | 18.8546    | 23.2750   
4      | 60.7531    | 63.1750    | 16.0375    | 21.2000   
5      | 62.9777    | 66.3250    | 13.9869    | 19.5250   
6      | 65.1464    | 69.7250    | 11.9810    | 17.7500   
7      | 67.0319    | 72.9000    | 10.2835    | 16.1500   
8      | 48.6629    | 48.7500    | 32.3818    | 31.9000   
9      | 46.3002    | 46.3750    | 36.7510    | 34.3250   

TIME TAKEN = 7213.31026 ms
Benchmarking: bin/black_scholes_base
Run 1

BASIC IMPLEMENTATION
--------------------------------------------------------------

Index  | Call Model | Call Actual | Put Model  | Put Actual
--------------------------------------------------------------
0      | 51.3883    | 51.7000    | 28.5523    | 29.6500   
1      | 53.1439    | 53.6500    | 24.8999    | 27.3750   
2      | 55.5507    | 56.4000    | 21.9540    | 25.3500   
3      | 58.3779    | 59.9750    | 18.8546    | 23.2750   
4      | 60.7531    | 63.1750    | 16.0375    | 21.2000   
5      | 62.9777    | 66.3250    | 13.9869    | 19.5250   
6      | 65.1464    | 69.7250    | 11.9810    | 17.7500   
7      | 67.0319    | 72.9000    | 10.2835    | 16.1500   
8      | 48.6629    | 48.7500    | 32.3818    | 31.9000   
9      | 46.3002    | 46.3750    | 36.7510    | 34.3250   

TIME TAKEN = 7115.56882 ms
Run 2

BASIC IMPLEMENTATION
--------------------------------------------------------------

Index  | Call Model | Call Actual | Put Model  | Put Actual
--------------------------------------------------------------
0      | 51.3883    | 51.7000    | 28.5523    | 29.6500   
1      | 53.1439    | 53.6500    | 24.8999    | 27.3750   
2      | 55.5507    | 56.4000    | 21.9540    | 25.3500   
3      | 58.3779    | 59.9750    | 18.8546    | 23.2750   
4      | 60.7531    | 63.1750    | 16.0375    | 21.2000   
5      | 62.9777    | 66.3250    | 13.9869    | 19.5250   
6      | 65.1464    | 69.7250    | 11.9810    | 17.7500   
7      | 67.0319    | 72.9000    | 10.2835    | 16.1500   
8      | 48.6629    | 48.7500    | 32.3818    | 31.9000   
9      | 46.3002    | 46.3750    | 36.7510    | 34.3250   

TIME TAKEN = 7164.70679 ms
Run 3

BASIC IMPLEMENTATION
--------------------------------------------------------------

Index  | Call Model | Call Actual | Put Model  | Put Actual
--------------------------------------------------------------
0      | 51.3883    | 51.7000    | 28.5523    | 29.6500   
1      | 53.1439    | 53.6500    | 24.8999    | 27.3750   
2      | 55.5507    | 56.4000    | 21.9540    | 25.3500   
3      | 58.3779    | 59.9750    | 18.8546    | 23.2750   
4      | 60.7531    | 63.1750    | 16.0375    | 21.2000   
5      | 62.9777    | 66.3250    | 13.9869    | 19.5250   
6      | 65.1464    | 69.7250    | 11.9810    | 17.7500   
7      | 67.0319    | 72.9000    | 10.2835    | 16.1500   
8      | 48.6629    | 48.7500    | 32.3818    | 31.9000   
9      | 46.3002    | 46.3750    | 36.7510    | 34.3250   

TIME TAKEN = 7189.30718 ms
Run 4

BASIC IMPLEMENTATION
--------------------------------------------------------------

Index  | Call Model | Call Actual | Put Model  | Put Actual
--------------------------------------------------------------
0      | 51.3883    | 51.7000    | 28.5523    | 29.6500   
1      | 53.1439    | 53.6500    | 24.8999    | 27.3750   
2      | 55.5507    | 56.4000    | 21.9540    | 25.3500   
3      | 58.3779    | 59.9750    | 18.8546    | 23.2750   
4      | 60.7531    | 63.1750    | 16.0375    | 21.2000   
5      | 62.9777    | 66.3250    | 13.9869    | 19.5250   
6      | 65.1464    | 69.7250    | 11.9810    | 17.7500   
7      | 67.0319    | 72.9000    | 10.2835    | 16.1500   
8      | 48.6629    | 48.7500    | 32.3818    | 31.9000   
9      | 46.3002    | 46.3750    | 36.7510    | 34.3250   

TIME TAKEN = 7192.04646 ms
Run 5

BASIC IMPLEMENTATION
--------------------------------------------------------------

Index  | Call Model | Call Actual | Put Model  | Put Actual
--------------------------------------------------------------
0      | 51.3883    | 51.7000    | 28.5523    | 29.6500   
1      | 53.1439    | 53.6500    | 24.8999    | 27.3750   
2      | 55.5507    | 56.4000    | 21.9540    | 25.3500   
3      | 58.3779    | 59.9750    | 18.8546    | 23.2750   
4      | 60.7531    | 63.1750    | 16.0375    | 21.2000   
5      | 62.9777    | 66.3250    | 13.9869    | 19.5250   
6      | 65.1464    | 69.7250    | 11.9810    | 17.7500   
7      | 67.0319    | 72.9000    | 10.2835    | 16.1500   
8      | 48.6629    | 48.7500    | 32.3818    | 31.9000   
9      | 46.3002    | 46.3750    | 36.7510    | 34.3250   

TIME TAKEN = 7170.56960 ms
Run 6

BASIC IMPLEMENTATION
--------------------------------------------------------------

Index  | Call Model | Call Actual | Put Model  | Put Actual
--------------------------------------------------------------
0      | 51.3883    | 51.7000    | 28.5523    | 29.6500   
1      | 53.1439    | 53.6500    | 24.8999    | 27.3750   
2      | 55.5507    | 56.4000    | 21.9540    | 25.3500   
3      | 58.3779    | 59.9750    | 18.8546    | 23.2750   
4      | 60.7531    | 63.1750    | 16.0375    | 21.2000   
5      | 62.9777    | 66.3250    | 13.9869    | 19.5250   
6      | 65.1464    | 69.7250    | 11.9810    | 17.7500   
7      | 67.0319    | 72.9000    | 10.2835    | 16.1500   
8      | 48.6629    | 48.7500    | 32.3818    | 31.9000   
9      | 46.3002    | 46.3750    | 36.7510    | 34.3250   

TIME TAKEN = 7248.97731 ms
Run 7

BASIC IMPLEMENTATION
--------------------------------------------------------------

Index  | Call Model | Call Actual | Put Model  | Put Actual
--------------------------------------------------------------
0      | 51.3883    | 51.7000    | 28.5523    | 29.6500   
1      | 53.1439    | 53.6500    | 24.8999    | 27.3750   
2      | 55.5507    | 56.4000    | 21.9540    | 25.3500   
3      | 58.3779    | 59.9750    | 18.8546    | 23.2750   
4      | 60.7531    | 63.1750    | 16.0375    | 21.2000   
5      | 62.9777    | 66.3250    | 13.9869    | 19.5250   
6      | 65.1464    | 69.7250    | 11.9810    | 17.7500   
7      | 67.0319    | 72.9000    | 10.2835    | 16.1500   
8      | 48.6629    | 48.7500    | 32.3818    | 31.9000   
9      | 46.3002    | 46.3750    | 36.7510    | 34.3250   

TIME TAKEN = 7025.12118 ms
Run 8

BASIC IMPLEMENTATION
--------------------------------------------------------------

Index  | Call Model | Call Actual | Put Model  | Put Actual
--------------------------------------------------------------
0      | 51.3883    | 51.7000    | 28.5523    | 29.6500   
1      | 53.1439    | 53.6500    | 24.8999    | 27.3750   
2      | 55.5507    | 56.4000    | 21.9540    | 25.3500   
3      | 58.3779    | 59.9750    | 18.8546    | 23.2750   
4      | 60.7531    | 63.1750    | 16.0375    | 21.2000   
5      | 62.9777    | 66.3250    | 13.9869    | 19.5250   
6      | 65.1464    | 69.7250    | 11.9810    | 17.7500   
7      | 67.0319    | 72.9000    | 10.2835    | 16.1500   
8      | 48.6629    | 48.7500    | 32.3818    | 31.9000   
9      | 46.3002    | 46.3750    | 36.7510    | 34.3250   

TIME TAKEN = 7161.70859 ms
Run 9

BASIC IMPLEMENTATION
--------------------------------------------------------------

Index  | Call Model | Call Actual | Put Model  | Put Actual
--------------------------------------------------------------
0      | 51.3883    | 51.7000    | 28.5523    | 29.6500   
1      | 53.1439    | 53.6500    | 24.8999    | 27.3750   
2      | 55.5507    | 56.4000    | 21.9540    | 25.3500   
3      | 58.3779    | 59.9750    | 18.8546    | 23.2750   
4      | 60.7531    | 63.1750    | 16.0375    | 21.2000   
5      | 62.9777    | 66.3250    | 13.9869    | 19.5250   
6      | 65.1464    | 69.7250    | 11.9810    | 17.7500   
7      | 67.0319    | 72.9000    | 10.2835    | 16.1500   
8      | 48.6629    | 48.7500    | 32.3818    | 31.9000   
9      | 46.3002    | 46.3750    | 36.7510    | 34.3250   

TIME TAKEN = 7156.91154 ms
Run 10

BASIC IMPLEMENTATION
--------------------------------------------------------------

Index  | Call Model | Call Actual | Put Model  | Put Actual
--------------------------------------------------------------
0      | 51.3883    | 51.7000    | 28.5523    | 29.6500   
1      | 53.1439    | 53.6500    | 24.8999    | 27.3750   
2      | 55.5507    | 56.4000    | 21.9540    | 25.3500   
3      | 58.3779    | 59.9750    | 18.8546    | 23.2750   
4      | 60.7531    | 63.1750    | 16.0375    | 21.2000   
5      | 62.9777    | 66.3250    | 13.9869    | 19.5250   
6      | 65.1464    | 69.7250    | 11.9810    | 17.7500   
7      | 67.0319    | 72.9000    | 10.2835    | 16.1500   
8      | 48.6629    | 48.7500    | 32.3818    | 31.9000   
9      | 46.3002    | 46.3750    | 36.7510    | 34.3250   

TIME TAKEN = 7224.08254 ms
Run 11

BASIC IMPLEMENTATION
--------------------------------------------------------------

Index  | Call Model | Call Actual | Put Model  | Put Actual
--------------------------------------------------------------
0      | 51.3883    | 51.7000    | 28.5523    | 29.6500   
1      | 53.1439    | 53.6500    | 24.8999    | 27.3750   
2      | 55.5507    | 56.4000    | 21.9540    | 25.3500   
3      | 58.3779    | 59.9750    | 18.8546    | 23.2750   
4      | 60.7531    | 63.1750    | 16.0375    | 21.2000   
5      | 62.9777    | 66.3250    | 13.9869    | 19.5250   
6      | 65.1464    | 69.7250    | 11.9810    | 17.7500   
7      | 67.0319    | 72.9000    | 10.2835    | 16.1500   
8      | 48.6629    | 48.7500    | 32.3818    | 31.9000   
9      | 46.3002    | 46.3750    | 36.7510    | 34.3250   

TIME TAKEN = 7123.57185 ms
Run 12

BASIC IMPLEMENTATION
--------------------------------------------------------------

Index  | Call Model | Call Actual | Put Model  | Put Actual
--------------------------------------------------------------
0      | 51.3883    | 51.7000    | 28.5523    | 29.6500   
1      | 53.1439    | 53.6500    | 24.8999    | 27.3750   
2      | 55.5507    | 56.4000    | 21.9540    | 25.3500   
3      | 58.3779    | 59.9750    | 18.8546    | 23.2750   
4      | 60.7531    | 63.1750    | 16.0375    | 21.2000   
5      | 62.9777    | 66.3250    | 13.9869    | 19.5250   
6      | 65.1464    | 69.7250    | 11.9810    | 17.7500   
7      | 67.0319    | 72.9000    | 10.2835    | 16.1500   
8      | 48.6629    | 48.7500    | 32.3818    | 31.9000   
9      | 46.3002    | 46.3750    | 36.7510    | 34.3250   

TIME TAKEN = 7184.08266 ms
Run 13

BASIC IMPLEMENTATION
--------------------------------------------------------------

Index  | Call Model | Call Actual | Put Model  | Put Actual
--------------------------------------------------------------
0      | 51.3883    | 51.7000    | 28.5523    | 29.6500   
1      | 53.1439    | 53.6500    | 24.8999    | 27.3750   
2      | 55.5507    | 56.4000    | 21.9540    | 25.3500   
3      | 58.3779    | 59.9750    | 18.8546    | 23.2750   
4      | 60.7531    | 63.1750    | 16.0375    | 21.2000   
5      | 62.9777    | 66.3250    | 13.9869    | 19.5250   
6      | 65.1464    | 69.7250    | 11.9810    | 17.7500   
7      | 67.0319    | 72.9000    | 10.2835    | 16.1500   
8      | 48.6629    | 48.7500    | 32.3818    | 31.9000   
9      | 46.3002    | 46.3750    | 36.7510    | 34.3250   

TIME TAKEN = 7005.89243 ms
Run 14

BASIC IMPLEMENTATION
--------------------------------------------------------------

Index  | Call Model | Call Actual | Put Model  | Put Actual
--------------------------------------------------------------
0      | 51.3883    | 51.7000    | 28.5523    | 29.6500   
1      | 53.1439    | 53.6500    | 24.8999    | 27.3750   
2      | 55.5507    | 56.4000    | 21.9540    | 25.3500   
3      | 58.3779    | 59.9750    | 18.8546    | 23.2750   
4      | 60.7531    | 63.1750    | 16.0375    | 21.2000   
5      | 62.9777    | 66.3250    | 13.9869    | 19.5250   
6      | 65.1464    | 69.7250    | 11.9810    | 17.7500   
7      | 67.0319    | 72.9000    | 10.2835    | 16.1500   
8      | 48.6629    | 48.7500    | 32.3818    | 31.9000   
9      | 46.3002    | 46.3750    | 36.7510    | 34.3250   

TIME TAKEN = 7164.37424 ms
Run 15

BASIC IMPLEMENTATION
--------------------------------------------------------------

Index  | Call Model | Call Actual | Put Model  | Put Actual
--------------------------------------------------------------
0      | 51.3883    | 51.7000    | 28.5523    | 29.6500   
1      | 53.1439    | 53.6500    | 24.8999    | 27.3750   
2      | 55.5507    | 56.4000    | 21.9540    | 25.3500   
3      | 58.3779    | 59.9750    | 18.8546    | 23.2750   
4      | 60.7531    | 63.1750    | 16.0375    | 21.2000   
5      | 62.9777    | 66.3250    | 13.9869    | 19.5250   
6      | 65.1464    | 69.7250    | 11.9810    | 17.7500   
7      | 67.0319    | 72.9000    | 10.2835    | 16.1500   
8      | 48.6629    | 48.7500    | 32.3818    | 31.9000   
9      | 46.3002    | 46.3750    | 36.7510    | 34.3250   

TIME TAKEN = 7019.77889 ms
Run 16

BASIC IMPLEMENTATION
--------------------------------------------------------------

Index  | Call Model | Call Actual | Put Model  | Put Actual
--------------------------------------------------------------
0      | 51.3883    | 51.7000    | 28.5523    | 29.6500   
1      | 53.1439    | 53.6500    | 24.8999    | 27.3750   
2      | 55.5507    | 56.4000    | 21.9540    | 25.3500   
3      | 58.3779    | 59.9750    | 18.8546    | 23.2750   
4      | 60.7531    | 63.1750    | 16.0375    | 21.2000   
5      | 62.9777    | 66.3250    | 13.9869    | 19.5250   
6      | 65.1464    | 69.7250    | 11.9810    | 17.7500   
7      | 67.0319    | 72.9000    | 10.2835    | 16.1500   
8      | 48.6629    | 48.7500    | 32.3818    | 31.9000   
9      | 46.3002    | 46.3750    | 36.7510    | 34.3250   

TIME TAKEN = 7003.92039 ms
Run 17

BASIC IMPLEMENTATION
--------------------------------------------------------------

Index  | Call Model | Call Actual | Put Model  | Put Actual
--------------------------------------------------------------
0      | 51.3883    | 51.7000    | 28.5523    | 29.6500   
1      | 53.1439    | 53.6500    | 24.8999    | 27.3750   
2      | 55.5507    | 56.4000    | 21.9540    | 25.3500   
3      | 58.3779    | 59.9750    | 18.8546    | 23.2750   
4      | 60.7531    | 63.1750    | 16.0375    | 21.2000   
5      | 62.9777    | 66.3250    | 13.9869    | 19.5250   
6      | 65.1464    | 69.7250    | 11.9810    | 17.7500   
7      | 67.0319    | 72.9000    | 10.2835    | 16.1500   
8      | 48.6629    | 48.7500    | 32.3818    | 31.9000   
9      | 46.3002    | 46.3750    | 36.7510    | 34.3250   

TIME TAKEN = 7087.71336 ms
Run 18

BASIC IMPLEMENTATION
--------------------------------------------------------------

Index  | Call Model | Call Actual | Put Model  | Put Actual
--------------------------------------------------------------
0      | 51.3883    | 51.7000    | 28.5523    | 29.6500   
1      | 53.1439    | 53.6500    | 24.8999    | 27.3750   
2      | 55.5507    | 56.4000    | 21.9540    | 25.3500   
3      | 58.3779    | 59.9750    | 18.8546    | 23.2750   
4      | 60.7531    | 63.1750    | 16.0375    | 21.2000   
5      | 62.9777    | 66.3250    | 13.9869    | 19.5250   
6      | 65.1464    | 69.7250    | 11.9810    | 17.7500   
7      | 67.0319    | 72.9000    | 10.2835    | 16.1500   
8      | 48.6629    | 48.7500    | 32.3818    | 31.9000   
9      | 46.3002    | 46.3750    | 36.7510    | 34.3250   

TIME TAKEN = 7136.49808 ms
Run 19

BASIC IMPLEMENTATION
--------------------------------------------------------------

Index  | Call Model | Call Actual | Put Model  | Put Actual
--------------------------------------------------------------
0      | 51.3883    | 51.7000    | 28.5523    | 29.6500   
1      | 53.1439    | 53.6500    | 24.8999    | 27.3750   
2      | 55.5507    | 56.4000    | 21.9540    | 25.3500   
3      | 58.3779    | 59.9750    | 18.8546    | 23.2750   
4      | 60.7531    | 63.1750    | 16.0375    | 21.2000   
5      | 62.9777    | 66.3250    | 13.9869    | 19.5250   
6      | 65.1464    | 69.7250    | 11.9810    | 17.7500   
7      | 67.0319    | 72.9000    | 10.2835    | 16.1500   
8      | 48.6629    | 48.7500    | 32.3818    | 31.9000   
9      | 46.3002    | 46.3750    | 36.7510    | 34.3250   

TIME TAKEN = 7019.55863 ms
Run 20

BASIC IMPLEMENTATION
--------------------------------------------------------------

Index  | Call Model | Call Actual | Put Model  | Put Actual
--------------------------------------------------------------
0      | 51.3883    | 51.7000    | 28.5523    | 29.6500   
1      | 53.1439    | 53.6500    | 24.8999    | 27.3750   
2      | 55.5507    | 56.4000    | 21.9540    | 25.3500   
3      | 58.3779    | 59.9750    | 18.8546    | 23.2750   
4      | 60.7531    | 63.1750    | 16.0375    | 21.2000   
5      | 62.9777    | 66.3250    | 13.9869    | 19.5250   
6      | 65.1464    | 69.7250    | 11.9810    | 17.7500   
7      | 67.0319    | 72.9000    | 10.2835    | 16.1500   
8      | 48.6629    | 48.7500    | 32.3818    | 31.9000   
9      | 46.3002    | 46.3750    | 36.7510    | 34.3250   

TIME TAKEN = 7201.74609 ms
Run 21

BASIC IMPLEMENTATION
--------------------------------------------------------------

Index  | Call Model | Call Actual | Put Model  | Put Actual
--------------------------------------------------------------
0      | 51.3883    | 51.7000    | 28.5523    | 29.6500   
1      | 53.1439    | 53.6500    | 24.8999    | 27.3750   
2      | 55.5507    | 56.4000    | 21.9540    | 25.3500   
3      | 58.3779    | 59.9750    | 18.8546    | 23.2750   
4      | 60.7531    | 63.1750    | 16.0375    | 21.2000   
5      | 62.9777    | 66.3250    | 13.9869    | 19.5250   
6      | 65.1464    | 69.7250    | 11.9810    | 17.7500   
7      | 67.0319    | 72.9000    | 10.2835    | 16.1500   
8      | 48.6629    | 48.7500    | 32.3818    | 31.9000   
9      | 46.3002    | 46.3750    | 36.7510    | 34.3250   

TIME TAKEN = 7075.11798 ms
Run 22

BASIC IMPLEMENTATION
--------------------------------------------------------------

Index  | Call Model | Call Actual | Put Model  | Put Actual
--------------------------------------------------------------
0      | 51.3883    | 51.7000    | 28.5523    | 29.6500   
1      | 53.1439    | 53.6500    | 24.8999    | 27.3750   
2      | 55.5507    | 56.4000    | 21.9540    | 25.3500   
3      | 58.3779    | 59.9750    | 18.8546    | 23.2750   
4      | 60.7531    | 63.1750    | 16.0375    | 21.2000   
5      | 62.9777    | 66.3250    | 13.9869    | 19.5250   
6      | 65.1464    | 69.7250    | 11.9810    | 17.7500   
7      | 67.0319    | 72.9000    | 10.2835    | 16.1500   
8      | 48.6629    | 48.7500    | 32.3818    | 31.9000   
9      | 46.3002    | 46.3750    | 36.7510    | 34.3250   

TIME TAKEN = 7162.67893 ms
Run 23

BASIC IMPLEMENTATION
--------------------------------------------------------------

Index  | Call Model | Call Actual | Put Model  | Put Actual
--------------------------------------------------------------
0      | 51.3883    | 51.7000    | 28.5523    | 29.6500   
1      | 53.1439    | 53.6500    | 24.8999    | 27.3750   
2      | 55.5507    | 56.4000    | 21.9540    | 25.3500   
3      | 58.3779    | 59.9750    | 18.8546    | 23.2750   
4      | 60.7531    | 63.1750    | 16.0375    | 21.2000   
5      | 62.9777    | 66.3250    | 13.9869    | 19.5250   
6      | 65.1464    | 69.7250    | 11.9810    | 17.7500   
7      | 67.0319    | 72.9000    | 10.2835    | 16.1500   
8      | 48.6629    | 48.7500    | 32.3818    | 31.9000   
9      | 46.3002    | 46.3750    | 36.7510    | 34.3250   

TIME TAKEN = 7045.75334 ms
Run 24

BASIC IMPLEMENTATION
--------------------------------------------------------------

Index  | Call Model | Call Actual | Put Model  | Put Actual
--------------------------------------------------------------
0      | 51.3883    | 51.7000    | 28.5523    | 29.6500   
1      | 53.1439    | 53.6500    | 24.8999    | 27.3750   
2      | 55.5507    | 56.4000    | 21.9540    | 25.3500   
3      | 58.3779    | 59.9750    | 18.8546    | 23.2750   
4      | 60.7531    | 63.1750    | 16.0375    | 21.2000   
5      | 62.9777    | 66.3250    | 13.9869    | 19.5250   
6      | 65.1464    | 69.7250    | 11.9810    | 17.7500   
7      | 67.0319    | 72.9000    | 10.2835    | 16.1500   
8      | 48.6629    | 48.7500    | 32.3818    | 31.9000   
9      | 46.3002    | 46.3750    | 36.7510    | 34.3250   

TIME TAKEN = 7224.29318 ms
Run 25

BASIC IMPLEMENTATION
--------------------------------------------------------------

Index  | Call Model | Call Actual | Put Model  | Put Actual
--------------------------------------------------------------
0      | 51.3883    | 51.7000    | 28.5523    | 29.6500   
1      | 53.1439    | 53.6500    | 24.8999    | 27.3750   
2      | 55.5507    | 56.4000    | 21.9540    | 25.3500   
3      | 58.3779    | 59.9750    | 18.8546    | 23.2750   
4      | 60.7531    | 63.1750    | 16.0375    | 21.2000   
5      | 62.9777    | 66.3250    | 13.9869    | 19.5250   
6      | 65.1464    | 69.7250    | 11.9810    | 17.7500   
7      | 67.0319    | 72.9000    | 10.2835    | 16.1500   
8      | 48.6629    | 48.7500    | 32.3818    | 31.9000   
9      | 46.3002    | 46.3750    | 36.7510    | 34.3250   

TIME TAKEN = 6987.49164 ms
Run 26

BASIC IMPLEMENTATION
--------------------------------------------------------------

Index  | Call Model | Call Actual | Put Model  | Put Actual
--------------------------------------------------------------
0      | 51.3883    | 51.7000    | 28.5523    | 29.6500   
1      | 53.1439    | 53.6500    | 24.8999    | 27.3750   
2      | 55.5507    | 56.4000    | 21.9540    | 25.3500   
3      | 58.3779    | 59.9750    | 18.8546    | 23.2750   
4      | 60.7531    | 63.1750    | 16.0375    | 21.2000   
5      | 62.9777    | 66.3250    | 13.9869    | 19.5250   
6      | 65.1464    | 69.7250    | 11.9810    | 17.7500   
7      | 67.0319    | 72.9000    | 10.2835    | 16.1500   
8      | 48.6629    | 48.7500    | 32.3818    | 31.9000   
9      | 46.3002    | 46.3750    | 36.7510    | 34.3250   

TIME TAKEN = 7071.83658 ms
Run 27

BASIC IMPLEMENTATION
--------------------------------------------------------------

Index  | Call Model | Call Actual | Put Model  | Put Actual
--------------------------------------------------------------
0      | 51.3883    | 51.7000    | 28.5523    | 29.6500   
1      | 53.1439    | 53.6500    | 24.8999    | 27.3750   
2      | 55.5507    | 56.4000    | 21.9540    | 25.3500   
3      | 58.3779    | 59.9750    | 18.8546    | 23.2750   
4      | 60.7531    | 63.1750    | 16.0375    | 21.2000   
5      | 62.9777    | 66.3250    | 13.9869    | 19.5250   
6      | 65.1464    | 69.7250    | 11.9810    | 17.7500   
7      | 67.0319    | 72.9000    | 10.2835    | 16.1500   
8      | 48.6629    | 48.7500    | 32.3818    | 31.9000   
9      | 46.3002    | 46.3750    | 36.7510    | 34.3250   

TIME TAKEN = 7048.31326 ms
Run 28

BASIC IMPLEMENTATION
--------------------------------------------------------------

Index  | Call Model | Call Actual | Put Model  | Put Actual
--------------------------------------------------------------
0      | 51.3883    | 51.7000    | 28.5523    | 29.6500   
1      | 53.1439    | 53.6500    | 24.8999    | 27.3750   
2      | 55.5507    | 56.4000    | 21.9540    | 25.3500   
3      | 58.3779    | 59.9750    | 18.8546    | 23.2750   
4      | 60.7531    | 63.1750    | 16.0375    | 21.2000   
5      | 62.9777    | 66.3250    | 13.9869    | 19.5250   
6      | 65.1464    | 69.7250    | 11.9810    | 17.7500   
7      | 67.0319    | 72.9000    | 10.2835    | 16.1500   
8      | 48.6629    | 48.7500    | 32.3818    | 31.9000   
9      | 46.3002    | 46.3750    | 36.7510    | 34.3250   

TIME TAKEN = 7136.28951 ms
Run 29

BASIC IMPLEMENTATION
--------------------------------------------------------------

Index  | Call Model | Call Actual | Put Model  | Put Actual
--------------------------------------------------------------
0      | 51.3883    | 51.7000    | 28.5523    | 29.6500   
1      | 53.1439    | 53.6500    | 24.8999    | 27.3750   
2      | 55.5507    | 56.4000    | 21.9540    | 25.3500   
3      | 58.3779    | 59.9750    | 18.8546    | 23.2750   
4      | 60.7531    | 63.1750    | 16.0375    | 21.2000   
5      | 62.9777    | 66.3250    | 13.9869    | 19.5250   
6      | 65.1464    | 69.7250    | 11.9810    | 17.7500   
7      | 67.0319    | 72.9000    | 10.2835    | 16.1500   
8      | 48.6629    | 48.7500    | 32.3818    | 31.9000   
9      | 46.3002    | 46.3750    | 36.7510    | 34.3250   

TIME TAKEN = 7188.76324 ms
Run 30

BASIC IMPLEMENTATION
--------------------------------------------------------------

Index  | Call Model | Call Actual | Put Model  | Put Actual
--------------------------------------------------------------
0      | 51.3883    | 51.7000    | 28.5523    | 29.6500   
1      | 53.1439    | 53.6500    | 24.8999    | 27.3750   
2      | 55.5507    | 56.4000    | 21.9540    | 25.3500   
3      | 58.3779    | 59.9750    | 18.8546    | 23.2750   
4      | 60.7531    | 63.1750    | 16.0375    | 21.2000   
5      | 62.9777    | 66.3250    | 13.9869    | 19.5250   
6      | 65.1464    | 69.7250    | 11.9810    | 17.7500   
7      | 67.0319    | 72.9000    | 10.2835    | 16.1500   
8      | 48.6629    | 48.7500    | 32.3818    | 31.9000   
9      | 46.3002    | 46.3750    | 36.7510    | 34.3250   

TIME TAKEN = 7172.02590 ms
Run 31

BASIC IMPLEMENTATION
--------------------------------------------------------------

Index  | Call Model | Call Actual | Put Model  | Put Actual
--------------------------------------------------------------
0      | 51.3883    | 51.7000    | 28.5523    | 29.6500   
1      | 53.1439    | 53.6500    | 24.8999    | 27.3750   
2      | 55.5507    | 56.4000    | 21.9540    | 25.3500   
3      | 58.3779    | 59.9750    | 18.8546    | 23.2750   
4      | 60.7531    | 63.1750    | 16.0375    | 21.2000   
5      | 62.9777    | 66.3250    | 13.9869    | 19.5250   
6      | 65.1464    | 69.7250    | 11.9810    | 17.7500   
7      | 67.0319    | 72.9000    | 10.2835    | 16.1500   
8      | 48.6629    | 48.7500    | 32.3818    | 31.9000   
9      | 46.3002    | 46.3750    | 36.7510    | 34.3250   

TIME TAKEN = 7075.91018 ms
Run 32

BASIC IMPLEMENTATION
--------------------------------------------------------------

Index  | Call Model | Call Actual | Put Model  | Put Actual
--------------------------------------------------------------
0      | 51.3883    | 51.7000    | 28.5523    | 29.6500   
1      | 53.1439    | 53.6500    | 24.8999    | 27.3750   
2      | 55.5507    | 56.4000    | 21.9540    | 25.3500   
3      | 58.3779    | 59.9750    | 18.8546    | 23.2750   
4      | 60.7531    | 63.1750    | 16.0375    | 21.2000   
5      | 62.9777    | 66.3250    | 13.9869    | 19.5250   
6      | 65.1464    | 69.7250    | 11.9810    | 17.7500   
7      | 67.0319    | 72.9000    | 10.2835    | 16.1500   
8      | 48.6629    | 48.7500    | 32.3818    | 31.9000   
9      | 46.3002    | 46.3750    | 36.7510    | 34.3250   

TIME TAKEN = 7233.14875 ms
Run 33

BASIC IMPLEMENTATION
--------------------------------------------------------------

Index  | Call Model | Call Actual | Put Model  | Put Actual
--------------------------------------------------------------
0      | 51.3883    | 51.7000    | 28.5523    | 29.6500   
1      | 53.1439    | 53.6500    | 24.8999    | 27.3750   
2      | 55.5507    | 56.4000    | 21.9540    | 25.3500   
3      | 58.3779    | 59.9750    | 18.8546    | 23.2750   
4      | 60.7531    | 63.1750    | 16.0375    | 21.2000   
5      | 62.9777    | 66.3250    | 13.9869    | 19.5250   
6      | 65.1464    | 69.7250    | 11.9810    | 17.7500   
7      | 67.0319    | 72.9000    | 10.2835    | 16.1500   
8      | 48.6629    | 48.7500    | 32.3818    | 31.9000   
9      | 46.3002    | 46.3750    | 36.7510    | 34.3250   

TIME TAKEN = 7065.55684 ms
Run 34

BASIC IMPLEMENTATION
--------------------------------------------------------------

Index  | Call Model | Call Actual | Put Model  | Put Actual
--------------------------------------------------------------
0      | 51.3883    | 51.7000    | 28.5523    | 29.6500   
1      | 53.1439    | 53.6500    | 24.8999    | 27.3750   
2      | 55.5507    | 56.4000    | 21.9540    | 25.3500   
3      | 58.3779    | 59.9750    | 18.8546    | 23.2750   
4      | 60.7531    | 63.1750    | 16.0375    | 21.2000   
5      | 62.9777    | 66.3250    | 13.9869    | 19.5250   
6      | 65.1464    | 69.7250    | 11.9810    | 17.7500   
7      | 67.0319    | 72.9000    | 10.2835    | 16.1500   
8      | 48.6629    | 48.7500    | 32.3818    | 31.9000   
9      | 46.3002    | 46.3750    | 36.7510    | 34.3250   

TIME TAKEN = 7041.26446 ms
Run 35

BASIC IMPLEMENTATION
--------------------------------------------------------------

Index  | Call Model | Call Actual | Put Model  | Put Actual
--------------------------------------------------------------
0      | 51.3883    | 51.7000    | 28.5523    | 29.6500   
1      | 53.1439    | 53.6500    | 24.8999    | 27.3750   
2      | 55.5507    | 56.4000    | 21.9540    | 25.3500   
3      | 58.3779    | 59.9750    | 18.8546    | 23.2750   
4      | 60.7531    | 63.1750    | 16.0375    | 21.2000   
5      | 62.9777    | 66.3250    | 13.9869    | 19.5250   
6      | 65.1464    | 69.7250    | 11.9810    | 17.7500   
7      | 67.0319    | 72.9000    | 10.2835    | 16.1500   
8      | 48.6629    | 48.7500    | 32.3818    | 31.9000   
9      | 46.3002    | 46.3750    | 36.7510    | 34.3250   

TIME TAKEN = 7075.33235 ms
Run 36

BASIC IMPLEMENTATION
--------------------------------------------------------------

Index  | Call Model | Call Actual | Put Model  | Put Actual
--------------------------------------------------------------
0      | 51.3883    | 51.7000    | 28.5523    | 29.6500   
1      | 53.1439    | 53.6500    | 24.8999    | 27.3750   
2      | 55.5507    | 56.4000    | 21.9540    | 25.3500   
3      | 58.3779    | 59.9750    | 18.8546    | 23.2750   
4      | 60.7531    | 63.1750    | 16.0375    | 21.2000   
5      | 62.9777    | 66.3250    | 13.9869    | 19.5250   
6      | 65.1464    | 69.7250    | 11.9810    | 17.7500   
7      | 67.0319    | 72.9000    | 10.2835    | 16.1500   
8      | 48.6629    | 48.7500    | 32.3818    | 31.9000   
9      | 46.3002    | 46.3750    | 36.7510    | 34.3250   

TIME TAKEN = 7053.40156 ms
Run 37

BASIC IMPLEMENTATION
--------------------------------------------------------------

Index  | Call Model | Call Actual | Put Model  | Put Actual
--------------------------------------------------------------
0      | 51.3883    | 51.7000    | 28.5523    | 29.6500   
1      | 53.1439    | 53.6500    | 24.8999    | 27.3750   
2      | 55.5507    | 56.4000    | 21.9540    | 25.3500   
3      | 58.3779    | 59.9750    | 18.8546    | 23.2750   
4      | 60.7531    | 63.1750    | 16.0375    | 21.2000   
5      | 62.9777    | 66.3250    | 13.9869    | 19.5250   
6      | 65.1464    | 69.7250    | 11.9810    | 17.7500   
7      | 67.0319    | 72.9000    | 10.2835    | 16.1500   
8      | 48.6629    | 48.7500    | 32.3818    | 31.9000   
9      | 46.3002    | 46.3750    | 36.7510    | 34.3250   

TIME TAKEN = 7023.79026 ms
Run 38

BASIC IMPLEMENTATION
--------------------------------------------------------------

Index  | Call Model | Call Actual | Put Model  | Put Actual
--------------------------------------------------------------
0      | 51.3883    | 51.7000    | 28.5523    | 29.6500   
1      | 53.1439    | 53.6500    | 24.8999    | 27.3750   
2      | 55.5507    | 56.4000    | 21.9540    | 25.3500   
3      | 58.3779    | 59.9750    | 18.8546    | 23.2750   
4      | 60.7531    | 63.1750    | 16.0375    | 21.2000   
5      | 62.9777    | 66.3250    | 13.9869    | 19.5250   
6      | 65.1464    | 69.7250    | 11.9810    | 17.7500   
7      | 67.0319    | 72.9000    | 10.2835    | 16.1500   
8      | 48.6629    | 48.7500    | 32.3818    | 31.9000   
9      | 46.3002    | 46.3750    | 36.7510    | 34.3250   

TIME TAKEN = 7043.55573 ms
Run 39

BASIC IMPLEMENTATION
--------------------------------------------------------------

Index  | Call Model | Call Actual | Put Model  | Put Actual
--------------------------------------------------------------
0      | 51.3883    | 51.7000    | 28.5523    | 29.6500   
1      | 53.1439    | 53.6500    | 24.8999    | 27.3750   
2      | 55.5507    | 56.4000    | 21.9540    | 25.3500   
3      | 58.3779    | 59.9750    | 18.8546    | 23.2750   
4      | 60.7531    | 63.1750    | 16.0375    | 21.2000   
5      | 62.9777    | 66.3250    | 13.9869    | 19.5250   
6      | 65.1464    | 69.7250    | 11.9810    | 17.7500   
7      | 67.0319    | 72.9000    | 10.2835    | 16.1500   
8      | 48.6629    | 48.7500    | 32.3818    | 31.9000   
9      | 46.3002    | 46.3750    | 36.7510    | 34.3250   

TIME TAKEN = 7077.33623 ms
Run 40

BASIC IMPLEMENTATION
--------------------------------------------------------------

Index  | Call Model | Call Actual | Put Model  | Put Actual
--------------------------------------------------------------
0      | 51.3883    | 51.7000    | 28.5523    | 29.6500   
1      | 53.1439    | 53.6500    | 24.8999    | 27.3750   
2      | 55.5507    | 56.4000    | 21.9540    | 25.3500   
3      | 58.3779    | 59.9750    | 18.8546    | 23.2750   
4      | 60.7531    | 63.1750    | 16.0375    | 21.2000   
5      | 62.9777    | 66.3250    | 13.9869    | 19.5250   
6      | 65.1464    | 69.7250    | 11.9810    | 17.7500   
7      | 67.0319    | 72.9000    | 10.2835    | 16.1500   
8      | 48.6629    | 48.7500    | 32.3818    | 31.9000   
9      | 46.3002    | 46.3750    | 36.7510    | 34.3250   

TIME TAKEN = 7044.68977 ms
Run 41

BASIC IMPLEMENTATION
--------------------------------------------------------------

Index  | Call Model | Call Actual | Put Model  | Put Actual
--------------------------------------------------------------
0      | 51.3883    | 51.7000    | 28.5523    | 29.6500   
1      | 53.1439    | 53.6500    | 24.8999    | 27.3750   
2      | 55.5507    | 56.4000    | 21.9540    | 25.3500   
3      | 58.3779    | 59.9750    | 18.8546    | 23.2750   
4      | 60.7531    | 63.1750    | 16.0375    | 21.2000   
5      | 62.9777    | 66.3250    | 13.9869    | 19.5250   
6      | 65.1464    | 69.7250    | 11.9810    | 17.7500   
7      | 67.0319    | 72.9000    | 10.2835    | 16.1500   
8      | 48.6629    | 48.7500    | 32.3818    | 31.9000   
9      | 46.3002    | 46.3750    | 36.7510    | 34.3250   

TIME TAKEN = 7072.03019 ms
Run 42

BASIC IMPLEMENTATION
--------------------------------------------------------------

Index  | Call Model | Call Actual | Put Model  | Put Actual
--------------------------------------------------------------
0      | 51.3883    | 51.7000    | 28.5523    | 29.6500   
1      | 53.1439    | 53.6500    | 24.8999    | 27.3750   
2      | 55.5507    | 56.4000    | 21.9540    | 25.3500   
3      | 58.3779    | 59.9750    | 18.8546    | 23.2750   
4      | 60.7531    | 63.1750    | 16.0375    | 21.2000   
5      | 62.9777    | 66.3250    | 13.9869    | 19.5250   
6      | 65.1464    | 69.7250    | 11.9810    | 17.7500   
7      | 67.0319    | 72.9000    | 10.2835    | 16.1500   
8      | 48.6629    | 48.7500    | 32.3818    | 31.9000   
9      | 46.3002    | 46.3750    | 36.7510    | 34.3250   

TIME TAKEN = 7027.94131 ms
Run 43

BASIC IMPLEMENTATION
--------------------------------------------------------------

Index  | Call Model | Call Actual | Put Model  | Put Actual
--------------------------------------------------------------
0      | 51.3883    | 51.7000    | 28.5523    | 29.6500   
1      | 53.1439    | 53.6500    | 24.8999    | 27.3750   
2      | 55.5507    | 56.4000    | 21.9540    | 25.3500   
3      | 58.3779    | 59.9750    | 18.8546    | 23.2750   
4      | 60.7531    | 63.1750    | 16.0375    | 21.2000   
5      | 62.9777    | 66.3250    | 13.9869    | 19.5250   
6      | 65.1464    | 69.7250    | 11.9810    | 17.7500   
7      | 67.0319    | 72.9000    | 10.2835    | 16.1500   
8      | 48.6629    | 48.7500    | 32.3818    | 31.9000   
9      | 46.3002    | 46.3750    | 36.7510    | 34.3250   

TIME TAKEN = 7092.85112 ms
Run 44

BASIC IMPLEMENTATION
--------------------------------------------------------------

Index  | Call Model | Call Actual | Put Model  | Put Actual
--------------------------------------------------------------
0      | 51.3883    | 51.7000    | 28.5523    | 29.6500   
1      | 53.1439    | 53.6500    | 24.8999    | 27.3750   
2      | 55.5507    | 56.4000    | 21.9540    | 25.3500   
3      | 58.3779    | 59.9750    | 18.8546    | 23.2750   
4      | 60.7531    | 63.1750    | 16.0375    | 21.2000   
5      | 62.9777    | 66.3250    | 13.9869    | 19.5250   
6      | 65.1464    | 69.7250    | 11.9810    | 17.7500   
7      | 67.0319    | 72.9000    | 10.2835    | 16.1500   
8      | 48.6629    | 48.7500    | 32.3818    | 31.9000   
9      | 46.3002    | 46.3750    | 36.7510    | 34.3250   

TIME TAKEN = 7128.96140 ms
Run 45

BASIC IMPLEMENTATION
--------------------------------------------------------------

Index  | Call Model | Call Actual | Put Model  | Put Actual
--------------------------------------------------------------
0      | 51.3883    | 51.7000    | 28.5523    | 29.6500   
1      | 53.1439    | 53.6500    | 24.8999    | 27.3750   
2      | 55.5507    | 56.4000    | 21.9540    | 25.3500   
3      | 58.3779    | 59.9750    | 18.8546    | 23.2750   
4      | 60.7531    | 63.1750    | 16.0375    | 21.2000   
5      | 62.9777    | 66.3250    | 13.9869    | 19.5250   
6      | 65.1464    | 69.7250    | 11.9810    | 17.7500   
7      | 67.0319    | 72.9000    | 10.2835    | 16.1500   
8      | 48.6629    | 48.7500    | 32.3818    | 31.9000   
9      | 46.3002    | 46.3750    | 36.7510    | 34.3250   

TIME TAKEN = 7070.19890 ms
Run 46

BASIC IMPLEMENTATION
--------------------------------------------------------------

Index  | Call Model | Call Actual | Put Model  | Put Actual
--------------------------------------------------------------
0      | 51.3883    | 51.7000    | 28.5523    | 29.6500   
1      | 53.1439    | 53.6500    | 24.8999    | 27.3750   
2      | 55.5507    | 56.4000    | 21.9540    | 25.3500   
3      | 58.3779    | 59.9750    | 18.8546    | 23.2750   
4      | 60.7531    | 63.1750    | 16.0375    | 21.2000   
5      | 62.9777    | 66.3250    | 13.9869    | 19.5250   
6      | 65.1464    | 69.7250    | 11.9810    | 17.7500   
7      | 67.0319    | 72.9000    | 10.2835    | 16.1500   
8      | 48.6629    | 48.7500    | 32.3818    | 31.9000   
9      | 46.3002    | 46.3750    | 36.7510    | 34.3250   

TIME TAKEN = 7118.10433 ms
Run 47

BASIC IMPLEMENTATION
--------------------------------------------------------------

Index  | Call Model | Call Actual | Put Model  | Put Actual
--------------------------------------------------------------
0      | 51.3883    | 51.7000    | 28.5523    | 29.6500   
1      | 53.1439    | 53.6500    | 24.8999    | 27.3750   
2      | 55.5507    | 56.4000    | 21.9540    | 25.3500   
3      | 58.3779    | 59.9750    | 18.8546    | 23.2750   
4      | 60.7531    | 63.1750    | 16.0375    | 21.2000   
5      | 62.9777    | 66.3250    | 13.9869    | 19.5250   
6      | 65.1464    | 69.7250    | 11.9810    | 17.7500   
7      | 67.0319    | 72.9000    | 10.2835    | 16.1500   
8      | 48.6629    | 48.7500    | 32.3818    | 31.9000   
9      | 46.3002    | 46.3750    | 36.7510    | 34.3250   

TIME TAKEN = 7207.61398 ms
Run 48

BASIC IMPLEMENTATION
--------------------------------------------------------------

Index  | Call Model | Call Actual | Put Model  | Put Actual
--------------------------------------------------------------
0      | 51.3883    | 51.7000    | 28.5523    | 29.6500   
1      | 53.1439    | 53.6500    | 24.8999    | 27.3750   
2      | 55.5507    | 56.4000    | 21.9540    | 25.3500   
3      | 58.3779    | 59.9750    | 18.8546    | 23.2750   
4      | 60.7531    | 63.1750    | 16.0375    | 21.2000   
5      | 62.9777    | 66.3250    | 13.9869    | 19.5250   
6      | 65.1464    | 69.7250    | 11.9810    | 17.7500   
7      | 67.0319    | 72.9000    | 10.2835    | 16.1500   
8      | 48.6629    | 48.7500    | 32.3818    | 31.9000   
9      | 46.3002    | 46.3750    | 36.7510    | 34.3250   

TIME TAKEN = 7259.10961 ms
Run 49

BASIC IMPLEMENTATION
--------------------------------------------------------------

Index  | Call Model | Call Actual | Put Model  | Put Actual
--------------------------------------------------------------
0      | 51.3883    | 51.7000    | 28.5523    | 29.6500   
1      | 53.1439    | 53.6500    | 24.8999    | 27.3750   
2      | 55.5507    | 56.4000    | 21.9540    | 25.3500   
3      | 58.3779    | 59.9750    | 18.8546    | 23.2750   
4      | 60.7531    | 63.1750    | 16.0375    | 21.2000   
5      | 62.9777    | 66.3250    | 13.9869    | 19.5250   
6      | 65.1464    | 69.7250    | 11.9810    | 17.7500   
7      | 67.0319    | 72.9000    | 10.2835    | 16.1500   
8      | 48.6629    | 48.7500    | 32.3818    | 31.9000   
9      | 46.3002    | 46.3750    | 36.7510    | 34.3250   

TIME TAKEN = 7027.50607 ms
Run 50

BASIC IMPLEMENTATION
--------------------------------------------------------------

Index  | Call Model | Call Actual | Put Model  | Put Actual
--------------------------------------------------------------
0      | 51.3883    | 51.7000    | 28.5523    | 29.6500   
1      | 53.1439    | 53.6500    | 24.8999    | 27.3750   
2      | 55.5507    | 56.4000    | 21.9540    | 25.3500   
3      | 58.3779    | 59.9750    | 18.8546    | 23.2750   
4      | 60.7531    | 63.1750    | 16.0375    | 21.2000   
5      | 62.9777    | 66.3250    | 13.9869    | 19.5250   
6      | 65.1464    | 69.7250    | 11.9810    | 17.7500   
7      | 67.0319    | 72.9000    | 10.2835    | 16.1500   
8      | 48.6629    | 48.7500    | 32.3818    | 31.9000   
9      | 46.3002    | 46.3750    | 36.7510    | 34.3250   

TIME TAKEN = 7255.93821 ms
Run 51

BASIC IMPLEMENTATION
--------------------------------------------------------------

Index  | Call Model | Call Actual | Put Model  | Put Actual
--------------------------------------------------------------
0      | 51.3883    | 51.7000    | 28.5523    | 29.6500   
1      | 53.1439    | 53.6500    | 24.8999    | 27.3750   
2      | 55.5507    | 56.4000    | 21.9540    | 25.3500   
3      | 58.3779    | 59.9750    | 18.8546    | 23.2750   
4      | 60.7531    | 63.1750    | 16.0375    | 21.2000   
5      | 62.9777    | 66.3250    | 13.9869    | 19.5250   
6      | 65.1464    | 69.7250    | 11.9810    | 17.7500   
7      | 67.0319    | 72.9000    | 10.2835    | 16.1500   
8      | 48.6629    | 48.7500    | 32.3818    | 31.9000   
9      | 46.3002    | 46.3750    | 36.7510    | 34.3250   

TIME TAKEN = 7100.65587 ms
Run 52

BASIC IMPLEMENTATION
--------------------------------------------------------------

Index  | Call Model | Call Actual | Put Model  | Put Actual
--------------------------------------------------------------
0      | 51.3883    | 51.7000    | 28.5523    | 29.6500   
1      | 53.1439    | 53.6500    | 24.8999    | 27.3750   
2      | 55.5507    | 56.4000    | 21.9540    | 25.3500   
3      | 58.3779    | 59.9750    | 18.8546    | 23.2750   
4      | 60.7531    | 63.1750    | 16.0375    | 21.2000   
5      | 62.9777    | 66.3250    | 13.9869    | 19.5250   
6      | 65.1464    | 69.7250    | 11.9810    | 17.7500   
7      | 67.0319    | 72.9000    | 10.2835    | 16.1500   
8      | 48.6629    | 48.7500    | 32.3818    | 31.9000   
9      | 46.3002    | 46.3750    | 36.7510    | 34.3250   

TIME TAKEN = 7221.79325 ms
Run 53

BASIC IMPLEMENTATION
--------------------------------------------------------------

Index  | Call Model | Call Actual | Put Model  | Put Actual
--------------------------------------------------------------
0      | 51.3883    | 51.7000    | 28.5523    | 29.6500   
1      | 53.1439    | 53.6500    | 24.8999    | 27.3750   
2      | 55.5507    | 56.4000    | 21.9540    | 25.3500   
3      | 58.3779    | 59.9750    | 18.8546    | 23.2750   
4      | 60.7531    | 63.1750    | 16.0375    | 21.2000   
5      | 62.9777    | 66.3250    | 13.9869    | 19.5250   
6      | 65.1464    | 69.7250    | 11.9810    | 17.7500   
7      | 67.0319    | 72.9000    | 10.2835    | 16.1500   
8      | 48.6629    | 48.7500    | 32.3818    | 31.9000   
9      | 46.3002    | 46.3750    | 36.7510    | 34.3250   

TIME TAKEN = 7205.25649 ms
Run 54

BASIC IMPLEMENTATION
--------------------------------------------------------------

Index  | Call Model | Call Actual | Put Model  | Put Actual
--------------------------------------------------------------
0      | 51.3883    | 51.7000    | 28.5523    | 29.6500   
1      | 53.1439    | 53.6500    | 24.8999    | 27.3750   
2      | 55.5507    | 56.4000    | 21.9540    | 25.3500   
3      | 58.3779    | 59.9750    | 18.8546    | 23.2750   
4      | 60.7531    | 63.1750    | 16.0375    | 21.2000   
5      | 62.9777    | 66.3250    | 13.9869    | 19.5250   
6      | 65.1464    | 69.7250    | 11.9810    | 17.7500   
7      | 67.0319    | 72.9000    | 10.2835    | 16.1500   
8      | 48.6629    | 48.7500    | 32.3818    | 31.9000   
9      | 46.3002    | 46.3750    | 36.7510    | 34.3250   

TIME TAKEN = 7023.02321 ms
Run 55

BASIC IMPLEMENTATION
--------------------------------------------------------------

Index  | Call Model | Call Actual | Put Model  | Put Actual
--------------------------------------------------------------
0      | 51.3883    | 51.7000    | 28.5523    | 29.6500   
1      | 53.1439    | 53.6500    | 24.8999    | 27.3750   
2      | 55.5507    | 56.4000    | 21.9540    | 25.3500   
3      | 58.3779    | 59.9750    | 18.8546    | 23.2750   
4      | 60.7531    | 63.1750    | 16.0375    | 21.2000   
5      | 62.9777    | 66.3250    | 13.9869    | 19.5250   
6      | 65.1464    | 69.7250    | 11.9810    | 17.7500   
7      | 67.0319    | 72.9000    | 10.2835    | 16.1500   
8      | 48.6629    | 48.7500    | 32.3818    | 31.9000   
9      | 46.3002    | 46.3750    | 36.7510    | 34.3250   

TIME TAKEN = 7090.02357 ms
Run 56

BASIC IMPLEMENTATION
--------------------------------------------------------------

Index  | Call Model | Call Actual | Put Model  | Put Actual
--------------------------------------------------------------
0      | 51.3883    | 51.7000    | 28.5523    | 29.6500   
1      | 53.1439    | 53.6500    | 24.8999    | 27.3750   
2      | 55.5507    | 56.4000    | 21.9540    | 25.3500   
3      | 58.3779    | 59.9750    | 18.8546    | 23.2750   
4      | 60.7531    | 63.1750    | 16.0375    | 21.2000   
5      | 62.9777    | 66.3250    | 13.9869    | 19.5250   
6      | 65.1464    | 69.7250    | 11.9810    | 17.7500   
7      | 67.0319    | 72.9000    | 10.2835    | 16.1500   
8      | 48.6629    | 48.7500    | 32.3818    | 31.9000   
9      | 46.3002    | 46.3750    | 36.7510    | 34.3250   

TIME TAKEN = 7123.65519 ms
Run 57

BASIC IMPLEMENTATION
--------------------------------------------------------------

Index  | Call Model | Call Actual | Put Model  | Put Actual
--------------------------------------------------------------
0      | 51.3883    | 51.7000    | 28.5523    | 29.6500   
1      | 53.1439    | 53.6500    | 24.8999    | 27.3750   
2      | 55.5507    | 56.4000    | 21.9540    | 25.3500   
3      | 58.3779    | 59.9750    | 18.8546    | 23.2750   
4      | 60.7531    | 63.1750    | 16.0375    | 21.2000   
5      | 62.9777    | 66.3250    | 13.9869    | 19.5250   
6      | 65.1464    | 69.7250    | 11.9810    | 17.7500   
7      | 67.0319    | 72.9000    | 10.2835    | 16.1500   
8      | 48.6629    | 48.7500    | 32.3818    | 31.9000   
9      | 46.3002    | 46.3750    | 36.7510    | 34.3250   

TIME TAKEN = 7045.56003 ms
Run 58

BASIC IMPLEMENTATION
--------------------------------------------------------------

Index  | Call Model | Call Actual | Put Model  | Put Actual
--------------------------------------------------------------
0      | 51.3883    | 51.7000    | 28.5523    | 29.6500   
1      | 53.1439    | 53.6500    | 24.8999    | 27.3750   
2      | 55.5507    | 56.4000    | 21.9540    | 25.3500   
3      | 58.3779    | 59.9750    | 18.8546    | 23.2750   
4      | 60.7531    | 63.1750    | 16.0375    | 21.2000   
5      | 62.9777    | 66.3250    | 13.9869    | 19.5250   
6      | 65.1464    | 69.7250    | 11.9810    | 17.7500   
7      | 67.0319    | 72.9000    | 10.2835    | 16.1500   
8      | 48.6629    | 48.7500    | 32.3818    | 31.9000   
9      | 46.3002    | 46.3750    | 36.7510    | 34.3250   

TIME TAKEN = 7078.45190 ms
Run 59

BASIC IMPLEMENTATION
--------------------------------------------------------------

Index  | Call Model | Call Actual | Put Model  | Put Actual
--------------------------------------------------------------
0      | 51.3883    | 51.7000    | 28.5523    | 29.6500   
1      | 53.1439    | 53.6500    | 24.8999    | 27.3750   
2      | 55.5507    | 56.4000    | 21.9540    | 25.3500   
3      | 58.3779    | 59.9750    | 18.8546    | 23.2750   
4      | 60.7531    | 63.1750    | 16.0375    | 21.2000   
5      | 62.9777    | 66.3250    | 13.9869    | 19.5250   
6      | 65.1464    | 69.7250    | 11.9810    | 17.7500   
7      | 67.0319    | 72.9000    | 10.2835    | 16.1500   
8      | 48.6629    | 48.7500    | 32.3818    | 31.9000   
9      | 46.3002    | 46.3750    | 36.7510    | 34.3250   

TIME TAKEN = 7035.83841 ms
Run 60

BASIC IMPLEMENTATION
--------------------------------------------------------------

Index  | Call Model | Call Actual | Put Model  | Put Actual
--------------------------------------------------------------
0      | 51.3883    | 51.7000    | 28.5523    | 29.6500   
1      | 53.1439    | 53.6500    | 24.8999    | 27.3750   
2      | 55.5507    | 56.4000    | 21.9540    | 25.3500   
3      | 58.3779    | 59.9750    | 18.8546    | 23.2750   
4      | 60.7531    | 63.1750    | 16.0375    | 21.2000   
5      | 62.9777    | 66.3250    | 13.9869    | 19.5250   
6      | 65.1464    | 69.7250    | 11.9810    | 17.7500   
7      | 67.0319    | 72.9000    | 10.2835    | 16.1500   
8      | 48.6629    | 48.7500    | 32.3818    | 31.9000   
9      | 46.3002    | 46.3750    | 36.7510    | 34.3250   

TIME TAKEN = 7041.72640 ms
Run 61

BASIC IMPLEMENTATION
--------------------------------------------------------------

Index  | Call Model | Call Actual | Put Model  | Put Actual
--------------------------------------------------------------
0      | 51.3883    | 51.7000    | 28.5523    | 29.6500   
1      | 53.1439    | 53.6500    | 24.8999    | 27.3750   
2      | 55.5507    | 56.4000    | 21.9540    | 25.3500   
3      | 58.3779    | 59.9750    | 18.8546    | 23.2750   
4      | 60.7531    | 63.1750    | 16.0375    | 21.2000   
5      | 62.9777    | 66.3250    | 13.9869    | 19.5250   
6      | 65.1464    | 69.7250    | 11.9810    | 17.7500   
7      | 67.0319    | 72.9000    | 10.2835    | 16.1500   
8      | 48.6629    | 48.7500    | 32.3818    | 31.9000   
9      | 46.3002    | 46.3750    | 36.7510    | 34.3250   

TIME TAKEN = 7033.96878 ms
Run 62

BASIC IMPLEMENTATION
--------------------------------------------------------------

Index  | Call Model | Call Actual | Put Model  | Put Actual
--------------------------------------------------------------
0      | 51.3883    | 51.7000    | 28.5523    | 29.6500   
1      | 53.1439    | 53.6500    | 24.8999    | 27.3750   
2      | 55.5507    | 56.4000    | 21.9540    | 25.3500   
3      | 58.3779    | 59.9750    | 18.8546    | 23.2750   
4      | 60.7531    | 63.1750    | 16.0375    | 21.2000   
5      | 62.9777    | 66.3250    | 13.9869    | 19.5250   
6      | 65.1464    | 69.7250    | 11.9810    | 17.7500   
7      | 67.0319    | 72.9000    | 10.2835    | 16.1500   
8      | 48.6629    | 48.7500    | 32.3818    | 31.9000   
9      | 46.3002    | 46.3750    | 36.7510    | 34.3250   

TIME TAKEN = 7132.17210 ms
Run 63

BASIC IMPLEMENTATION
--------------------------------------------------------------

Index  | Call Model | Call Actual | Put Model  | Put Actual
--------------------------------------------------------------
0      | 51.3883    | 51.7000    | 28.5523    | 29.6500   
1      | 53.1439    | 53.6500    | 24.8999    | 27.3750   
2      | 55.5507    | 56.4000    | 21.9540    | 25.3500   
3      | 58.3779    | 59.9750    | 18.8546    | 23.2750   
4      | 60.7531    | 63.1750    | 16.0375    | 21.2000   
5      | 62.9777    | 66.3250    | 13.9869    | 19.5250   
6      | 65.1464    | 69.7250    | 11.9810    | 17.7500   
7      | 67.0319    | 72.9000    | 10.2835    | 16.1500   
8      | 48.6629    | 48.7500    | 32.3818    | 31.9000   
9      | 46.3002    | 46.3750    | 36.7510    | 34.3250   

TIME TAKEN = 7116.45135 ms
Run 64

BASIC IMPLEMENTATION
--------------------------------------------------------------

Index  | Call Model | Call Actual | Put Model  | Put Actual
--------------------------------------------------------------
0      | 51.3883    | 51.7000    | 28.5523    | 29.6500   
1      | 53.1439    | 53.6500    | 24.8999    | 27.3750   
2      | 55.5507    | 56.4000    | 21.9540    | 25.3500   
3      | 58.3779    | 59.9750    | 18.8546    | 23.2750   
4      | 60.7531    | 63.1750    | 16.0375    | 21.2000   
5      | 62.9777    | 66.3250    | 13.9869    | 19.5250   
6      | 65.1464    | 69.7250    | 11.9810    | 17.7500   
7      | 67.0319    | 72.9000    | 10.2835    | 16.1500   
8      | 48.6629    | 48.7500    | 32.3818    | 31.9000   
9      | 46.3002    | 46.3750    | 36.7510    | 34.3250   

TIME TAKEN = 7136.89274 ms
Run 65

BASIC IMPLEMENTATION
--------------------------------------------------------------

Index  | Call Model | Call Actual | Put Model  | Put Actual
--------------------------------------------------------------
0      | 51.3883    | 51.7000    | 28.5523    | 29.6500   
1      | 53.1439    | 53.6500    | 24.8999    | 27.3750   
2      | 55.5507    | 56.4000    | 21.9540    | 25.3500   
3      | 58.3779    | 59.9750    | 18.8546    | 23.2750   
4      | 60.7531    | 63.1750    | 16.0375    | 21.2000   
5      | 62.9777    | 66.3250    | 13.9869    | 19.5250   
6      | 65.1464    | 69.7250    | 11.9810    | 17.7500   
7      | 67.0319    | 72.9000    | 10.2835    | 16.1500   
8      | 48.6629    | 48.7500    | 32.3818    | 31.9000   
9      | 46.3002    | 46.3750    | 36.7510    | 34.3250   

TIME TAKEN = 7035.20068 ms
Run 66

BASIC IMPLEMENTATION
--------------------------------------------------------------

Index  | Call Model | Call Actual | Put Model  | Put Actual
--------------------------------------------------------------
0      | 51.3883    | 51.7000    | 28.5523    | 29.6500   
1      | 53.1439    | 53.6500    | 24.8999    | 27.3750   
2      | 55.5507    | 56.4000    | 21.9540    | 25.3500   
3      | 58.3779    | 59.9750    | 18.8546    | 23.2750   
4      | 60.7531    | 63.1750    | 16.0375    | 21.2000   
5      | 62.9777    | 66.3250    | 13.9869    | 19.5250   
6      | 65.1464    | 69.7250    | 11.9810    | 17.7500   
7      | 67.0319    | 72.9000    | 10.2835    | 16.1500   
8      | 48.6629    | 48.7500    | 32.3818    | 31.9000   
9      | 46.3002    | 46.3750    | 36.7510    | 34.3250   

TIME TAKEN = 7026.25044 ms
Run 67

BASIC IMPLEMENTATION
--------------------------------------------------------------

Index  | Call Model | Call Actual | Put Model  | Put Actual
--------------------------------------------------------------
0      | 51.3883    | 51.7000    | 28.5523    | 29.6500   
1      | 53.1439    | 53.6500    | 24.8999    | 27.3750   
2      | 55.5507    | 56.4000    | 21.9540    | 25.3500   
3      | 58.3779    | 59.9750    | 18.8546    | 23.2750   
4      | 60.7531    | 63.1750    | 16.0375    | 21.2000   
5      | 62.9777    | 66.3250    | 13.9869    | 19.5250   
6      | 65.1464    | 69.7250    | 11.9810    | 17.7500   
7      | 67.0319    | 72.9000    | 10.2835    | 16.1500   
8      | 48.6629    | 48.7500    | 32.3818    | 31.9000   
9      | 46.3002    | 46.3750    | 36.7510    | 34.3250   

TIME TAKEN = 7029.19935 ms
Run 68

BASIC IMPLEMENTATION
--------------------------------------------------------------

Index  | Call Model | Call Actual | Put Model  | Put Actual
--------------------------------------------------------------
0      | 51.3883    | 51.7000    | 28.5523    | 29.6500   
1      | 53.1439    | 53.6500    | 24.8999    | 27.3750   
2      | 55.5507    | 56.4000    | 21.9540    | 25.3500   
3      | 58.3779    | 59.9750    | 18.8546    | 23.2750   
4      | 60.7531    | 63.1750    | 16.0375    | 21.2000   
5      | 62.9777    | 66.3250    | 13.9869    | 19.5250   
6      | 65.1464    | 69.7250    | 11.9810    | 17.7500   
7      | 67.0319    | 72.9000    | 10.2835    | 16.1500   
8      | 48.6629    | 48.7500    | 32.3818    | 31.9000   
9      | 46.3002    | 46.3750    | 36.7510    | 34.3250   

TIME TAKEN = 7054.68010 ms
Run 69

BASIC IMPLEMENTATION
--------------------------------------------------------------

Index  | Call Model | Call Actual | Put Model  | Put Actual
--------------------------------------------------------------
0      | 51.3883    | 51.7000    | 28.5523    | 29.6500   
1      | 53.1439    | 53.6500    | 24.8999    | 27.3750   
2      | 55.5507    | 56.4000    | 21.9540    | 25.3500   
3      | 58.3779    | 59.9750    | 18.8546    | 23.2750   
4      | 60.7531    | 63.1750    | 16.0375    | 21.2000   
5      | 62.9777    | 66.3250    | 13.9869    | 19.5250   
6      | 65.1464    | 69.7250    | 11.9810    | 17.7500   
7      | 67.0319    | 72.9000    | 10.2835    | 16.1500   
8      | 48.6629    | 48.7500    | 32.3818    | 31.9000   
9      | 46.3002    | 46.3750    | 36.7510    | 34.3250   

TIME TAKEN = 7033.93304 ms
Run 70

BASIC IMPLEMENTATION
--------------------------------------------------------------

Index  | Call Model | Call Actual | Put Model  | Put Actual
--------------------------------------------------------------
0      | 51.3883    | 51.7000    | 28.5523    | 29.6500   
1      | 53.1439    | 53.6500    | 24.8999    | 27.3750   
2      | 55.5507    | 56.4000    | 21.9540    | 25.3500   
3      | 58.3779    | 59.9750    | 18.8546    | 23.2750   
4      | 60.7531    | 63.1750    | 16.0375    | 21.2000   
5      | 62.9777    | 66.3250    | 13.9869    | 19.5250   
6      | 65.1464    | 69.7250    | 11.9810    | 17.7500   
7      | 67.0319    | 72.9000    | 10.2835    | 16.1500   
8      | 48.6629    | 48.7500    | 32.3818    | 31.9000   
9      | 46.3002    | 46.3750    | 36.7510    | 34.3250   

TIME TAKEN = 7001.64886 ms
Run 71

BASIC IMPLEMENTATION
--------------------------------------------------------------

Index  | Call Model | Call Actual | Put Model  | Put Actual
--------------------------------------------------------------
0      | 51.3883    | 51.7000    | 28.5523    | 29.6500   
1      | 53.1439    | 53.6500    | 24.8999    | 27.3750   
2      | 55.5507    | 56.4000    | 21.9540    | 25.3500   
3      | 58.3779    | 59.9750    | 18.8546    | 23.2750   
4      | 60.7531    | 63.1750    | 16.0375    | 21.2000   
5      | 62.9777    | 66.3250    | 13.9869    | 19.5250   
6      | 65.1464    | 69.7250    | 11.9810    | 17.7500   
7      | 67.0319    | 72.9000    | 10.2835    | 16.1500   
8      | 48.6629    | 48.7500    | 32.3818    | 31.9000   
9      | 46.3002    | 46.3750    | 36.7510    | 34.3250   

TIME TAKEN = 7107.69727 ms
Run 72

BASIC IMPLEMENTATION
--------------------------------------------------------------

Index  | Call Model | Call Actual | Put Model  | Put Actual
--------------------------------------------------------------
0      | 51.3883    | 51.7000    | 28.5523    | 29.6500   
1      | 53.1439    | 53.6500    | 24.8999    | 27.3750   
2      | 55.5507    | 56.4000    | 21.9540    | 25.3500   
3      | 58.3779    | 59.9750    | 18.8546    | 23.2750   
4      | 60.7531    | 63.1750    | 16.0375    | 21.2000   
5      | 62.9777    | 66.3250    | 13.9869    | 19.5250   
6      | 65.1464    | 69.7250    | 11.9810    | 17.7500   
7      | 67.0319    | 72.9000    | 10.2835    | 16.1500   
8      | 48.6629    | 48.7500    | 32.3818    | 31.9000   
9      | 46.3002    | 46.3750    | 36.7510    | 34.3250   

TIME TAKEN = 7010.68078 ms
Run 73

BASIC IMPLEMENTATION
--------------------------------------------------------------

Index  | Call Model | Call Actual | Put Model  | Put Actual
--------------------------------------------------------------
0      | 51.3883    | 51.7000    | 28.5523    | 29.6500   
1      | 53.1439    | 53.6500    | 24.8999    | 27.3750   
2      | 55.5507    | 56.4000    | 21.9540    | 25.3500   
3      | 58.3779    | 59.9750    | 18.8546    | 23.2750   
4      | 60.7531    | 63.1750    | 16.0375    | 21.2000   
5      | 62.9777    | 66.3250    | 13.9869    | 19.5250   
6      | 65.1464    | 69.7250    | 11.9810    | 17.7500   
7      | 67.0319    | 72.9000    | 10.2835    | 16.1500   
8      | 48.6629    | 48.7500    | 32.3818    | 31.9000   
9      | 46.3002    | 46.3750    | 36.7510    | 34.3250   

TIME TAKEN = 7102.64483 ms
Run 74

BASIC IMPLEMENTATION
--------------------------------------------------------------

Index  | Call Model | Call Actual | Put Model  | Put Actual
--------------------------------------------------------------
0      | 51.3883    | 51.7000    | 28.5523    | 29.6500   
1      | 53.1439    | 53.6500    | 24.8999    | 27.3750   
2      | 55.5507    | 56.4000    | 21.9540    | 25.3500   
3      | 58.3779    | 59.9750    | 18.8546    | 23.2750   
4      | 60.7531    | 63.1750    | 16.0375    | 21.2000   
5      | 62.9777    | 66.3250    | 13.9869    | 19.5250   
6      | 65.1464    | 69.7250    | 11.9810    | 17.7500   
7      | 67.0319    | 72.9000    | 10.2835    | 16.1500   
8      | 48.6629    | 48.7500    | 32.3818    | 31.9000   
9      | 46.3002    | 46.3750    | 36.7510    | 34.3250   

TIME TAKEN = 7212.72265 ms
Run 75

BASIC IMPLEMENTATION
--------------------------------------------------------------

Index  | Call Model | Call Actual | Put Model  | Put Actual
--------------------------------------------------------------
0      | 51.3883    | 51.7000    | 28.5523    | 29.6500   
1      | 53.1439    | 53.6500    | 24.8999    | 27.3750   
2      | 55.5507    | 56.4000    | 21.9540    | 25.3500   
3      | 58.3779    | 59.9750    | 18.8546    | 23.2750   
4      | 60.7531    | 63.1750    | 16.0375    | 21.2000   
5      | 62.9777    | 66.3250    | 13.9869    | 19.5250   
6      | 65.1464    | 69.7250    | 11.9810    | 17.7500   
7      | 67.0319    | 72.9000    | 10.2835    | 16.1500   
8      | 48.6629    | 48.7500    | 32.3818    | 31.9000   
9      | 46.3002    | 46.3750    | 36.7510    | 34.3250   

TIME TAKEN = 7105.73907 ms
Run 76

BASIC IMPLEMENTATION
--------------------------------------------------------------

Index  | Call Model | Call Actual | Put Model  | Put Actual
--------------------------------------------------------------
0      | 51.3883    | 51.7000    | 28.5523    | 29.6500   
1      | 53.1439    | 53.6500    | 24.8999    | 27.3750   
2      | 55.5507    | 56.4000    | 21.9540    | 25.3500   
3      | 58.3779    | 59.9750    | 18.8546    | 23.2750   
4      | 60.7531    | 63.1750    | 16.0375    | 21.2000   
5      | 62.9777    | 66.3250    | 13.9869    | 19.5250   
6      | 65.1464    | 69.7250    | 11.9810    | 17.7500   
7      | 67.0319    | 72.9000    | 10.2835    | 16.1500   
8      | 48.6629    | 48.7500    | 32.3818    | 31.9000   
9      | 46.3002    | 46.3750    | 36.7510    | 34.3250   

TIME TAKEN = 7097.94297 ms
Run 77

BASIC IMPLEMENTATION
--------------------------------------------------------------

Index  | Call Model | Call Actual | Put Model  | Put Actual
--------------------------------------------------------------
0      | 51.3883    | 51.7000    | 28.5523    | 29.6500   
1      | 53.1439    | 53.6500    | 24.8999    | 27.3750   
2      | 55.5507    | 56.4000    | 21.9540    | 25.3500   
3      | 58.3779    | 59.9750    | 18.8546    | 23.2750   
4      | 60.7531    | 63.1750    | 16.0375    | 21.2000   
5      | 62.9777    | 66.3250    | 13.9869    | 19.5250   
6      | 65.1464    | 69.7250    | 11.9810    | 17.7500   
7      | 67.0319    | 72.9000    | 10.2835    | 16.1500   
8      | 48.6629    | 48.7500    | 32.3818    | 31.9000   
9      | 46.3002    | 46.3750    | 36.7510    | 34.3250   

TIME TAKEN = 7049.72584 ms
Run 78

BASIC IMPLEMENTATION
--------------------------------------------------------------

Index  | Call Model | Call Actual | Put Model  | Put Actual
--------------------------------------------------------------
0      | 51.3883    | 51.7000    | 28.5523    | 29.6500   
1      | 53.1439    | 53.6500    | 24.8999    | 27.3750   
2      | 55.5507    | 56.4000    | 21.9540    | 25.3500   
3      | 58.3779    | 59.9750    | 18.8546    | 23.2750   
4      | 60.7531    | 63.1750    | 16.0375    | 21.2000   
5      | 62.9777    | 66.3250    | 13.9869    | 19.5250   
6      | 65.1464    | 69.7250    | 11.9810    | 17.7500   
7      | 67.0319    | 72.9000    | 10.2835    | 16.1500   
8      | 48.6629    | 48.7500    | 32.3818    | 31.9000   
9      | 46.3002    | 46.3750    | 36.7510    | 34.3250   

TIME TAKEN = 7245.29162 ms
Run 79

BASIC IMPLEMENTATION
--------------------------------------------------------------

Index  | Call Model | Call Actual | Put Model  | Put Actual
--------------------------------------------------------------
0      | 51.3883    | 51.7000    | 28.5523    | 29.6500   
1      | 53.1439    | 53.6500    | 24.8999    | 27.3750   
2      | 55.5507    | 56.4000    | 21.9540    | 25.3500   
3      | 58.3779    | 59.9750    | 18.8546    | 23.2750   
4      | 60.7531    | 63.1750    | 16.0375    | 21.2000   
5      | 62.9777    | 66.3250    | 13.9869    | 19.5250   
6      | 65.1464    | 69.7250    | 11.9810    | 17.7500   
7      | 67.0319    | 72.9000    | 10.2835    | 16.1500   
8      | 48.6629    | 48.7500    | 32.3818    | 31.9000   
9      | 46.3002    | 46.3750    | 36.7510    | 34.3250   

TIME TAKEN = 7079.97913 ms
Run 80

BASIC IMPLEMENTATION
--------------------------------------------------------------

Index  | Call Model | Call Actual | Put Model  | Put Actual
--------------------------------------------------------------
0      | 51.3883    | 51.7000    | 28.5523    | 29.6500   
1      | 53.1439    | 53.6500    | 24.8999    | 27.3750   
2      | 55.5507    | 56.4000    | 21.9540    | 25.3500   
3      | 58.3779    | 59.9750    | 18.8546    | 23.2750   
4      | 60.7531    | 63.1750    | 16.0375    | 21.2000   
5      | 62.9777    | 66.3250    | 13.9869    | 19.5250   
6      | 65.1464    | 69.7250    | 11.9810    | 17.7500   
7      | 67.0319    | 72.9000    | 10.2835    | 16.1500   
8      | 48.6629    | 48.7500    | 32.3818    | 31.9000   
9      | 46.3002    | 46.3750    | 36.7510    | 34.3250   

TIME TAKEN = 7081.59059 ms
Run 81

BASIC IMPLEMENTATION
--------------------------------------------------------------

Index  | Call Model | Call Actual | Put Model  | Put Actual
--------------------------------------------------------------
0      | 51.3883    | 51.7000    | 28.5523    | 29.6500   
1      | 53.1439    | 53.6500    | 24.8999    | 27.3750   
2      | 55.5507    | 56.4000    | 21.9540    | 25.3500   
3      | 58.3779    | 59.9750    | 18.8546    | 23.2750   
4      | 60.7531    | 63.1750    | 16.0375    | 21.2000   
5      | 62.9777    | 66.3250    | 13.9869    | 19.5250   
6      | 65.1464    | 69.7250    | 11.9810    | 17.7500   
7      | 67.0319    | 72.9000    | 10.2835    | 16.1500   
8      | 48.6629    | 48.7500    | 32.3818    | 31.9000   
9      | 46.3002    | 46.3750    | 36.7510    | 34.3250   

TIME TAKEN = 7030.26833 ms
Run 82

BASIC IMPLEMENTATION
--------------------------------------------------------------

Index  | Call Model | Call Actual | Put Model  | Put Actual
--------------------------------------------------------------
0      | 51.3883    | 51.7000    | 28.5523    | 29.6500   
1      | 53.1439    | 53.6500    | 24.8999    | 27.3750   
2      | 55.5507    | 56.4000    | 21.9540    | 25.3500   
3      | 58.3779    | 59.9750    | 18.8546    | 23.2750   
4      | 60.7531    | 63.1750    | 16.0375    | 21.2000   
5      | 62.9777    | 66.3250    | 13.9869    | 19.5250   
6      | 65.1464    | 69.7250    | 11.9810    | 17.7500   
7      | 67.0319    | 72.9000    | 10.2835    | 16.1500   
8      | 48.6629    | 48.7500    | 32.3818    | 31.9000   
9      | 46.3002    | 46.3750    | 36.7510    | 34.3250   

TIME TAKEN = 7037.28292 ms
Run 83

BASIC IMPLEMENTATION
--------------------------------------------------------------

Index  | Call Model | Call Actual | Put Model  | Put Actual
--------------------------------------------------------------
0      | 51.3883    | 51.7000    | 28.5523    | 29.6500   
1      | 53.1439    | 53.6500    | 24.8999    | 27.3750   
2      | 55.5507    | 56.4000    | 21.9540    | 25.3500   
3      | 58.3779    | 59.9750    | 18.8546    | 23.2750   
4      | 60.7531    | 63.1750    | 16.0375    | 21.2000   
5      | 62.9777    | 66.3250    | 13.9869    | 19.5250   
6      | 65.1464    | 69.7250    | 11.9810    | 17.7500   
7      | 67.0319    | 72.9000    | 10.2835    | 16.1500   
8      | 48.6629    | 48.7500    | 32.3818    | 31.9000   
9      | 46.3002    | 46.3750    | 36.7510    | 34.3250   

TIME TAKEN = 7230.38661 ms
Run 84

BASIC IMPLEMENTATION
--------------------------------------------------------------

Index  | Call Model | Call Actual | Put Model  | Put Actual
--------------------------------------------------------------
0      | 51.3883    | 51.7000    | 28.5523    | 29.6500   
1      | 53.1439    | 53.6500    | 24.8999    | 27.3750   
2      | 55.5507    | 56.4000    | 21.9540    | 25.3500   
3      | 58.3779    | 59.9750    | 18.8546    | 23.2750   
4      | 60.7531    | 63.1750    | 16.0375    | 21.2000   
5      | 62.9777    | 66.3250    | 13.9869    | 19.5250   
6      | 65.1464    | 69.7250    | 11.9810    | 17.7500   
7      | 67.0319    | 72.9000    | 10.2835    | 16.1500   
8      | 48.6629    | 48.7500    | 32.3818    | 31.9000   
9      | 46.3002    | 46.3750    | 36.7510    | 34.3250   

TIME TAKEN = 7087.13897 ms
Run 85

BASIC IMPLEMENTATION
--------------------------------------------------------------

Index  | Call Model | Call Actual | Put Model  | Put Actual
--------------------------------------------------------------
0      | 51.3883    | 51.7000    | 28.5523    | 29.6500   
1      | 53.1439    | 53.6500    | 24.8999    | 27.3750   
2      | 55.5507    | 56.4000    | 21.9540    | 25.3500   
3      | 58.3779    | 59.9750    | 18.8546    | 23.2750   
4      | 60.7531    | 63.1750    | 16.0375    | 21.2000   
5      | 62.9777    | 66.3250    | 13.9869    | 19.5250   
6      | 65.1464    | 69.7250    | 11.9810    | 17.7500   
7      | 67.0319    | 72.9000    | 10.2835    | 16.1500   
8      | 48.6629    | 48.7500    | 32.3818    | 31.9000   
9      | 46.3002    | 46.3750    | 36.7510    | 34.3250   

TIME TAKEN = 7122.32713 ms
Run 86

BASIC IMPLEMENTATION
--------------------------------------------------------------

Index  | Call Model | Call Actual | Put Model  | Put Actual
--------------------------------------------------------------
0      | 51.3883    | 51.7000    | 28.5523    | 29.6500   
1      | 53.1439    | 53.6500    | 24.8999    | 27.3750   
2      | 55.5507    | 56.4000    | 21.9540    | 25.3500   
3      | 58.3779    | 59.9750    | 18.8546    | 23.2750   
4      | 60.7531    | 63.1750    | 16.0375    | 21.2000   
5      | 62.9777    | 66.3250    | 13.9869    | 19.5250   
6      | 65.1464    | 69.7250    | 11.9810    | 17.7500   
7      | 67.0319    | 72.9000    | 10.2835    | 16.1500   
8      | 48.6629    | 48.7500    | 32.3818    | 31.9000   
9      | 46.3002    | 46.3750    | 36.7510    | 34.3250   

TIME TAKEN = 7065.18114 ms
Run 87

BASIC IMPLEMENTATION
--------------------------------------------------------------

Index  | Call Model | Call Actual | Put Model  | Put Actual
--------------------------------------------------------------
0      | 51.3883    | 51.7000    | 28.5523    | 29.6500   
1      | 53.1439    | 53.6500    | 24.8999    | 27.3750   
2      | 55.5507    | 56.4000    | 21.9540    | 25.3500   
3      | 58.3779    | 59.9750    | 18.8546    | 23.2750   
4      | 60.7531    | 63.1750    | 16.0375    | 21.2000   
5      | 62.9777    | 66.3250    | 13.9869    | 19.5250   
6      | 65.1464    | 69.7250    | 11.9810    | 17.7500   
7      | 67.0319    | 72.9000    | 10.2835    | 16.1500   
8      | 48.6629    | 48.7500    | 32.3818    | 31.9000   
9      | 46.3002    | 46.3750    | 36.7510    | 34.3250   

TIME TAKEN = 7219.50591 ms
Run 88

BASIC IMPLEMENTATION
--------------------------------------------------------------

Index  | Call Model | Call Actual | Put Model  | Put Actual
--------------------------------------------------------------
0      | 51.3883    | 51.7000    | 28.5523    | 29.6500   
1      | 53.1439    | 53.6500    | 24.8999    | 27.3750   
2      | 55.5507    | 56.4000    | 21.9540    | 25.3500   
3      | 58.3779    | 59.9750    | 18.8546    | 23.2750   
4      | 60.7531    | 63.1750    | 16.0375    | 21.2000   
5      | 62.9777    | 66.3250    | 13.9869    | 19.5250   
6      | 65.1464    | 69.7250    | 11.9810    | 17.7500   
7      | 67.0319    | 72.9000    | 10.2835    | 16.1500   
8      | 48.6629    | 48.7500    | 32.3818    | 31.9000   
9      | 46.3002    | 46.3750    | 36.7510    | 34.3250   

TIME TAKEN = 7033.12600 ms
Run 89

BASIC IMPLEMENTATION
--------------------------------------------------------------

Index  | Call Model | Call Actual | Put Model  | Put Actual
--------------------------------------------------------------
0      | 51.3883    | 51.7000    | 28.5523    | 29.6500   
1      | 53.1439    | 53.6500    | 24.8999    | 27.3750   
2      | 55.5507    | 56.4000    | 21.9540    | 25.3500   
3      | 58.3779    | 59.9750    | 18.8546    | 23.2750   
4      | 60.7531    | 63.1750    | 16.0375    | 21.2000   
5      | 62.9777    | 66.3250    | 13.9869    | 19.5250   
6      | 65.1464    | 69.7250    | 11.9810    | 17.7500   
7      | 67.0319    | 72.9000    | 10.2835    | 16.1500   
8      | 48.6629    | 48.7500    | 32.3818    | 31.9000   
9      | 46.3002    | 46.3750    | 36.7510    | 34.3250   

TIME TAKEN = 7053.69630 ms
Run 90

BASIC IMPLEMENTATION
--------------------------------------------------------------

Index  | Call Model | Call Actual | Put Model  | Put Actual
--------------------------------------------------------------
0      | 51.3883    | 51.7000    | 28.5523    | 29.6500   
1      | 53.1439    | 53.6500    | 24.8999    | 27.3750   
2      | 55.5507    | 56.4000    | 21.9540    | 25.3500   
3      | 58.3779    | 59.9750    | 18.8546    | 23.2750   
4      | 60.7531    | 63.1750    | 16.0375    | 21.2000   
5      | 62.9777    | 66.3250    | 13.9869    | 19.5250   
6      | 65.1464    | 69.7250    | 11.9810    | 17.7500   
7      | 67.0319    | 72.9000    | 10.2835    | 16.1500   
8      | 48.6629    | 48.7500    | 32.3818    | 31.9000   
9      | 46.3002    | 46.3750    | 36.7510    | 34.3250   

TIME TAKEN = 7393.12416 ms
Run 91

BASIC IMPLEMENTATION
--------------------------------------------------------------

Index  | Call Model | Call Actual | Put Model  | Put Actual
--------------------------------------------------------------
0      | 51.3883    | 51.7000    | 28.5523    | 29.6500   
1      | 53.1439    | 53.6500    | 24.8999    | 27.3750   
2      | 55.5507    | 56.4000    | 21.9540    | 25.3500   
3      | 58.3779    | 59.9750    | 18.8546    | 23.2750   
4      | 60.7531    | 63.1750    | 16.0375    | 21.2000   
5      | 62.9777    | 66.3250    | 13.9869    | 19.5250   
6      | 65.1464    | 69.7250    | 11.9810    | 17.7500   
7      | 67.0319    | 72.9000    | 10.2835    | 16.1500   
8      | 48.6629    | 48.7500    | 32.3818    | 31.9000   
9      | 46.3002    | 46.3750    | 36.7510    | 34.3250   

TIME TAKEN = 7079.17297 ms
Run 92

BASIC IMPLEMENTATION
--------------------------------------------------------------

Index  | Call Model | Call Actual | Put Model  | Put Actual
--------------------------------------------------------------
0      | 51.3883    | 51.7000    | 28.5523    | 29.6500   
1      | 53.1439    | 53.6500    | 24.8999    | 27.3750   
2      | 55.5507    | 56.4000    | 21.9540    | 25.3500   
3      | 58.3779    | 59.9750    | 18.8546    | 23.2750   
4      | 60.7531    | 63.1750    | 16.0375    | 21.2000   
5      | 62.9777    | 66.3250    | 13.9869    | 19.5250   
6      | 65.1464    | 69.7250    | 11.9810    | 17.7500   
7      | 67.0319    | 72.9000    | 10.2835    | 16.1500   
8      | 48.6629    | 48.7500    | 32.3818    | 31.9000   
9      | 46.3002    | 46.3750    | 36.7510    | 34.3250   

TIME TAKEN = 7391.65539 ms
Run 93

BASIC IMPLEMENTATION
--------------------------------------------------------------

Index  | Call Model | Call Actual | Put Model  | Put Actual
--------------------------------------------------------------
0      | 51.3883    | 51.7000    | 28.5523    | 29.6500   
1      | 53.1439    | 53.6500    | 24.8999    | 27.3750   
2      | 55.5507    | 56.4000    | 21.9540    | 25.3500   
3      | 58.3779    | 59.9750    | 18.8546    | 23.2750   
4      | 60.7531    | 63.1750    | 16.0375    | 21.2000   
5      | 62.9777    | 66.3250    | 13.9869    | 19.5250   
6      | 65.1464    | 69.7250    | 11.9810    | 17.7500   
7      | 67.0319    | 72.9000    | 10.2835    | 16.1500   
8      | 48.6629    | 48.7500    | 32.3818    | 31.9000   
9      | 46.3002    | 46.3750    | 36.7510    | 34.3250   

TIME TAKEN = 7065.83931 ms
Run 94

BASIC IMPLEMENTATION
--------------------------------------------------------------

Index  | Call Model | Call Actual | Put Model  | Put Actual
--------------------------------------------------------------
0      | 51.3883    | 51.7000    | 28.5523    | 29.6500   
1      | 53.1439    | 53.6500    | 24.8999    | 27.3750   
2      | 55.5507    | 56.4000    | 21.9540    | 25.3500   
3      | 58.3779    | 59.9750    | 18.8546    | 23.2750   
4      | 60.7531    | 63.1750    | 16.0375    | 21.2000   
5      | 62.9777    | 66.3250    | 13.9869    | 19.5250   
6      | 65.1464    | 69.7250    | 11.9810    | 17.7500   
7      | 67.0319    | 72.9000    | 10.2835    | 16.1500   
8      | 48.6629    | 48.7500    | 32.3818    | 31.9000   
9      | 46.3002    | 46.3750    | 36.7510    | 34.3250   

TIME TAKEN = 7180.05324 ms
Run 95

BASIC IMPLEMENTATION
--------------------------------------------------------------

Index  | Call Model | Call Actual | Put Model  | Put Actual
--------------------------------------------------------------
0      | 51.3883    | 51.7000    | 28.5523    | 29.6500   
1      | 53.1439    | 53.6500    | 24.8999    | 27.3750   
2      | 55.5507    | 56.4000    | 21.9540    | 25.3500   
3      | 58.3779    | 59.9750    | 18.8546    | 23.2750   
4      | 60.7531    | 63.1750    | 16.0375    | 21.2000   
5      | 62.9777    | 66.3250    | 13.9869    | 19.5250   
6      | 65.1464    | 69.7250    | 11.9810    | 17.7500   
7      | 67.0319    | 72.9000    | 10.2835    | 16.1500   
8      | 48.6629    | 48.7500    | 32.3818    | 31.9000   
9      | 46.3002    | 46.3750    | 36.7510    | 34.3250   

TIME TAKEN = 7119.54660 ms
Run 96

BASIC IMPLEMENTATION
--------------------------------------------------------------

Index  | Call Model | Call Actual | Put Model  | Put Actual
--------------------------------------------------------------
0      | 51.3883    | 51.7000    | 28.5523    | 29.6500   
1      | 53.1439    | 53.6500    | 24.8999    | 27.3750   
2      | 55.5507    | 56.4000    | 21.9540    | 25.3500   
3      | 58.3779    | 59.9750    | 18.8546    | 23.2750   
4      | 60.7531    | 63.1750    | 16.0375    | 21.2000   
5      | 62.9777    | 66.3250    | 13.9869    | 19.5250   
6      | 65.1464    | 69.7250    | 11.9810    | 17.7500   
7      | 67.0319    | 72.9000    | 10.2835    | 16.1500   
8      | 48.6629    | 48.7500    | 32.3818    | 31.9000   
9      | 46.3002    | 46.3750    | 36.7510    | 34.3250   

TIME TAKEN = 7081.39469 ms
Run 97

BASIC IMPLEMENTATION
--------------------------------------------------------------

Index  | Call Model | Call Actual | Put Model  | Put Actual
--------------------------------------------------------------
0      | 51.3883    | 51.7000    | 28.5523    | 29.6500   
1      | 53.1439    | 53.6500    | 24.8999    | 27.3750   
2      | 55.5507    | 56.4000    | 21.9540    | 25.3500   
3      | 58.3779    | 59.9750    | 18.8546    | 23.2750   
4      | 60.7531    | 63.1750    | 16.0375    | 21.2000   
5      | 62.9777    | 66.3250    | 13.9869    | 19.5250   
6      | 65.1464    | 69.7250    | 11.9810    | 17.7500   
7      | 67.0319    | 72.9000    | 10.2835    | 16.1500   
8      | 48.6629    | 48.7500    | 32.3818    | 31.9000   
9      | 46.3002    | 46.3750    | 36.7510    | 34.3250   

TIME TAKEN = 7386.04308 ms
Run 98

BASIC IMPLEMENTATION
--------------------------------------------------------------

Index  | Call Model | Call Actual | Put Model  | Put Actual
--------------------------------------------------------------
0      | 51.3883    | 51.7000    | 28.5523    | 29.6500   
1      | 53.1439    | 53.6500    | 24.8999    | 27.3750   
2      | 55.5507    | 56.4000    | 21.9540    | 25.3500   
3      | 58.3779    | 59.9750    | 18.8546    | 23.2750   
4      | 60.7531    | 63.1750    | 16.0375    | 21.2000   
5      | 62.9777    | 66.3250    | 13.9869    | 19.5250   
6      | 65.1464    | 69.7250    | 11.9810    | 17.7500   
7      | 67.0319    | 72.9000    | 10.2835    | 16.1500   
8      | 48.6629    | 48.7500    | 32.3818    | 31.9000   
9      | 46.3002    | 46.3750    | 36.7510    | 34.3250   

TIME TAKEN = 7392.94147 ms
Run 99

BASIC IMPLEMENTATION
--------------------------------------------------------------

Index  | Call Model | Call Actual | Put Model  | Put Actual
--------------------------------------------------------------
0      | 51.3883    | 51.7000    | 28.5523    | 29.6500   
1      | 53.1439    | 53.6500    | 24.8999    | 27.3750   
2      | 55.5507    | 56.4000    | 21.9540    | 25.3500   
3      | 58.3779    | 59.9750    | 18.8546    | 23.2750   
4      | 60.7531    | 63.1750    | 16.0375    | 21.2000   
5      | 62.9777    | 66.3250    | 13.9869    | 19.5250   
6      | 65.1464    | 69.7250    | 11.9810    | 17.7500   
7      | 67.0319    | 72.9000    | 10.2835    | 16.1500   
8      | 48.6629    | 48.7500    | 32.3818    | 31.9000   
9      | 46.3002    | 46.3750    | 36.7510    | 34.3250   

TIME TAKEN = 7379.98465 ms
Run 100

BASIC IMPLEMENTATION
--------------------------------------------------------------

Index  | Call Model | Call Actual | Put Model  | Put Actual
--------------------------------------------------------------
0      | 51.3883    | 51.7000    | 28.5523    | 29.6500   
1      | 53.1439    | 53.6500    | 24.8999    | 27.3750   
2      | 55.5507    | 56.4000    | 21.9540    | 25.3500   
3      | 58.3779    | 59.9750    | 18.8546    | 23.2750   
4      | 60.7531    | 63.1750    | 16.0375    | 21.2000   
5      | 62.9777    | 66.3250    | 13.9869    | 19.5250   
6      | 65.1464    | 69.7250    | 11.9810    | 17.7500   
7      | 67.0319    | 72.9000    | 10.2835    | 16.1500   
8      | 48.6629    | 48.7500    | 32.3818    | 31.9000   
9      | 46.3002    | 46.3750    | 36.7510    | 34.3250   

TIME TAKEN = 7152.02362 ms
Benchmarking: bin/black_scholes_base
Run 1

BASIC IMPLEMENTATION
--------------------------------------------------------------

Index  | Call Model | Call Actual | Put Model  | Put Actual
--------------------------------------------------------------
0      | 51.3883    | 51.7000    | 28.5523    | 29.6500   
1      | 53.1439    | 53.6500    | 24.8999    | 27.3750   
2      | 55.5507    | 56.4000    | 21.9540    | 25.3500   
3      | 58.3779    | 59.9750    | 18.8546    | 23.2750   
4      | 60.7531    | 63.1750    | 16.0375    | 21.2000   
5      | 62.9777    | 66.3250    | 13.9869    | 19.5250   
6      | 65.1464    | 69.7250    | 11.9810    | 17.7500   
7      | 67.0319    | 72.9000    | 10.2835    | 16.1500   
8      | 48.6629    | 48.7500    | 32.3818    | 31.9000   
9      | 46.3002    | 46.3750    | 36.7510    | 34.3250   

TIME TAKEN = 7142.00051 ms
Run 2

BASIC IMPLEMENTATION
--------------------------------------------------------------

Index  | Call Model | Call Actual | Put Model  | Put Actual
--------------------------------------------------------------
0      | 51.3883    | 51.7000    | 28.5523    | 29.6500   
1      | 53.1439    | 53.6500    | 24.8999    | 27.3750   
2      | 55.5507    | 56.4000    | 21.9540    | 25.3500   
3      | 58.3779    | 59.9750    | 18.8546    | 23.2750   
4      | 60.7531    | 63.1750    | 16.0375    | 21.2000   
5      | 62.9777    | 66.3250    | 13.9869    | 19.5250   
6      | 65.1464    | 69.7250    | 11.9810    | 17.7500   
7      | 67.0319    | 72.9000    | 10.2835    | 16.1500   
8      | 48.6629    | 48.7500    | 32.3818    | 31.9000   
9      | 46.3002    | 46.3750    | 36.7510    | 34.3250   

TIME TAKEN = 7015.34454 ms
Run 3

BASIC IMPLEMENTATION
--------------------------------------------------------------

Index  | Call Model | Call Actual | Put Model  | Put Actual
--------------------------------------------------------------
0      | 51.3883    | 51.7000    | 28.5523    | 29.6500   
1      | 53.1439    | 53.6500    | 24.8999    | 27.3750   
2      | 55.5507    | 56.4000    | 21.9540    | 25.3500   
3      | 58.3779    | 59.9750    | 18.8546    | 23.2750   
4      | 60.7531    | 63.1750    | 16.0375    | 21.2000   
5      | 62.9777    | 66.3250    | 13.9869    | 19.5250   
6      | 65.1464    | 69.7250    | 11.9810    | 17.7500   
7      | 67.0319    | 72.9000    | 10.2835    | 16.1500   
8      | 48.6629    | 48.7500    | 32.3818    | 31.9000   
9      | 46.3002    | 46.3750    | 36.7510    | 34.3250   

TIME TAKEN = 6952.09886 ms
Run 4

BASIC IMPLEMENTATION
--------------------------------------------------------------

Index  | Call Model | Call Actual | Put Model  | Put Actual
--------------------------------------------------------------
0      | 51.3883    | 51.7000    | 28.5523    | 29.6500   
1      | 53.1439    | 53.6500    | 24.8999    | 27.3750   
2      | 55.5507    | 56.4000    | 21.9540    | 25.3500   
3      | 58.3779    | 59.9750    | 18.8546    | 23.2750   
4      | 60.7531    | 63.1750    | 16.0375    | 21.2000   
5      | 62.9777    | 66.3250    | 13.9869    | 19.5250   
6      | 65.1464    | 69.7250    | 11.9810    | 17.7500   
7      | 67.0319    | 72.9000    | 10.2835    | 16.1500   
8      | 48.6629    | 48.7500    | 32.3818    | 31.9000   
9      | 46.3002    | 46.3750    | 36.7510    | 34.3250   

TIME TAKEN = 6994.12498 ms
Run 5

BASIC IMPLEMENTATION
--------------------------------------------------------------

Index  | Call Model | Call Actual | Put Model  | Put Actual
--------------------------------------------------------------
0      | 51.3883    | 51.7000    | 28.5523    | 29.6500   
1      | 53.1439    | 53.6500    | 24.8999    | 27.3750   
2      | 55.5507    | 56.4000    | 21.9540    | 25.3500   
3      | 58.3779    | 59.9750    | 18.8546    | 23.2750   
4      | 60.7531    | 63.1750    | 16.0375    | 21.2000   
5      | 62.9777    | 66.3250    | 13.9869    | 19.5250   
6      | 65.1464    | 69.7250    | 11.9810    | 17.7500   
7      | 67.0319    | 72.9000    | 10.2835    | 16.1500   
8      | 48.6629    | 48.7500    | 32.3818    | 31.9000   
9      | 46.3002    | 46.3750    | 36.7510    | 34.3250   

TIME TAKEN = 7032.43096 ms
Run 6

BASIC IMPLEMENTATION
--------------------------------------------------------------

Index  | Call Model | Call Actual | Put Model  | Put Actual
--------------------------------------------------------------
0      | 51.3883    | 51.7000    | 28.5523    | 29.6500   
1      | 53.1439    | 53.6500    | 24.8999    | 27.3750   
2      | 55.5507    | 56.4000    | 21.9540    | 25.3500   
3      | 58.3779    | 59.9750    | 18.8546    | 23.2750   
4      | 60.7531    | 63.1750    | 16.0375    | 21.2000   
5      | 62.9777    | 66.3250    | 13.9869    | 19.5250   
6      | 65.1464    | 69.7250    | 11.9810    | 17.7500   
7      | 67.0319    | 72.9000    | 10.2835    | 16.1500   
8      | 48.6629    | 48.7500    | 32.3818    | 31.9000   
9      | 46.3002    | 46.3750    | 36.7510    | 34.3250   

TIME TAKEN = 6981.00713 ms
Run 7

BASIC IMPLEMENTATION
--------------------------------------------------------------

Index  | Call Model | Call Actual | Put Model  | Put Actual
--------------------------------------------------------------
0      | 51.3883    | 51.7000    | 28.5523    | 29.6500   
1      | 53.1439    | 53.6500    | 24.8999    | 27.3750   
2      | 55.5507    | 56.4000    | 21.9540    | 25.3500   
3      | 58.3779    | 59.9750    | 18.8546    | 23.2750   
4      | 60.7531    | 63.1750    | 16.0375    | 21.2000   
5      | 62.9777    | 66.3250    | 13.9869    | 19.5250   
6      | 65.1464    | 69.7250    | 11.9810    | 17.7500   
7      | 67.0319    | 72.9000    | 10.2835    | 16.1500   
8      | 48.6629    | 48.7500    | 32.3818    | 31.9000   
9      | 46.3002    | 46.3750    | 36.7510    | 34.3250   

TIME TAKEN = 7044.29291 ms
Run 8

BASIC IMPLEMENTATION
--------------------------------------------------------------

Index  | Call Model | Call Actual | Put Model  | Put Actual
--------------------------------------------------------------
0      | 51.3883    | 51.7000    | 28.5523    | 29.6500   
1      | 53.1439    | 53.6500    | 24.8999    | 27.3750   
2      | 55.5507    | 56.4000    | 21.9540    | 25.3500   
3      | 58.3779    | 59.9750    | 18.8546    | 23.2750   
4      | 60.7531    | 63.1750    | 16.0375    | 21.2000   
5      | 62.9777    | 66.3250    | 13.9869    | 19.5250   
6      | 65.1464    | 69.7250    | 11.9810    | 17.7500   
7      | 67.0319    | 72.9000    | 10.2835    | 16.1500   
8      | 48.6629    | 48.7500    | 32.3818    | 31.9000   
9      | 46.3002    | 46.3750    | 36.7510    | 34.3250   

TIME TAKEN = 7077.99869 ms
Run 9

BASIC IMPLEMENTATION
--------------------------------------------------------------

Index  | Call Model | Call Actual | Put Model  | Put Actual
--------------------------------------------------------------
0      | 51.3883    | 51.7000    | 28.5523    | 29.6500   
1      | 53.1439    | 53.6500    | 24.8999    | 27.3750   
2      | 55.5507    | 56.4000    | 21.9540    | 25.3500   
3      | 58.3779    | 59.9750    | 18.8546    | 23.2750   
4      | 60.7531    | 63.1750    | 16.0375    | 21.2000   
5      | 62.9777    | 66.3250    | 13.9869    | 19.5250   
6      | 65.1464    | 69.7250    | 11.9810    | 17.7500   
7      | 67.0319    | 72.9000    | 10.2835    | 16.1500   
8      | 48.6629    | 48.7500    | 32.3818    | 31.9000   
9      | 46.3002    | 46.3750    | 36.7510    | 34.3250   

TIME TAKEN = 7005.75369 ms
Run 10

BASIC IMPLEMENTATION
--------------------------------------------------------------

Index  | Call Model | Call Actual | Put Model  | Put Actual
--------------------------------------------------------------
0      | 51.3883    | 51.7000    | 28.5523    | 29.6500   
1      | 53.1439    | 53.6500    | 24.8999    | 27.3750   
2      | 55.5507    | 56.4000    | 21.9540    | 25.3500   
3      | 58.3779    | 59.9750    | 18.8546    | 23.2750   
4      | 60.7531    | 63.1750    | 16.0375    | 21.2000   
5      | 62.9777    | 66.3250    | 13.9869    | 19.5250   
6      | 65.1464    | 69.7250    | 11.9810    | 17.7500   
7      | 67.0319    | 72.9000    | 10.2835    | 16.1500   
8      | 48.6629    | 48.7500    | 32.3818    | 31.9000   
9      | 46.3002    | 46.3750    | 36.7510    | 34.3250   

TIME TAKEN = 7004.24509 ms
Run 11

BASIC IMPLEMENTATION
--------------------------------------------------------------

Index  | Call Model | Call Actual | Put Model  | Put Actual
--------------------------------------------------------------
0      | 51.3883    | 51.7000    | 28.5523    | 29.6500   
1      | 53.1439    | 53.6500    | 24.8999    | 27.3750   
2      | 55.5507    | 56.4000    | 21.9540    | 25.3500   
3      | 58.3779    | 59.9750    | 18.8546    | 23.2750   
4      | 60.7531    | 63.1750    | 16.0375    | 21.2000   
5      | 62.9777    | 66.3250    | 13.9869    | 19.5250   
6      | 65.1464    | 69.7250    | 11.9810    | 17.7500   
7      | 67.0319    | 72.9000    | 10.2835    | 16.1500   
8      | 48.6629    | 48.7500    | 32.3818    | 31.9000   
9      | 46.3002    | 46.3750    | 36.7510    | 34.3250   

TIME TAKEN = 7017.67630 ms
Run 12

BASIC IMPLEMENTATION
--------------------------------------------------------------

Index  | Call Model | Call Actual | Put Model  | Put Actual
--------------------------------------------------------------
0      | 51.3883    | 51.7000    | 28.5523    | 29.6500   
1      | 53.1439    | 53.6500    | 24.8999    | 27.3750   
2      | 55.5507    | 56.4000    | 21.9540    | 25.3500   
3      | 58.3779    | 59.9750    | 18.8546    | 23.2750   
4      | 60.7531    | 63.1750    | 16.0375    | 21.2000   
5      | 62.9777    | 66.3250    | 13.9869    | 19.5250   
6      | 65.1464    | 69.7250    | 11.9810    | 17.7500   
7      | 67.0319    | 72.9000    | 10.2835    | 16.1500   
8      | 48.6629    | 48.7500    | 32.3818    | 31.9000   
9      | 46.3002    | 46.3750    | 36.7510    | 34.3250   

TIME TAKEN = 7060.63763 ms
Run 13

BASIC IMPLEMENTATION
--------------------------------------------------------------

Index  | Call Model | Call Actual | Put Model  | Put Actual
--------------------------------------------------------------
0      | 51.3883    | 51.7000    | 28.5523    | 29.6500   
1      | 53.1439    | 53.6500    | 24.8999    | 27.3750   
2      | 55.5507    | 56.4000    | 21.9540    | 25.3500   
3      | 58.3779    | 59.9750    | 18.8546    | 23.2750   
4      | 60.7531    | 63.1750    | 16.0375    | 21.2000   
5      | 62.9777    | 66.3250    | 13.9869    | 19.5250   
6      | 65.1464    | 69.7250    | 11.9810    | 17.7500   
7      | 67.0319    | 72.9000    | 10.2835    | 16.1500   
8      | 48.6629    | 48.7500    | 32.3818    | 31.9000   
9      | 46.3002    | 46.3750    | 36.7510    | 34.3250   

TIME TAKEN = 7025.99730 ms
Run 14

BASIC IMPLEMENTATION
--------------------------------------------------------------

Index  | Call Model | Call Actual | Put Model  | Put Actual
--------------------------------------------------------------
0      | 51.3883    | 51.7000    | 28.5523    | 29.6500   
1      | 53.1439    | 53.6500    | 24.8999    | 27.3750   
2      | 55.5507    | 56.4000    | 21.9540    | 25.3500   
3      | 58.3779    | 59.9750    | 18.8546    | 23.2750   
4      | 60.7531    | 63.1750    | 16.0375    | 21.2000   
5      | 62.9777    | 66.3250    | 13.9869    | 19.5250   
6      | 65.1464    | 69.7250    | 11.9810    | 17.7500   
7      | 67.0319    | 72.9000    | 10.2835    | 16.1500   
8      | 48.6629    | 48.7500    | 32.3818    | 31.9000   
9      | 46.3002    | 46.3750    | 36.7510    | 34.3250   

TIME TAKEN = 7092.83992 ms
Run 15

BASIC IMPLEMENTATION
--------------------------------------------------------------

Index  | Call Model | Call Actual | Put Model  | Put Actual
--------------------------------------------------------------
0      | 51.3883    | 51.7000    | 28.5523    | 29.6500   
1      | 53.1439    | 53.6500    | 24.8999    | 27.3750   
2      | 55.5507    | 56.4000    | 21.9540    | 25.3500   
3      | 58.3779    | 59.9750    | 18.8546    | 23.2750   
4      | 60.7531    | 63.1750    | 16.0375    | 21.2000   
5      | 62.9777    | 66.3250    | 13.9869    | 19.5250   
6      | 65.1464    | 69.7250    | 11.9810    | 17.7500   
7      | 67.0319    | 72.9000    | 10.2835    | 16.1500   
8      | 48.6629    | 48.7500    | 32.3818    | 31.9000   
9      | 46.3002    | 46.3750    | 36.7510    | 34.3250   

TIME TAKEN = 7024.42688 ms
Run 16

BASIC IMPLEMENTATION
--------------------------------------------------------------

Index  | Call Model | Call Actual | Put Model  | Put Actual
--------------------------------------------------------------
0      | 51.3883    | 51.7000    | 28.5523    | 29.6500   
1      | 53.1439    | 53.6500    | 24.8999    | 27.3750   
2      | 55.5507    | 56.4000    | 21.9540    | 25.3500   
3      | 58.3779    | 59.9750    | 18.8546    | 23.2750   
4      | 60.7531    | 63.1750    | 16.0375    | 21.2000   
5      | 62.9777    | 66.3250    | 13.9869    | 19.5250   
6      | 65.1464    | 69.7250    | 11.9810    | 17.7500   
7      | 67.0319    | 72.9000    | 10.2835    | 16.1500   
8      | 48.6629    | 48.7500    | 32.3818    | 31.9000   
9      | 46.3002    | 46.3750    | 36.7510    | 34.3250   

TIME TAKEN = 6988.58444 ms
Run 17

BASIC IMPLEMENTATION
--------------------------------------------------------------

Index  | Call Model | Call Actual | Put Model  | Put Actual
--------------------------------------------------------------
0      | 51.3883    | 51.7000    | 28.5523    | 29.6500   
1      | 53.1439    | 53.6500    | 24.8999    | 27.3750   
2      | 55.5507    | 56.4000    | 21.9540    | 25.3500   
3      | 58.3779    | 59.9750    | 18.8546    | 23.2750   
4      | 60.7531    | 63.1750    | 16.0375    | 21.2000   
5      | 62.9777    | 66.3250    | 13.9869    | 19.5250   
6      | 65.1464    | 69.7250    | 11.9810    | 17.7500   
7      | 67.0319    | 72.9000    | 10.2835    | 16.1500   
8      | 48.6629    | 48.7500    | 32.3818    | 31.9000   
9      | 46.3002    | 46.3750    | 36.7510    | 34.3250   

TIME TAKEN = 7007.57908 ms
Run 18

BASIC IMPLEMENTATION
--------------------------------------------------------------

Index  | Call Model | Call Actual | Put Model  | Put Actual
--------------------------------------------------------------
0      | 51.3883    | 51.7000    | 28.5523    | 29.6500   
1      | 53.1439    | 53.6500    | 24.8999    | 27.3750   
2      | 55.5507    | 56.4000    | 21.9540    | 25.3500   
3      | 58.3779    | 59.9750    | 18.8546    | 23.2750   
4      | 60.7531    | 63.1750    | 16.0375    | 21.2000   
5      | 62.9777    | 66.3250    | 13.9869    | 19.5250   
6      | 65.1464    | 69.7250    | 11.9810    | 17.7500   
7      | 67.0319    | 72.9000    | 10.2835    | 16.1500   
8      | 48.6629    | 48.7500    | 32.3818    | 31.9000   
9      | 46.3002    | 46.3750    | 36.7510    | 34.3250   

TIME TAKEN = 7004.95857 ms
Run 19

BASIC IMPLEMENTATION
--------------------------------------------------------------

Index  | Call Model | Call Actual | Put Model  | Put Actual
--------------------------------------------------------------
0      | 51.3883    | 51.7000    | 28.5523    | 29.6500   
1      | 53.1439    | 53.6500    | 24.8999    | 27.3750   
2      | 55.5507    | 56.4000    | 21.9540    | 25.3500   
3      | 58.3779    | 59.9750    | 18.8546    | 23.2750   
4      | 60.7531    | 63.1750    | 16.0375    | 21.2000   
5      | 62.9777    | 66.3250    | 13.9869    | 19.5250   
6      | 65.1464    | 69.7250    | 11.9810    | 17.7500   
7      | 67.0319    | 72.9000    | 10.2835    | 16.1500   
8      | 48.6629    | 48.7500    | 32.3818    | 31.9000   
9      | 46.3002    | 46.3750    | 36.7510    | 34.3250   

TIME TAKEN = 7013.30026 ms
Run 20

BASIC IMPLEMENTATION
--------------------------------------------------------------

Index  | Call Model | Call Actual | Put Model  | Put Actual
--------------------------------------------------------------
0      | 51.3883    | 51.7000    | 28.5523    | 29.6500   
1      | 53.1439    | 53.6500    | 24.8999    | 27.3750   
2      | 55.5507    | 56.4000    | 21.9540    | 25.3500   
3      | 58.3779    | 59.9750    | 18.8546    | 23.2750   
4      | 60.7531    | 63.1750    | 16.0375    | 21.2000   
5      | 62.9777    | 66.3250    | 13.9869    | 19.5250   
6      | 65.1464    | 69.7250    | 11.9810    | 17.7500   
7      | 67.0319    | 72.9000    | 10.2835    | 16.1500   
8      | 48.6629    | 48.7500    | 32.3818    | 31.9000   
9      | 46.3002    | 46.3750    | 36.7510    | 34.3250   

TIME TAKEN = 6999.68517 ms
Run 21

BASIC IMPLEMENTATION
--------------------------------------------------------------

Index  | Call Model | Call Actual | Put Model  | Put Actual
--------------------------------------------------------------
0      | 51.3883    | 51.7000    | 28.5523    | 29.6500   
1      | 53.1439    | 53.6500    | 24.8999    | 27.3750   
2      | 55.5507    | 56.4000    | 21.9540    | 25.3500   
3      | 58.3779    | 59.9750    | 18.8546    | 23.2750   
4      | 60.7531    | 63.1750    | 16.0375    | 21.2000   
5      | 62.9777    | 66.3250    | 13.9869    | 19.5250   
6      | 65.1464    | 69.7250    | 11.9810    | 17.7500   
7      | 67.0319    | 72.9000    | 10.2835    | 16.1500   
8      | 48.6629    | 48.7500    | 32.3818    | 31.9000   
9      | 46.3002    | 46.3750    | 36.7510    | 34.3250   

TIME TAKEN = 7066.05538 ms
Run 22

BASIC IMPLEMENTATION
--------------------------------------------------------------

Index  | Call Model | Call Actual | Put Model  | Put Actual
--------------------------------------------------------------
0      | 51.3883    | 51.7000    | 28.5523    | 29.6500   
1      | 53.1439    | 53.6500    | 24.8999    | 27.3750   
2      | 55.5507    | 56.4000    | 21.9540    | 25.3500   
3      | 58.3779    | 59.9750    | 18.8546    | 23.2750   
4      | 60.7531    | 63.1750    | 16.0375    | 21.2000   
5      | 62.9777    | 66.3250    | 13.9869    | 19.5250   
6      | 65.1464    | 69.7250    | 11.9810    | 17.7500   
7      | 67.0319    | 72.9000    | 10.2835    | 16.1500   
8      | 48.6629    | 48.7500    | 32.3818    | 31.9000   
9      | 46.3002    | 46.3750    | 36.7510    | 34.3250   

TIME TAKEN = 7075.20892 ms
Run 23

BASIC IMPLEMENTATION
--------------------------------------------------------------

Index  | Call Model | Call Actual | Put Model  | Put Actual
--------------------------------------------------------------
0      | 51.3883    | 51.7000    | 28.5523    | 29.6500   
1      | 53.1439    | 53.6500    | 24.8999    | 27.3750   
2      | 55.5507    | 56.4000    | 21.9540    | 25.3500   
3      | 58.3779    | 59.9750    | 18.8546    | 23.2750   
4      | 60.7531    | 63.1750    | 16.0375    | 21.2000   
5      | 62.9777    | 66.3250    | 13.9869    | 19.5250   
6      | 65.1464    | 69.7250    | 11.9810    | 17.7500   
7      | 67.0319    | 72.9000    | 10.2835    | 16.1500   
8      | 48.6629    | 48.7500    | 32.3818    | 31.9000   
9      | 46.3002    | 46.3750    | 36.7510    | 34.3250   

TIME TAKEN = 7059.40157 ms
Run 24

BASIC IMPLEMENTATION
--------------------------------------------------------------

Index  | Call Model | Call Actual | Put Model  | Put Actual
--------------------------------------------------------------
0      | 51.3883    | 51.7000    | 28.5523    | 29.6500   
1      | 53.1439    | 53.6500    | 24.8999    | 27.3750   
2      | 55.5507    | 56.4000    | 21.9540    | 25.3500   
3      | 58.3779    | 59.9750    | 18.8546    | 23.2750   
4      | 60.7531    | 63.1750    | 16.0375    | 21.2000   
5      | 62.9777    | 66.3250    | 13.9869    | 19.5250   
6      | 65.1464    | 69.7250    | 11.9810    | 17.7500   
7      | 67.0319    | 72.9000    | 10.2835    | 16.1500   
8      | 48.6629    | 48.7500    | 32.3818    | 31.9000   
9      | 46.3002    | 46.3750    | 36.7510    | 34.3250   

TIME TAKEN = 7024.58583 ms
Run 25

BASIC IMPLEMENTATION
--------------------------------------------------------------

Index  | Call Model | Call Actual | Put Model  | Put Actual
--------------------------------------------------------------
0      | 51.3883    | 51.7000    | 28.5523    | 29.6500   
1      | 53.1439    | 53.6500    | 24.8999    | 27.3750   
2      | 55.5507    | 56.4000    | 21.9540    | 25.3500   
3      | 58.3779    | 59.9750    | 18.8546    | 23.2750   
4      | 60.7531    | 63.1750    | 16.0375    | 21.2000   
5      | 62.9777    | 66.3250    | 13.9869    | 19.5250   
6      | 65.1464    | 69.7250    | 11.9810    | 17.7500   
7      | 67.0319    | 72.9000    | 10.2835    | 16.1500   
8      | 48.6629    | 48.7500    | 32.3818    | 31.9000   
9      | 46.3002    | 46.3750    | 36.7510    | 34.3250   

TIME TAKEN = 7041.57635 ms
Run 26

BASIC IMPLEMENTATION
--------------------------------------------------------------

Index  | Call Model | Call Actual | Put Model  | Put Actual
--------------------------------------------------------------
0      | 51.3883    | 51.7000    | 28.5523    | 29.6500   
1      | 53.1439    | 53.6500    | 24.8999    | 27.3750   
2      | 55.5507    | 56.4000    | 21.9540    | 25.3500   
3      | 58.3779    | 59.9750    | 18.8546    | 23.2750   
4      | 60.7531    | 63.1750    | 16.0375    | 21.2000   
5      | 62.9777    | 66.3250    | 13.9869    | 19.5250   
6      | 65.1464    | 69.7250    | 11.9810    | 17.7500   
7      | 67.0319    | 72.9000    | 10.2835    | 16.1500   
8      | 48.6629    | 48.7500    | 32.3818    | 31.9000   
9      | 46.3002    | 46.3750    | 36.7510    | 34.3250   

TIME TAKEN = 7011.10739 ms
Run 27

BASIC IMPLEMENTATION
--------------------------------------------------------------

Index  | Call Model | Call Actual | Put Model  | Put Actual
--------------------------------------------------------------
0      | 51.3883    | 51.7000    | 28.5523    | 29.6500   
1      | 53.1439    | 53.6500    | 24.8999    | 27.3750   
2      | 55.5507    | 56.4000    | 21.9540    | 25.3500   
3      | 58.3779    | 59.9750    | 18.8546    | 23.2750   
4      | 60.7531    | 63.1750    | 16.0375    | 21.2000   
5      | 62.9777    | 66.3250    | 13.9869    | 19.5250   
6      | 65.1464    | 69.7250    | 11.9810    | 17.7500   
7      | 67.0319    | 72.9000    | 10.2835    | 16.1500   
8      | 48.6629    | 48.7500    | 32.3818    | 31.9000   
9      | 46.3002    | 46.3750    | 36.7510    | 34.3250   

TIME TAKEN = 7025.46332 ms
Run 28

BASIC IMPLEMENTATION
--------------------------------------------------------------

Index  | Call Model | Call Actual | Put Model  | Put Actual
--------------------------------------------------------------
0      | 51.3883    | 51.7000    | 28.5523    | 29.6500   
1      | 53.1439    | 53.6500    | 24.8999    | 27.3750   
2      | 55.5507    | 56.4000    | 21.9540    | 25.3500   
3      | 58.3779    | 59.9750    | 18.8546    | 23.2750   
4      | 60.7531    | 63.1750    | 16.0375    | 21.2000   
5      | 62.9777    | 66.3250    | 13.9869    | 19.5250   
6      | 65.1464    | 69.7250    | 11.9810    | 17.7500   
7      | 67.0319    | 72.9000    | 10.2835    | 16.1500   
8      | 48.6629    | 48.7500    | 32.3818    | 31.9000   
9      | 46.3002    | 46.3750    | 36.7510    | 34.3250   

TIME TAKEN = 7144.47068 ms
Run 29

BASIC IMPLEMENTATION
--------------------------------------------------------------

Index  | Call Model | Call Actual | Put Model  | Put Actual
--------------------------------------------------------------
0      | 51.3883    | 51.7000    | 28.5523    | 29.6500   
1      | 53.1439    | 53.6500    | 24.8999    | 27.3750   
2      | 55.5507    | 56.4000    | 21.9540    | 25.3500   
3      | 58.3779    | 59.9750    | 18.8546    | 23.2750   
4      | 60.7531    | 63.1750    | 16.0375    | 21.2000   
5      | 62.9777    | 66.3250    | 13.9869    | 19.5250   
6      | 65.1464    | 69.7250    | 11.9810    | 17.7500   
7      | 67.0319    | 72.9000    | 10.2835    | 16.1500   
8      | 48.6629    | 48.7500    | 32.3818    | 31.9000   
9      | 46.3002    | 46.3750    | 36.7510    | 34.3250   

TIME TAKEN = 7019.76429 ms
Run 30

BASIC IMPLEMENTATION
--------------------------------------------------------------

Index  | Call Model | Call Actual | Put Model  | Put Actual
--------------------------------------------------------------
0      | 51.3883    | 51.7000    | 28.5523    | 29.6500   
1      | 53.1439    | 53.6500    | 24.8999    | 27.3750   
2      | 55.5507    | 56.4000    | 21.9540    | 25.3500   
3      | 58.3779    | 59.9750    | 18.8546    | 23.2750   
4      | 60.7531    | 63.1750    | 16.0375    | 21.2000   
5      | 62.9777    | 66.3250    | 13.9869    | 19.5250   
6      | 65.1464    | 69.7250    | 11.9810    | 17.7500   
7      | 67.0319    | 72.9000    | 10.2835    | 16.1500   
8      | 48.6629    | 48.7500    | 32.3818    | 31.9000   
9      | 46.3002    | 46.3750    | 36.7510    | 34.3250   

TIME TAKEN = 7006.41809 ms
Run 31

BASIC IMPLEMENTATION
--------------------------------------------------------------

Index  | Call Model | Call Actual | Put Model  | Put Actual
--------------------------------------------------------------
0      | 51.3883    | 51.7000    | 28.5523    | 29.6500   
1      | 53.1439    | 53.6500    | 24.8999    | 27.3750   
2      | 55.5507    | 56.4000    | 21.9540    | 25.3500   
3      | 58.3779    | 59.9750    | 18.8546    | 23.2750   
4      | 60.7531    | 63.1750    | 16.0375    | 21.2000   
5      | 62.9777    | 66.3250    | 13.9869    | 19.5250   
6      | 65.1464    | 69.7250    | 11.9810    | 17.7500   
7      | 67.0319    | 72.9000    | 10.2835    | 16.1500   
8      | 48.6629    | 48.7500    | 32.3818    | 31.9000   
9      | 46.3002    | 46.3750    | 36.7510    | 34.3250   

TIME TAKEN = 7168.04880 ms
Run 32
