Benchmarking: bin/black_scholes_cpu_acc
Run 1

 CPU ACCELERATED IMPLEMENTATION
--------------------------------------------------------------

Index  | Call Model | Call Actual | Put Model  | Put Actual
--------------------------------------------------------------
0      | 51.3883    | 51.7000    | 28.5523    | 29.6500   
1      | 53.1439    | 53.6500    | 24.8999    | 27.3750   
2      | 55.5507    | 56.4000    | 21.9540    | 25.3500   
3      | 58.3779    | 59.9750    | 18.8546    | 23.2750   
4      | 60.7531    | 63.1750    | 16.0375    | 21.2000   
5      | 62.9777    | 66.3250    | 13.9869    | 19.5250   
6      | 65.1464    | 69.7250    | 11.9810    | 17.7500   
7      | 67.0319    | 72.9000    | 10.2835    | 16.1500   
8      | 48.6629    | 48.7500    | 32.3818    | 31.9000   
9      | 46.3002    | 46.3750    | 36.7510    | 34.3250   

TIME TAKEN = 508.87642 ms
Benchmarking: bin/black_scholes_cpu_acc
Run 1

 CPU ACCELERATED IMPLEMENTATION
--------------------------------------------------------------

Index  | Call Model | Call Actual | Put Model  | Put Actual
--------------------------------------------------------------
0      | 51.3883    | 51.7000    | 28.5523    | 29.6500   
1      | 53.1439    | 53.6500    | 24.8999    | 27.3750   
2      | 55.5507    | 56.4000    | 21.9540    | 25.3500   
3      | 58.3779    | 59.9750    | 18.8546    | 23.2750   
4      | 60.7531    | 63.1750    | 16.0375    | 21.2000   
5      | 62.9777    | 66.3250    | 13.9869    | 19.5250   
6      | 65.1464    | 69.7250    | 11.9810    | 17.7500   
7      | 67.0319    | 72.9000    | 10.2835    | 16.1500   
8      | 48.6629    | 48.7500    | 32.3818    | 31.9000   
9      | 46.3002    | 46.3750    | 36.7510    | 34.3250   

TIME TAKEN = 509.34338 ms
Run 2

 CPU ACCELERATED IMPLEMENTATION
--------------------------------------------------------------

Index  | Call Model | Call Actual | Put Model  | Put Actual
--------------------------------------------------------------
0      | 51.3883    | 51.7000    | 28.5523    | 29.6500   
1      | 53.1439    | 53.6500    | 24.8999    | 27.3750   
2      | 55.5507    | 56.4000    | 21.9540    | 25.3500   
3      | 58.3779    | 59.9750    | 18.8546    | 23.2750   
4      | 60.7531    | 63.1750    | 16.0375    | 21.2000   
5      | 62.9777    | 66.3250    | 13.9869    | 19.5250   
6      | 65.1464    | 69.7250    | 11.9810    | 17.7500   
7      | 67.0319    | 72.9000    | 10.2835    | 16.1500   
8      | 48.6629    | 48.7500    | 32.3818    | 31.9000   
9      | 46.3002    | 46.3750    | 36.7510    | 34.3250   

TIME TAKEN = 509.07991 ms
Run 3

 CPU ACCELERATED IMPLEMENTATION
--------------------------------------------------------------

Index  | Call Model | Call Actual | Put Model  | Put Actual
--------------------------------------------------------------
0      | 51.3883    | 51.7000    | 28.5523    | 29.6500   
1      | 53.1439    | 53.6500    | 24.8999    | 27.3750   
2      | 55.5507    | 56.4000    | 21.9540    | 25.3500   
3      | 58.3779    | 59.9750    | 18.8546    | 23.2750   
4      | 60.7531    | 63.1750    | 16.0375    | 21.2000   
5      | 62.9777    | 66.3250    | 13.9869    | 19.5250   
6      | 65.1464    | 69.7250    | 11.9810    | 17.7500   
7      | 67.0319    | 72.9000    | 10.2835    | 16.1500   
8      | 48.6629    | 48.7500    | 32.3818    | 31.9000   
9      | 46.3002    | 46.3750    | 36.7510    | 34.3250   

TIME TAKEN = 508.98839 ms
Run 4

 CPU ACCELERATED IMPLEMENTATION
--------------------------------------------------------------

Index  | Call Model | Call Actual | Put Model  | Put Actual
--------------------------------------------------------------
0      | 51.3883    | 51.7000    | 28.5523    | 29.6500   
1      | 53.1439    | 53.6500    | 24.8999    | 27.3750   
2      | 55.5507    | 56.4000    | 21.9540    | 25.3500   
3      | 58.3779    | 59.9750    | 18.8546    | 23.2750   
4      | 60.7531    | 63.1750    | 16.0375    | 21.2000   
5      | 62.9777    | 66.3250    | 13.9869    | 19.5250   
6      | 65.1464    | 69.7250    | 11.9810    | 17.7500   
7      | 67.0319    | 72.9000    | 10.2835    | 16.1500   
8      | 48.6629    | 48.7500    | 32.3818    | 31.9000   
9      | 46.3002    | 46.3750    | 36.7510    | 34.3250   

TIME TAKEN = 509.16895 ms
Run 5

 CPU ACCELERATED IMPLEMENTATION
--------------------------------------------------------------

Index  | Call Model | Call Actual | Put Model  | Put Actual
--------------------------------------------------------------
0      | 51.3883    | 51.7000    | 28.5523    | 29.6500   
1      | 53.1439    | 53.6500    | 24.8999    | 27.3750   
2      | 55.5507    | 56.4000    | 21.9540    | 25.3500   
3      | 58.3779    | 59.9750    | 18.8546    | 23.2750   
4      | 60.7531    | 63.1750    | 16.0375    | 21.2000   
5      | 62.9777    | 66.3250    | 13.9869    | 19.5250   
6      | 65.1464    | 69.7250    | 11.9810    | 17.7500   
7      | 67.0319    | 72.9000    | 10.2835    | 16.1500   
8      | 48.6629    | 48.7500    | 32.3818    | 31.9000   
9      | 46.3002    | 46.3750    | 36.7510    | 34.3250   

TIME TAKEN = 510.29591 ms
Run 6

 CPU ACCELERATED IMPLEMENTATION
--------------------------------------------------------------

Index  | Call Model | Call Actual | Put Model  | Put Actual
--------------------------------------------------------------
0      | 51.3883    | 51.7000    | 28.5523    | 29.6500   
1      | 53.1439    | 53.6500    | 24.8999    | 27.3750   
2      | 55.5507    | 56.4000    | 21.9540    | 25.3500   
3      | 58.3779    | 59.9750    | 18.8546    | 23.2750   
4      | 60.7531    | 63.1750    | 16.0375    | 21.2000   
5      | 62.9777    | 66.3250    | 13.9869    | 19.5250   
6      | 65.1464    | 69.7250    | 11.9810    | 17.7500   
7      | 67.0319    | 72.9000    | 10.2835    | 16.1500   
8      | 48.6629    | 48.7500    | 32.3818    | 31.9000   
9      | 46.3002    | 46.3750    | 36.7510    | 34.3250   

TIME TAKEN = 509.14100 ms
Run 7

 CPU ACCELERATED IMPLEMENTATION
--------------------------------------------------------------

Index  | Call Model | Call Actual | Put Model  | Put Actual
--------------------------------------------------------------
0      | 51.3883    | 51.7000    | 28.5523    | 29.6500   
1      | 53.1439    | 53.6500    | 24.8999    | 27.3750   
2      | 55.5507    | 56.4000    | 21.9540    | 25.3500   
3      | 58.3779    | 59.9750    | 18.8546    | 23.2750   
4      | 60.7531    | 63.1750    | 16.0375    | 21.2000   
5      | 62.9777    | 66.3250    | 13.9869    | 19.5250   
6      | 65.1464    | 69.7250    | 11.9810    | 17.7500   
7      | 67.0319    | 72.9000    | 10.2835    | 16.1500   
8      | 48.6629    | 48.7500    | 32.3818    | 31.9000   
9      | 46.3002    | 46.3750    | 36.7510    | 34.3250   

TIME TAKEN = 509.34964 ms
Run 8

 CPU ACCELERATED IMPLEMENTATION
--------------------------------------------------------------

Index  | Call Model | Call Actual | Put Model  | Put Actual
--------------------------------------------------------------
0      | 51.3883    | 51.7000    | 28.5523    | 29.6500   
1      | 53.1439    | 53.6500    | 24.8999    | 27.3750   
2      | 55.5507    | 56.4000    | 21.9540    | 25.3500   
3      | 58.3779    | 59.9750    | 18.8546    | 23.2750   
4      | 60.7531    | 63.1750    | 16.0375    | 21.2000   
5      | 62.9777    | 66.3250    | 13.9869    | 19.5250   
6      | 65.1464    | 69.7250    | 11.9810    | 17.7500   
7      | 67.0319    | 72.9000    | 10.2835    | 16.1500   
8      | 48.6629    | 48.7500    | 32.3818    | 31.9000   
9      | 46.3002    | 46.3750    | 36.7510    | 34.3250   

TIME TAKEN = 508.87207 ms
Run 9

 CPU ACCELERATED IMPLEMENTATION
--------------------------------------------------------------

Index  | Call Model | Call Actual | Put Model  | Put Actual
--------------------------------------------------------------
0      | 51.3883    | 51.7000    | 28.5523    | 29.6500   
1      | 53.1439    | 53.6500    | 24.8999    | 27.3750   
2      | 55.5507    | 56.4000    | 21.9540    | 25.3500   
3      | 58.3779    | 59.9750    | 18.8546    | 23.2750   
4      | 60.7531    | 63.1750    | 16.0375    | 21.2000   
5      | 62.9777    | 66.3250    | 13.9869    | 19.5250   
6      | 65.1464    | 69.7250    | 11.9810    | 17.7500   
7      | 67.0319    | 72.9000    | 10.2835    | 16.1500   
8      | 48.6629    | 48.7500    | 32.3818    | 31.9000   
9      | 46.3002    | 46.3750    | 36.7510    | 34.3250   

TIME TAKEN = 509.05487 ms
Run 10

 CPU ACCELERATED IMPLEMENTATION
--------------------------------------------------------------

Index  | Call Model | Call Actual | Put Model  | Put Actual
--------------------------------------------------------------
0      | 51.3883    | 51.7000    | 28.5523    | 29.6500   
1      | 53.1439    | 53.6500    | 24.8999    | 27.3750   
2      | 55.5507    | 56.4000    | 21.9540    | 25.3500   
3      | 58.3779    | 59.9750    | 18.8546    | 23.2750   
4      | 60.7531    | 63.1750    | 16.0375    | 21.2000   
5      | 62.9777    | 66.3250    | 13.9869    | 19.5250   
6      | 65.1464    | 69.7250    | 11.9810    | 17.7500   
7      | 67.0319    | 72.9000    | 10.2835    | 16.1500   
8      | 48.6629    | 48.7500    | 32.3818    | 31.9000   
9      | 46.3002    | 46.3750    | 36.7510    | 34.3250   

TIME TAKEN = 509.62276 ms
Run 11

 CPU ACCELERATED IMPLEMENTATION
--------------------------------------------------------------

Index  | Call Model | Call Actual | Put Model  | Put Actual
--------------------------------------------------------------
0      | 51.3883    | 51.7000    | 28.5523    | 29.6500   
1      | 53.1439    | 53.6500    | 24.8999    | 27.3750   
2      | 55.5507    | 56.4000    | 21.9540    | 25.3500   
3      | 58.3779    | 59.9750    | 18.8546    | 23.2750   
4      | 60.7531    | 63.1750    | 16.0375    | 21.2000   
5      | 62.9777    | 66.3250    | 13.9869    | 19.5250   
6      | 65.1464    | 69.7250    | 11.9810    | 17.7500   
7      | 67.0319    | 72.9000    | 10.2835    | 16.1500   
8      | 48.6629    | 48.7500    | 32.3818    | 31.9000   
9      | 46.3002    | 46.3750    | 36.7510    | 34.3250   

TIME TAKEN = 509.16590 ms
Run 12

 CPU ACCELERATED IMPLEMENTATION
--------------------------------------------------------------

Index  | Call Model | Call Actual | Put Model  | Put Actual
--------------------------------------------------------------
0      | 51.3883    | 51.7000    | 28.5523    | 29.6500   
1      | 53.1439    | 53.6500    | 24.8999    | 27.3750   
2      | 55.5507    | 56.4000    | 21.9540    | 25.3500   
3      | 58.3779    | 59.9750    | 18.8546    | 23.2750   
4      | 60.7531    | 63.1750    | 16.0375    | 21.2000   
5      | 62.9777    | 66.3250    | 13.9869    | 19.5250   
6      | 65.1464    | 69.7250    | 11.9810    | 17.7500   
7      | 67.0319    | 72.9000    | 10.2835    | 16.1500   
8      | 48.6629    | 48.7500    | 32.3818    | 31.9000   
9      | 46.3002    | 46.3750    | 36.7510    | 34.3250   

TIME TAKEN = 509.49602 ms
Run 13

 CPU ACCELERATED IMPLEMENTATION
--------------------------------------------------------------

Index  | Call Model | Call Actual | Put Model  | Put Actual
--------------------------------------------------------------
0      | 51.3883    | 51.7000    | 28.5523    | 29.6500   
1      | 53.1439    | 53.6500    | 24.8999    | 27.3750   
2      | 55.5507    | 56.4000    | 21.9540    | 25.3500   
3      | 58.3779    | 59.9750    | 18.8546    | 23.2750   
4      | 60.7531    | 63.1750    | 16.0375    | 21.2000   
5      | 62.9777    | 66.3250    | 13.9869    | 19.5250   
6      | 65.1464    | 69.7250    | 11.9810    | 17.7500   
7      | 67.0319    | 72.9000    | 10.2835    | 16.1500   
8      | 48.6629    | 48.7500    | 32.3818    | 31.9000   
9      | 46.3002    | 46.3750    | 36.7510    | 34.3250   

TIME TAKEN = 509.44643 ms
Run 14

 CPU ACCELERATED IMPLEMENTATION
--------------------------------------------------------------

Index  | Call Model | Call Actual | Put Model  | Put Actual
--------------------------------------------------------------
0      | 51.3883    | 51.7000    | 28.5523    | 29.6500   
1      | 53.1439    | 53.6500    | 24.8999    | 27.3750   
2      | 55.5507    | 56.4000    | 21.9540    | 25.3500   
3      | 58.3779    | 59.9750    | 18.8546    | 23.2750   
4      | 60.7531    | 63.1750    | 16.0375    | 21.2000   
5      | 62.9777    | 66.3250    | 13.9869    | 19.5250   
6      | 65.1464    | 69.7250    | 11.9810    | 17.7500   
7      | 67.0319    | 72.9000    | 10.2835    | 16.1500   
8      | 48.6629    | 48.7500    | 32.3818    | 31.9000   
9      | 46.3002    | 46.3750    | 36.7510    | 34.3250   

TIME TAKEN = 509.15446 ms
Run 15

 CPU ACCELERATED IMPLEMENTATION
--------------------------------------------------------------

Index  | Call Model | Call Actual | Put Model  | Put Actual
--------------------------------------------------------------
0      | 51.3883    | 51.7000    | 28.5523    | 29.6500   
1      | 53.1439    | 53.6500    | 24.8999    | 27.3750   
2      | 55.5507    | 56.4000    | 21.9540    | 25.3500   
3      | 58.3779    | 59.9750    | 18.8546    | 23.2750   
4      | 60.7531    | 63.1750    | 16.0375    | 21.2000   
5      | 62.9777    | 66.3250    | 13.9869    | 19.5250   
6      | 65.1464    | 69.7250    | 11.9810    | 17.7500   
7      | 67.0319    | 72.9000    | 10.2835    | 16.1500   
8      | 48.6629    | 48.7500    | 32.3818    | 31.9000   
9      | 46.3002    | 46.3750    | 36.7510    | 34.3250   

TIME TAKEN = 509.38536 ms
Run 16

 CPU ACCELERATED IMPLEMENTATION
--------------------------------------------------------------

Index  | Call Model | Call Actual | Put Model  | Put Actual
--------------------------------------------------------------
0      | 51.3883    | 51.7000    | 28.5523    | 29.6500   
1      | 53.1439    | 53.6500    | 24.8999    | 27.3750   
2      | 55.5507    | 56.4000    | 21.9540    | 25.3500   
3      | 58.3779    | 59.9750    | 18.8546    | 23.2750   
4      | 60.7531    | 63.1750    | 16.0375    | 21.2000   
5      | 62.9777    | 66.3250    | 13.9869    | 19.5250   
6      | 65.1464    | 69.7250    | 11.9810    | 17.7500   
7      | 67.0319    | 72.9000    | 10.2835    | 16.1500   
8      | 48.6629    | 48.7500    | 32.3818    | 31.9000   
9      | 46.3002    | 46.3750    | 36.7510    | 34.3250   

TIME TAKEN = 509.18398 ms
Run 17

 CPU ACCELERATED IMPLEMENTATION
--------------------------------------------------------------

Index  | Call Model | Call Actual | Put Model  | Put Actual
--------------------------------------------------------------
0      | 51.3883    | 51.7000    | 28.5523    | 29.6500   
1      | 53.1439    | 53.6500    | 24.8999    | 27.3750   
2      | 55.5507    | 56.4000    | 21.9540    | 25.3500   
3      | 58.3779    | 59.9750    | 18.8546    | 23.2750   
4      | 60.7531    | 63.1750    | 16.0375    | 21.2000   
5      | 62.9777    | 66.3250    | 13.9869    | 19.5250   
6      | 65.1464    | 69.7250    | 11.9810    | 17.7500   
7      | 67.0319    | 72.9000    | 10.2835    | 16.1500   
8      | 48.6629    | 48.7500    | 32.3818    | 31.9000   
9      | 46.3002    | 46.3750    | 36.7510    | 34.3250   

TIME TAKEN = 510.08562 ms
Run 18

 CPU ACCELERATED IMPLEMENTATION
--------------------------------------------------------------

Index  | Call Model | Call Actual | Put Model  | Put Actual
--------------------------------------------------------------
0      | 51.3883    | 51.7000    | 28.5523    | 29.6500   
1      | 53.1439    | 53.6500    | 24.8999    | 27.3750   
2      | 55.5507    | 56.4000    | 21.9540    | 25.3500   
3      | 58.3779    | 59.9750    | 18.8546    | 23.2750   
4      | 60.7531    | 63.1750    | 16.0375    | 21.2000   
5      | 62.9777    | 66.3250    | 13.9869    | 19.5250   
6      | 65.1464    | 69.7250    | 11.9810    | 17.7500   
7      | 67.0319    | 72.9000    | 10.2835    | 16.1500   
8      | 48.6629    | 48.7500    | 32.3818    | 31.9000   
9      | 46.3002    | 46.3750    | 36.7510    | 34.3250   

TIME TAKEN = 508.97351 ms
Run 19

 CPU ACCELERATED IMPLEMENTATION
--------------------------------------------------------------

Index  | Call Model | Call Actual | Put Model  | Put Actual
--------------------------------------------------------------
0      | 51.3883    | 51.7000    | 28.5523    | 29.6500   
1      | 53.1439    | 53.6500    | 24.8999    | 27.3750   
2      | 55.5507    | 56.4000    | 21.9540    | 25.3500   
3      | 58.3779    | 59.9750    | 18.8546    | 23.2750   
4      | 60.7531    | 63.1750    | 16.0375    | 21.2000   
5      | 62.9777    | 66.3250    | 13.9869    | 19.5250   
6      | 65.1464    | 69.7250    | 11.9810    | 17.7500   
7      | 67.0319    | 72.9000    | 10.2835    | 16.1500   
8      | 48.6629    | 48.7500    | 32.3818    | 31.9000   
9      | 46.3002    | 46.3750    | 36.7510    | 34.3250   

TIME TAKEN = 509.33431 ms
Run 20

 CPU ACCELERATED IMPLEMENTATION
--------------------------------------------------------------

Index  | Call Model | Call Actual | Put Model  | Put Actual
--------------------------------------------------------------
0      | 51.3883    | 51.7000    | 28.5523    | 29.6500   
1      | 53.1439    | 53.6500    | 24.8999    | 27.3750   
2      | 55.5507    | 56.4000    | 21.9540    | 25.3500   
3      | 58.3779    | 59.9750    | 18.8546    | 23.2750   
4      | 60.7531    | 63.1750    | 16.0375    | 21.2000   
5      | 62.9777    | 66.3250    | 13.9869    | 19.5250   
6      | 65.1464    | 69.7250    | 11.9810    | 17.7500   
7      | 67.0319    | 72.9000    | 10.2835    | 16.1500   
8      | 48.6629    | 48.7500    | 32.3818    | 31.9000   
9      | 46.3002    | 46.3750    | 36.7510    | 34.3250   

TIME TAKEN = 509.58591 ms
Run 21

 CPU ACCELERATED IMPLEMENTATION
--------------------------------------------------------------

Index  | Call Model | Call Actual | Put Model  | Put Actual
--------------------------------------------------------------
0      | 51.3883    | 51.7000    | 28.5523    | 29.6500   
1      | 53.1439    | 53.6500    | 24.8999    | 27.3750   
2      | 55.5507    | 56.4000    | 21.9540    | 25.3500   
3      | 58.3779    | 59.9750    | 18.8546    | 23.2750   
4      | 60.7531    | 63.1750    | 16.0375    | 21.2000   
5      | 62.9777    | 66.3250    | 13.9869    | 19.5250   
6      | 65.1464    | 69.7250    | 11.9810    | 17.7500   
7      | 67.0319    | 72.9000    | 10.2835    | 16.1500   
8      | 48.6629    | 48.7500    | 32.3818    | 31.9000   
9      | 46.3002    | 46.3750    | 36.7510    | 34.3250   

TIME TAKEN = 509.10806 ms
Run 22

 CPU ACCELERATED IMPLEMENTATION
--------------------------------------------------------------

Index  | Call Model | Call Actual | Put Model  | Put Actual
--------------------------------------------------------------
0      | 51.3883    | 51.7000    | 28.5523    | 29.6500   
1      | 53.1439    | 53.6500    | 24.8999    | 27.3750   
2      | 55.5507    | 56.4000    | 21.9540    | 25.3500   
3      | 58.3779    | 59.9750    | 18.8546    | 23.2750   
4      | 60.7531    | 63.1750    | 16.0375    | 21.2000   
5      | 62.9777    | 66.3250    | 13.9869    | 19.5250   
6      | 65.1464    | 69.7250    | 11.9810    | 17.7500   
7      | 67.0319    | 72.9000    | 10.2835    | 16.1500   
8      | 48.6629    | 48.7500    | 32.3818    | 31.9000   
9      | 46.3002    | 46.3750    | 36.7510    | 34.3250   

TIME TAKEN = 510.39288 ms
Run 23

 CPU ACCELERATED IMPLEMENTATION
--------------------------------------------------------------

Index  | Call Model | Call Actual | Put Model  | Put Actual
--------------------------------------------------------------
0      | 51.3883    | 51.7000    | 28.5523    | 29.6500   
1      | 53.1439    | 53.6500    | 24.8999    | 27.3750   
2      | 55.5507    | 56.4000    | 21.9540    | 25.3500   
3      | 58.3779    | 59.9750    | 18.8546    | 23.2750   
4      | 60.7531    | 63.1750    | 16.0375    | 21.2000   
5      | 62.9777    | 66.3250    | 13.9869    | 19.5250   
6      | 65.1464    | 69.7250    | 11.9810    | 17.7500   
7      | 67.0319    | 72.9000    | 10.2835    | 16.1500   
8      | 48.6629    | 48.7500    | 32.3818    | 31.9000   
9      | 46.3002    | 46.3750    | 36.7510    | 34.3250   

TIME TAKEN = 509.46605 ms
Run 24

 CPU ACCELERATED IMPLEMENTATION
--------------------------------------------------------------

Index  | Call Model | Call Actual | Put Model  | Put Actual
--------------------------------------------------------------
0      | 51.3883    | 51.7000    | 28.5523    | 29.6500   
1      | 53.1439    | 53.6500    | 24.8999    | 27.3750   
2      | 55.5507    | 56.4000    | 21.9540    | 25.3500   
3      | 58.3779    | 59.9750    | 18.8546    | 23.2750   
4      | 60.7531    | 63.1750    | 16.0375    | 21.2000   
5      | 62.9777    | 66.3250    | 13.9869    | 19.5250   
6      | 65.1464    | 69.7250    | 11.9810    | 17.7500   
7      | 67.0319    | 72.9000    | 10.2835    | 16.1500   
8      | 48.6629    | 48.7500    | 32.3818    | 31.9000   
9      | 46.3002    | 46.3750    | 36.7510    | 34.3250   

TIME TAKEN = 509.52395 ms
Run 25

 CPU ACCELERATED IMPLEMENTATION
--------------------------------------------------------------

Index  | Call Model | Call Actual | Put Model  | Put Actual
--------------------------------------------------------------
0      | 51.3883    | 51.7000    | 28.5523    | 29.6500   
1      | 53.1439    | 53.6500    | 24.8999    | 27.3750   
2      | 55.5507    | 56.4000    | 21.9540    | 25.3500   
3      | 58.3779    | 59.9750    | 18.8546    | 23.2750   
4      | 60.7531    | 63.1750    | 16.0375    | 21.2000   
5      | 62.9777    | 66.3250    | 13.9869    | 19.5250   
6      | 65.1464    | 69.7250    | 11.9810    | 17.7500   
7      | 67.0319    | 72.9000    | 10.2835    | 16.1500   
8      | 48.6629    | 48.7500    | 32.3818    | 31.9000   
9      | 46.3002    | 46.3750    | 36.7510    | 34.3250   

TIME TAKEN = 509.16830 ms
Run 26

 CPU ACCELERATED IMPLEMENTATION
--------------------------------------------------------------

Index  | Call Model | Call Actual | Put Model  | Put Actual
--------------------------------------------------------------
0      | 51.3883    | 51.7000    | 28.5523    | 29.6500   
1      | 53.1439    | 53.6500    | 24.8999    | 27.3750   
2      | 55.5507    | 56.4000    | 21.9540    | 25.3500   
3      | 58.3779    | 59.9750    | 18.8546    | 23.2750   
4      | 60.7531    | 63.1750    | 16.0375    | 21.2000   
5      | 62.9777    | 66.3250    | 13.9869    | 19.5250   
6      | 65.1464    | 69.7250    | 11.9810    | 17.7500   
7      | 67.0319    | 72.9000    | 10.2835    | 16.1500   
8      | 48.6629    | 48.7500    | 32.3818    | 31.9000   
9      | 46.3002    | 46.3750    | 36.7510    | 34.3250   

TIME TAKEN = 509.19718 ms
Run 27

 CPU ACCELERATED IMPLEMENTATION
--------------------------------------------------------------

Index  | Call Model | Call Actual | Put Model  | Put Actual
--------------------------------------------------------------
0      | 51.3883    | 51.7000    | 28.5523    | 29.6500   
1      | 53.1439    | 53.6500    | 24.8999    | 27.3750   
2      | 55.5507    | 56.4000    | 21.9540    | 25.3500   
3      | 58.3779    | 59.9750    | 18.8546    | 23.2750   
4      | 60.7531    | 63.1750    | 16.0375    | 21.2000   
5      | 62.9777    | 66.3250    | 13.9869    | 19.5250   
6      | 65.1464    | 69.7250    | 11.9810    | 17.7500   
7      | 67.0319    | 72.9000    | 10.2835    | 16.1500   
8      | 48.6629    | 48.7500    | 32.3818    | 31.9000   
9      | 46.3002    | 46.3750    | 36.7510    | 34.3250   

TIME TAKEN = 510.26276 ms
Run 28

 CPU ACCELERATED IMPLEMENTATION
--------------------------------------------------------------

Index  | Call Model | Call Actual | Put Model  | Put Actual
--------------------------------------------------------------
0      | 51.3883    | 51.7000    | 28.5523    | 29.6500   
1      | 53.1439    | 53.6500    | 24.8999    | 27.3750   
2      | 55.5507    | 56.4000    | 21.9540    | 25.3500   
3      | 58.3779    | 59.9750    | 18.8546    | 23.2750   
4      | 60.7531    | 63.1750    | 16.0375    | 21.2000   
5      | 62.9777    | 66.3250    | 13.9869    | 19.5250   
6      | 65.1464    | 69.7250    | 11.9810    | 17.7500   
7      | 67.0319    | 72.9000    | 10.2835    | 16.1500   
8      | 48.6629    | 48.7500    | 32.3818    | 31.9000   
9      | 46.3002    | 46.3750    | 36.7510    | 34.3250   

TIME TAKEN = 509.30838 ms
Run 29

 CPU ACCELERATED IMPLEMENTATION
--------------------------------------------------------------

Index  | Call Model | Call Actual | Put Model  | Put Actual
--------------------------------------------------------------
0      | 51.3883    | 51.7000    | 28.5523    | 29.6500   
1      | 53.1439    | 53.6500    | 24.8999    | 27.3750   
2      | 55.5507    | 56.4000    | 21.9540    | 25.3500   
3      | 58.3779    | 59.9750    | 18.8546    | 23.2750   
4      | 60.7531    | 63.1750    | 16.0375    | 21.2000   
5      | 62.9777    | 66.3250    | 13.9869    | 19.5250   
6      | 65.1464    | 69.7250    | 11.9810    | 17.7500   
7      | 67.0319    | 72.9000    | 10.2835    | 16.1500   
8      | 48.6629    | 48.7500    | 32.3818    | 31.9000   
9      | 46.3002    | 46.3750    | 36.7510    | 34.3250   

TIME TAKEN = 509.35378 ms
Run 30

 CPU ACCELERATED IMPLEMENTATION
--------------------------------------------------------------

Index  | Call Model | Call Actual | Put Model  | Put Actual
--------------------------------------------------------------
0      | 51.3883    | 51.7000    | 28.5523    | 29.6500   
1      | 53.1439    | 53.6500    | 24.8999    | 27.3750   
2      | 55.5507    | 56.4000    | 21.9540    | 25.3500   
3      | 58.3779    | 59.9750    | 18.8546    | 23.2750   
4      | 60.7531    | 63.1750    | 16.0375    | 21.2000   
5      | 62.9777    | 66.3250    | 13.9869    | 19.5250   
6      | 65.1464    | 69.7250    | 11.9810    | 17.7500   
7      | 67.0319    | 72.9000    | 10.2835    | 16.1500   
8      | 48.6629    | 48.7500    | 32.3818    | 31.9000   
9      | 46.3002    | 46.3750    | 36.7510    | 34.3250   

TIME TAKEN = 509.36921 ms
Run 31

 CPU ACCELERATED IMPLEMENTATION
--------------------------------------------------------------

Index  | Call Model | Call Actual | Put Model  | Put Actual
--------------------------------------------------------------
0      | 51.3883    | 51.7000    | 28.5523    | 29.6500   
1      | 53.1439    | 53.6500    | 24.8999    | 27.3750   
2      | 55.5507    | 56.4000    | 21.9540    | 25.3500   
3      | 58.3779    | 59.9750    | 18.8546    | 23.2750   
4      | 60.7531    | 63.1750    | 16.0375    | 21.2000   
5      | 62.9777    | 66.3250    | 13.9869    | 19.5250   
6      | 65.1464    | 69.7250    | 11.9810    | 17.7500   
7      | 67.0319    | 72.9000    | 10.2835    | 16.1500   
8      | 48.6629    | 48.7500    | 32.3818    | 31.9000   
9      | 46.3002    | 46.3750    | 36.7510    | 34.3250   

TIME TAKEN = 509.02310 ms
Run 32

 CPU ACCELERATED IMPLEMENTATION
--------------------------------------------------------------

Index  | Call Model | Call Actual | Put Model  | Put Actual
--------------------------------------------------------------
0      | 51.3883    | 51.7000    | 28.5523    | 29.6500   
1      | 53.1439    | 53.6500    | 24.8999    | 27.3750   
2      | 55.5507    | 56.4000    | 21.9540    | 25.3500   
3      | 58.3779    | 59.9750    | 18.8546    | 23.2750   
4      | 60.7531    | 63.1750    | 16.0375    | 21.2000   
5      | 62.9777    | 66.3250    | 13.9869    | 19.5250   
6      | 65.1464    | 69.7250    | 11.9810    | 17.7500   
7      | 67.0319    | 72.9000    | 10.2835    | 16.1500   
8      | 48.6629    | 48.7500    | 32.3818    | 31.9000   
9      | 46.3002    | 46.3750    | 36.7510    | 34.3250   

TIME TAKEN = 510.49874 ms
Run 33

 CPU ACCELERATED IMPLEMENTATION
--------------------------------------------------------------

Index  | Call Model | Call Actual | Put Model  | Put Actual
--------------------------------------------------------------
0      | 51.3883    | 51.7000    | 28.5523    | 29.6500   
1      | 53.1439    | 53.6500    | 24.8999    | 27.3750   
2      | 55.5507    | 56.4000    | 21.9540    | 25.3500   
3      | 58.3779    | 59.9750    | 18.8546    | 23.2750   
4      | 60.7531    | 63.1750    | 16.0375    | 21.2000   
5      | 62.9777    | 66.3250    | 13.9869    | 19.5250   
6      | 65.1464    | 69.7250    | 11.9810    | 17.7500   
7      | 67.0319    | 72.9000    | 10.2835    | 16.1500   
8      | 48.6629    | 48.7500    | 32.3818    | 31.9000   
9      | 46.3002    | 46.3750    | 36.7510    | 34.3250   

TIME TAKEN = 509.12719 ms
Run 34

 CPU ACCELERATED IMPLEMENTATION
--------------------------------------------------------------

Index  | Call Model | Call Actual | Put Model  | Put Actual
--------------------------------------------------------------
0      | 51.3883    | 51.7000    | 28.5523    | 29.6500   
1      | 53.1439    | 53.6500    | 24.8999    | 27.3750   
2      | 55.5507    | 56.4000    | 21.9540    | 25.3500   
3      | 58.3779    | 59.9750    | 18.8546    | 23.2750   
4      | 60.7531    | 63.1750    | 16.0375    | 21.2000   
5      | 62.9777    | 66.3250    | 13.9869    | 19.5250   
6      | 65.1464    | 69.7250    | 11.9810    | 17.7500   
7      | 67.0319    | 72.9000    | 10.2835    | 16.1500   
8      | 48.6629    | 48.7500    | 32.3818    | 31.9000   
9      | 46.3002    | 46.3750    | 36.7510    | 34.3250   

TIME TAKEN = 509.57903 ms
Run 35

 CPU ACCELERATED IMPLEMENTATION
--------------------------------------------------------------

Index  | Call Model | Call Actual | Put Model  | Put Actual
--------------------------------------------------------------
0      | 51.3883    | 51.7000    | 28.5523    | 29.6500   
1      | 53.1439    | 53.6500    | 24.8999    | 27.3750   
2      | 55.5507    | 56.4000    | 21.9540    | 25.3500   
3      | 58.3779    | 59.9750    | 18.8546    | 23.2750   
4      | 60.7531    | 63.1750    | 16.0375    | 21.2000   
5      | 62.9777    | 66.3250    | 13.9869    | 19.5250   
6      | 65.1464    | 69.7250    | 11.9810    | 17.7500   
7      | 67.0319    | 72.9000    | 10.2835    | 16.1500   
8      | 48.6629    | 48.7500    | 32.3818    | 31.9000   
9      | 46.3002    | 46.3750    | 36.7510    | 34.3250   

TIME TAKEN = 509.69241 ms
Run 36

 CPU ACCELERATED IMPLEMENTATION
--------------------------------------------------------------

Index  | Call Model | Call Actual | Put Model  | Put Actual
--------------------------------------------------------------
0      | 51.3883    | 51.7000    | 28.5523    | 29.6500   
1      | 53.1439    | 53.6500    | 24.8999    | 27.3750   
2      | 55.5507    | 56.4000    | 21.9540    | 25.3500   
3      | 58.3779    | 59.9750    | 18.8546    | 23.2750   
4      | 60.7531    | 63.1750    | 16.0375    | 21.2000   
5      | 62.9777    | 66.3250    | 13.9869    | 19.5250   
6      | 65.1464    | 69.7250    | 11.9810    | 17.7500   
7      | 67.0319    | 72.9000    | 10.2835    | 16.1500   
8      | 48.6629    | 48.7500    | 32.3818    | 31.9000   
9      | 46.3002    | 46.3750    | 36.7510    | 34.3250   

TIME TAKEN = 509.51629 ms
Run 37

 CPU ACCELERATED IMPLEMENTATION
--------------------------------------------------------------

Index  | Call Model | Call Actual | Put Model  | Put Actual
--------------------------------------------------------------
0      | 51.3883    | 51.7000    | 28.5523    | 29.6500   
1      | 53.1439    | 53.6500    | 24.8999    | 27.3750   
2      | 55.5507    | 56.4000    | 21.9540    | 25.3500   
3      | 58.3779    | 59.9750    | 18.8546    | 23.2750   
4      | 60.7531    | 63.1750    | 16.0375    | 21.2000   
5      | 62.9777    | 66.3250    | 13.9869    | 19.5250   
6      | 65.1464    | 69.7250    | 11.9810    | 17.7500   
7      | 67.0319    | 72.9000    | 10.2835    | 16.1500   
8      | 48.6629    | 48.7500    | 32.3818    | 31.9000   
9      | 46.3002    | 46.3750    | 36.7510    | 34.3250   

TIME TAKEN = 509.32380 ms
Run 38

 CPU ACCELERATED IMPLEMENTATION
--------------------------------------------------------------

Index  | Call Model | Call Actual | Put Model  | Put Actual
--------------------------------------------------------------
0      | 51.3883    | 51.7000    | 28.5523    | 29.6500   
1      | 53.1439    | 53.6500    | 24.8999    | 27.3750   
2      | 55.5507    | 56.4000    | 21.9540    | 25.3500   
3      | 58.3779    | 59.9750    | 18.8546    | 23.2750   
4      | 60.7531    | 63.1750    | 16.0375    | 21.2000   
5      | 62.9777    | 66.3250    | 13.9869    | 19.5250   
6      | 65.1464    | 69.7250    | 11.9810    | 17.7500   
7      | 67.0319    | 72.9000    | 10.2835    | 16.1500   
8      | 48.6629    | 48.7500    | 32.3818    | 31.9000   
9      | 46.3002    | 46.3750    | 36.7510    | 34.3250   

TIME TAKEN = 509.17479 ms
Run 39

 CPU ACCELERATED IMPLEMENTATION
--------------------------------------------------------------

Index  | Call Model | Call Actual | Put Model  | Put Actual
--------------------------------------------------------------
0      | 51.3883    | 51.7000    | 28.5523    | 29.6500   
1      | 53.1439    | 53.6500    | 24.8999    | 27.3750   
2      | 55.5507    | 56.4000    | 21.9540    | 25.3500   
3      | 58.3779    | 59.9750    | 18.8546    | 23.2750   
4      | 60.7531    | 63.1750    | 16.0375    | 21.2000   
5      | 62.9777    | 66.3250    | 13.9869    | 19.5250   
6      | 65.1464    | 69.7250    | 11.9810    | 17.7500   
7      | 67.0319    | 72.9000    | 10.2835    | 16.1500   
8      | 48.6629    | 48.7500    | 32.3818    | 31.9000   
9      | 46.3002    | 46.3750    | 36.7510    | 34.3250   

TIME TAKEN = 510.34029 ms
Run 40

 CPU ACCELERATED IMPLEMENTATION
--------------------------------------------------------------

Index  | Call Model | Call Actual | Put Model  | Put Actual
--------------------------------------------------------------
0      | 51.3883    | 51.7000    | 28.5523    | 29.6500   
1      | 53.1439    | 53.6500    | 24.8999    | 27.3750   
2      | 55.5507    | 56.4000    | 21.9540    | 25.3500   
3      | 58.3779    | 59.9750    | 18.8546    | 23.2750   
4      | 60.7531    | 63.1750    | 16.0375    | 21.2000   
5      | 62.9777    | 66.3250    | 13.9869    | 19.5250   
6      | 65.1464    | 69.7250    | 11.9810    | 17.7500   
7      | 67.0319    | 72.9000    | 10.2835    | 16.1500   
8      | 48.6629    | 48.7500    | 32.3818    | 31.9000   
9      | 46.3002    | 46.3750    | 36.7510    | 34.3250   

TIME TAKEN = 508.80895 ms
Run 41

 CPU ACCELERATED IMPLEMENTATION
--------------------------------------------------------------

Index  | Call Model | Call Actual | Put Model  | Put Actual
--------------------------------------------------------------
0      | 51.3883    | 51.7000    | 28.5523    | 29.6500   
1      | 53.1439    | 53.6500    | 24.8999    | 27.3750   
2      | 55.5507    | 56.4000    | 21.9540    | 25.3500   
3      | 58.3779    | 59.9750    | 18.8546    | 23.2750   
4      | 60.7531    | 63.1750    | 16.0375    | 21.2000   
5      | 62.9777    | 66.3250    | 13.9869    | 19.5250   
6      | 65.1464    | 69.7250    | 11.9810    | 17.7500   
7      | 67.0319    | 72.9000    | 10.2835    | 16.1500   
8      | 48.6629    | 48.7500    | 32.3818    | 31.9000   
9      | 46.3002    | 46.3750    | 36.7510    | 34.3250   

TIME TAKEN = 509.07216 ms
Run 42

 CPU ACCELERATED IMPLEMENTATION
--------------------------------------------------------------

Index  | Call Model | Call Actual | Put Model  | Put Actual
--------------------------------------------------------------
0      | 51.3883    | 51.7000    | 28.5523    | 29.6500   
1      | 53.1439    | 53.6500    | 24.8999    | 27.3750   
2      | 55.5507    | 56.4000    | 21.9540    | 25.3500   
3      | 58.3779    | 59.9750    | 18.8546    | 23.2750   
4      | 60.7531    | 63.1750    | 16.0375    | 21.2000   
5      | 62.9777    | 66.3250    | 13.9869    | 19.5250   
6      | 65.1464    | 69.7250    | 11.9810    | 17.7500   
7      | 67.0319    | 72.9000    | 10.2835    | 16.1500   
8      | 48.6629    | 48.7500    | 32.3818    | 31.9000   
9      | 46.3002    | 46.3750    | 36.7510    | 34.3250   

TIME TAKEN = 508.84183 ms
Run 43

 CPU ACCELERATED IMPLEMENTATION
--------------------------------------------------------------

Index  | Call Model | Call Actual | Put Model  | Put Actual
--------------------------------------------------------------
0      | 51.3883    | 51.7000    | 28.5523    | 29.6500   
1      | 53.1439    | 53.6500    | 24.8999    | 27.3750   
2      | 55.5507    | 56.4000    | 21.9540    | 25.3500   
3      | 58.3779    | 59.9750    | 18.8546    | 23.2750   
4      | 60.7531    | 63.1750    | 16.0375    | 21.2000   
5      | 62.9777    | 66.3250    | 13.9869    | 19.5250   
6      | 65.1464    | 69.7250    | 11.9810    | 17.7500   
7      | 67.0319    | 72.9000    | 10.2835    | 16.1500   
8      | 48.6629    | 48.7500    | 32.3818    | 31.9000   
9      | 46.3002    | 46.3750    | 36.7510    | 34.3250   

TIME TAKEN = 509.13940 ms
Run 44

 CPU ACCELERATED IMPLEMENTATION
--------------------------------------------------------------

Index  | Call Model | Call Actual | Put Model  | Put Actual
--------------------------------------------------------------
0      | 51.3883    | 51.7000    | 28.5523    | 29.6500   
1      | 53.1439    | 53.6500    | 24.8999    | 27.3750   
2      | 55.5507    | 56.4000    | 21.9540    | 25.3500   
3      | 58.3779    | 59.9750    | 18.8546    | 23.2750   
4      | 60.7531    | 63.1750    | 16.0375    | 21.2000   
5      | 62.9777    | 66.3250    | 13.9869    | 19.5250   
6      | 65.1464    | 69.7250    | 11.9810    | 17.7500   
7      | 67.0319    | 72.9000    | 10.2835    | 16.1500   
8      | 48.6629    | 48.7500    | 32.3818    | 31.9000   
9      | 46.3002    | 46.3750    | 36.7510    | 34.3250   

TIME TAKEN = 509.86357 ms
Run 45

 CPU ACCELERATED IMPLEMENTATION
--------------------------------------------------------------

Index  | Call Model | Call Actual | Put Model  | Put Actual
--------------------------------------------------------------
0      | 51.3883    | 51.7000    | 28.5523    | 29.6500   
1      | 53.1439    | 53.6500    | 24.8999    | 27.3750   
2      | 55.5507    | 56.4000    | 21.9540    | 25.3500   
3      | 58.3779    | 59.9750    | 18.8546    | 23.2750   
4      | 60.7531    | 63.1750    | 16.0375    | 21.2000   
5      | 62.9777    | 66.3250    | 13.9869    | 19.5250   
6      | 65.1464    | 69.7250    | 11.9810    | 17.7500   
7      | 67.0319    | 72.9000    | 10.2835    | 16.1500   
8      | 48.6629    | 48.7500    | 32.3818    | 31.9000   
9      | 46.3002    | 46.3750    | 36.7510    | 34.3250   

TIME TAKEN = 508.60057 ms
Run 46

 CPU ACCELERATED IMPLEMENTATION
--------------------------------------------------------------

Index  | Call Model | Call Actual | Put Model  | Put Actual
--------------------------------------------------------------
0      | 51.3883    | 51.7000    | 28.5523    | 29.6500   
1      | 53.1439    | 53.6500    | 24.8999    | 27.3750   
2      | 55.5507    | 56.4000    | 21.9540    | 25.3500   
3      | 58.3779    | 59.9750    | 18.8546    | 23.2750   
4      | 60.7531    | 63.1750    | 16.0375    | 21.2000   
5      | 62.9777    | 66.3250    | 13.9869    | 19.5250   
6      | 65.1464    | 69.7250    | 11.9810    | 17.7500   
7      | 67.0319    | 72.9000    | 10.2835    | 16.1500   
8      | 48.6629    | 48.7500    | 32.3818    | 31.9000   
9      | 46.3002    | 46.3750    | 36.7510    | 34.3250   

TIME TAKEN = 508.58300 ms
Run 47

 CPU ACCELERATED IMPLEMENTATION
--------------------------------------------------------------

Index  | Call Model | Call Actual | Put Model  | Put Actual
--------------------------------------------------------------
0      | 51.3883    | 51.7000    | 28.5523    | 29.6500   
1      | 53.1439    | 53.6500    | 24.8999    | 27.3750   
2      | 55.5507    | 56.4000    | 21.9540    | 25.3500   
3      | 58.3779    | 59.9750    | 18.8546    | 23.2750   
4      | 60.7531    | 63.1750    | 16.0375    | 21.2000   
5      | 62.9777    | 66.3250    | 13.9869    | 19.5250   
6      | 65.1464    | 69.7250    | 11.9810    | 17.7500   
7      | 67.0319    | 72.9000    | 10.2835    | 16.1500   
8      | 48.6629    | 48.7500    | 32.3818    | 31.9000   
9      | 46.3002    | 46.3750    | 36.7510    | 34.3250   

TIME TAKEN = 509.25915 ms
Run 48

 CPU ACCELERATED IMPLEMENTATION
--------------------------------------------------------------

Index  | Call Model | Call Actual | Put Model  | Put Actual
--------------------------------------------------------------
0      | 51.3883    | 51.7000    | 28.5523    | 29.6500   
1      | 53.1439    | 53.6500    | 24.8999    | 27.3750   
2      | 55.5507    | 56.4000    | 21.9540    | 25.3500   
3      | 58.3779    | 59.9750    | 18.8546    | 23.2750   
4      | 60.7531    | 63.1750    | 16.0375    | 21.2000   
5      | 62.9777    | 66.3250    | 13.9869    | 19.5250   
6      | 65.1464    | 69.7250    | 11.9810    | 17.7500   
7      | 67.0319    | 72.9000    | 10.2835    | 16.1500   
8      | 48.6629    | 48.7500    | 32.3818    | 31.9000   
9      | 46.3002    | 46.3750    | 36.7510    | 34.3250   

TIME TAKEN = 508.46938 ms
Run 49

 CPU ACCELERATED IMPLEMENTATION
--------------------------------------------------------------

Index  | Call Model | Call Actual | Put Model  | Put Actual
--------------------------------------------------------------
0      | 51.3883    | 51.7000    | 28.5523    | 29.6500   
1      | 53.1439    | 53.6500    | 24.8999    | 27.3750   
2      | 55.5507    | 56.4000    | 21.9540    | 25.3500   
3      | 58.3779    | 59.9750    | 18.8546    | 23.2750   
4      | 60.7531    | 63.1750    | 16.0375    | 21.2000   
5      | 62.9777    | 66.3250    | 13.9869    | 19.5250   
6      | 65.1464    | 69.7250    | 11.9810    | 17.7500   
7      | 67.0319    | 72.9000    | 10.2835    | 16.1500   
8      | 48.6629    | 48.7500    | 32.3818    | 31.9000   
9      | 46.3002    | 46.3750    | 36.7510    | 34.3250   

TIME TAKEN = 509.76858 ms
Run 50

 CPU ACCELERATED IMPLEMENTATION
--------------------------------------------------------------

Index  | Call Model | Call Actual | Put Model  | Put Actual
--------------------------------------------------------------
0      | 51.3883    | 51.7000    | 28.5523    | 29.6500   
1      | 53.1439    | 53.6500    | 24.8999    | 27.3750   
2      | 55.5507    | 56.4000    | 21.9540    | 25.3500   
3      | 58.3779    | 59.9750    | 18.8546    | 23.2750   
4      | 60.7531    | 63.1750    | 16.0375    | 21.2000   
5      | 62.9777    | 66.3250    | 13.9869    | 19.5250   
6      | 65.1464    | 69.7250    | 11.9810    | 17.7500   
7      | 67.0319    | 72.9000    | 10.2835    | 16.1500   
8      | 48.6629    | 48.7500    | 32.3818    | 31.9000   
9      | 46.3002    | 46.3750    | 36.7510    | 34.3250   

TIME TAKEN = 509.13738 ms
Run 51

 CPU ACCELERATED IMPLEMENTATION
--------------------------------------------------------------

Index  | Call Model | Call Actual | Put Model  | Put Actual
--------------------------------------------------------------
0      | 51.3883    | 51.7000    | 28.5523    | 29.6500   
1      | 53.1439    | 53.6500    | 24.8999    | 27.3750   
2      | 55.5507    | 56.4000    | 21.9540    | 25.3500   
3      | 58.3779    | 59.9750    | 18.8546    | 23.2750   
4      | 60.7531    | 63.1750    | 16.0375    | 21.2000   
5      | 62.9777    | 66.3250    | 13.9869    | 19.5250   
6      | 65.1464    | 69.7250    | 11.9810    | 17.7500   
7      | 67.0319    | 72.9000    | 10.2835    | 16.1500   
8      | 48.6629    | 48.7500    | 32.3818    | 31.9000   
9      | 46.3002    | 46.3750    | 36.7510    | 34.3250   

TIME TAKEN = 552.02484 ms
Run 52

 CPU ACCELERATED IMPLEMENTATION
--------------------------------------------------------------

Index  | Call Model | Call Actual | Put Model  | Put Actual
--------------------------------------------------------------
0      | 51.3883    | 51.7000    | 28.5523    | 29.6500   
1      | 53.1439    | 53.6500    | 24.8999    | 27.3750   
2      | 55.5507    | 56.4000    | 21.9540    | 25.3500   
3      | 58.3779    | 59.9750    | 18.8546    | 23.2750   
4      | 60.7531    | 63.1750    | 16.0375    | 21.2000   
5      | 62.9777    | 66.3250    | 13.9869    | 19.5250   
6      | 65.1464    | 69.7250    | 11.9810    | 17.7500   
7      | 67.0319    | 72.9000    | 10.2835    | 16.1500   
8      | 48.6629    | 48.7500    | 32.3818    | 31.9000   
9      | 46.3002    | 46.3750    | 36.7510    | 34.3250   

TIME TAKEN = 509.03218 ms
Run 53

 CPU ACCELERATED IMPLEMENTATION
--------------------------------------------------------------

Index  | Call Model | Call Actual | Put Model  | Put Actual
--------------------------------------------------------------
0      | 51.3883    | 51.7000    | 28.5523    | 29.6500   
1      | 53.1439    | 53.6500    | 24.8999    | 27.3750   
2      | 55.5507    | 56.4000    | 21.9540    | 25.3500   
3      | 58.3779    | 59.9750    | 18.8546    | 23.2750   
4      | 60.7531    | 63.1750    | 16.0375    | 21.2000   
5      | 62.9777    | 66.3250    | 13.9869    | 19.5250   
6      | 65.1464    | 69.7250    | 11.9810    | 17.7500   
7      | 67.0319    | 72.9000    | 10.2835    | 16.1500   
8      | 48.6629    | 48.7500    | 32.3818    | 31.9000   
9      | 46.3002    | 46.3750    | 36.7510    | 34.3250   

TIME TAKEN = 509.22517 ms
Run 54

 CPU ACCELERATED IMPLEMENTATION
--------------------------------------------------------------

Index  | Call Model | Call Actual | Put Model  | Put Actual
--------------------------------------------------------------
0      | 51.3883    | 51.7000    | 28.5523    | 29.6500   
1      | 53.1439    | 53.6500    | 24.8999    | 27.3750   
2      | 55.5507    | 56.4000    | 21.9540    | 25.3500   
3      | 58.3779    | 59.9750    | 18.8546    | 23.2750   
4      | 60.7531    | 63.1750    | 16.0375    | 21.2000   
5      | 62.9777    | 66.3250    | 13.9869    | 19.5250   
6      | 65.1464    | 69.7250    | 11.9810    | 17.7500   
7      | 67.0319    | 72.9000    | 10.2835    | 16.1500   
8      | 48.6629    | 48.7500    | 32.3818    | 31.9000   
9      | 46.3002    | 46.3750    | 36.7510    | 34.3250   

TIME TAKEN = 509.49290 ms
Run 55

 CPU ACCELERATED IMPLEMENTATION
--------------------------------------------------------------

Index  | Call Model | Call Actual | Put Model  | Put Actual
--------------------------------------------------------------
0      | 51.3883    | 51.7000    | 28.5523    | 29.6500   
1      | 53.1439    | 53.6500    | 24.8999    | 27.3750   
2      | 55.5507    | 56.4000    | 21.9540    | 25.3500   
3      | 58.3779    | 59.9750    | 18.8546    | 23.2750   
4      | 60.7531    | 63.1750    | 16.0375    | 21.2000   
5      | 62.9777    | 66.3250    | 13.9869    | 19.5250   
6      | 65.1464    | 69.7250    | 11.9810    | 17.7500   
7      | 67.0319    | 72.9000    | 10.2835    | 16.1500   
8      | 48.6629    | 48.7500    | 32.3818    | 31.9000   
9      | 46.3002    | 46.3750    | 36.7510    | 34.3250   

TIME TAKEN = 508.59953 ms
Run 56

 CPU ACCELERATED IMPLEMENTATION
--------------------------------------------------------------

Index  | Call Model | Call Actual | Put Model  | Put Actual
--------------------------------------------------------------
0      | 51.3883    | 51.7000    | 28.5523    | 29.6500   
1      | 53.1439    | 53.6500    | 24.8999    | 27.3750   
2      | 55.5507    | 56.4000    | 21.9540    | 25.3500   
3      | 58.3779    | 59.9750    | 18.8546    | 23.2750   
4      | 60.7531    | 63.1750    | 16.0375    | 21.2000   
5      | 62.9777    | 66.3250    | 13.9869    | 19.5250   
6      | 65.1464    | 69.7250    | 11.9810    | 17.7500   
7      | 67.0319    | 72.9000    | 10.2835    | 16.1500   
8      | 48.6629    | 48.7500    | 32.3818    | 31.9000   
9      | 46.3002    | 46.3750    | 36.7510    | 34.3250   

TIME TAKEN = 510.26713 ms
Run 57

 CPU ACCELERATED IMPLEMENTATION
--------------------------------------------------------------

Index  | Call Model | Call Actual | Put Model  | Put Actual
--------------------------------------------------------------
0      | 51.3883    | 51.7000    | 28.5523    | 29.6500   
1      | 53.1439    | 53.6500    | 24.8999    | 27.3750   
2      | 55.5507    | 56.4000    | 21.9540    | 25.3500   
3      | 58.3779    | 59.9750    | 18.8546    | 23.2750   
4      | 60.7531    | 63.1750    | 16.0375    | 21.2000   
5      | 62.9777    | 66.3250    | 13.9869    | 19.5250   
6      | 65.1464    | 69.7250    | 11.9810    | 17.7500   
7      | 67.0319    | 72.9000    | 10.2835    | 16.1500   
8      | 48.6629    | 48.7500    | 32.3818    | 31.9000   
9      | 46.3002    | 46.3750    | 36.7510    | 34.3250   

TIME TAKEN = 509.10983 ms
Run 58

 CPU ACCELERATED IMPLEMENTATION
--------------------------------------------------------------

Index  | Call Model | Call Actual | Put Model  | Put Actual
--------------------------------------------------------------
0      | 51.3883    | 51.7000    | 28.5523    | 29.6500   
1      | 53.1439    | 53.6500    | 24.8999    | 27.3750   
2      | 55.5507    | 56.4000    | 21.9540    | 25.3500   
3      | 58.3779    | 59.9750    | 18.8546    | 23.2750   
4      | 60.7531    | 63.1750    | 16.0375    | 21.2000   
5      | 62.9777    | 66.3250    | 13.9869    | 19.5250   
6      | 65.1464    | 69.7250    | 11.9810    | 17.7500   
7      | 67.0319    | 72.9000    | 10.2835    | 16.1500   
8      | 48.6629    | 48.7500    | 32.3818    | 31.9000   
9      | 46.3002    | 46.3750    | 36.7510    | 34.3250   

TIME TAKEN = 509.32359 ms
Run 59

 CPU ACCELERATED IMPLEMENTATION
--------------------------------------------------------------

Index  | Call Model | Call Actual | Put Model  | Put Actual
--------------------------------------------------------------
0      | 51.3883    | 51.7000    | 28.5523    | 29.6500   
1      | 53.1439    | 53.6500    | 24.8999    | 27.3750   
2      | 55.5507    | 56.4000    | 21.9540    | 25.3500   
3      | 58.3779    | 59.9750    | 18.8546    | 23.2750   
4      | 60.7531    | 63.1750    | 16.0375    | 21.2000   
5      | 62.9777    | 66.3250    | 13.9869    | 19.5250   
6      | 65.1464    | 69.7250    | 11.9810    | 17.7500   
7      | 67.0319    | 72.9000    | 10.2835    | 16.1500   
8      | 48.6629    | 48.7500    | 32.3818    | 31.9000   
9      | 46.3002    | 46.3750    | 36.7510    | 34.3250   

TIME TAKEN = 508.91629 ms
Run 60

 CPU ACCELERATED IMPLEMENTATION
--------------------------------------------------------------

Index  | Call Model | Call Actual | Put Model  | Put Actual
--------------------------------------------------------------
0      | 51.3883    | 51.7000    | 28.5523    | 29.6500   
1      | 53.1439    | 53.6500    | 24.8999    | 27.3750   
2      | 55.5507    | 56.4000    | 21.9540    | 25.3500   
3      | 58.3779    | 59.9750    | 18.8546    | 23.2750   
4      | 60.7531    | 63.1750    | 16.0375    | 21.2000   
5      | 62.9777    | 66.3250    | 13.9869    | 19.5250   
6      | 65.1464    | 69.7250    | 11.9810    | 17.7500   
7      | 67.0319    | 72.9000    | 10.2835    | 16.1500   
8      | 48.6629    | 48.7500    | 32.3818    | 31.9000   
9      | 46.3002    | 46.3750    | 36.7510    | 34.3250   

TIME TAKEN = 508.79760 ms
Run 61

 CPU ACCELERATED IMPLEMENTATION
--------------------------------------------------------------

Index  | Call Model | Call Actual | Put Model  | Put Actual
--------------------------------------------------------------
0      | 51.3883    | 51.7000    | 28.5523    | 29.6500   
1      | 53.1439    | 53.6500    | 24.8999    | 27.3750   
2      | 55.5507    | 56.4000    | 21.9540    | 25.3500   
3      | 58.3779    | 59.9750    | 18.8546    | 23.2750   
4      | 60.7531    | 63.1750    | 16.0375    | 21.2000   
5      | 62.9777    | 66.3250    | 13.9869    | 19.5250   
6      | 65.1464    | 69.7250    | 11.9810    | 17.7500   
7      | 67.0319    | 72.9000    | 10.2835    | 16.1500   
8      | 48.6629    | 48.7500    | 32.3818    | 31.9000   
9      | 46.3002    | 46.3750    | 36.7510    | 34.3250   

TIME TAKEN = 510.54438 ms
Run 62

 CPU ACCELERATED IMPLEMENTATION
--------------------------------------------------------------

Index  | Call Model | Call Actual | Put Model  | Put Actual
--------------------------------------------------------------
0      | 51.3883    | 51.7000    | 28.5523    | 29.6500   
1      | 53.1439    | 53.6500    | 24.8999    | 27.3750   
2      | 55.5507    | 56.4000    | 21.9540    | 25.3500   
3      | 58.3779    | 59.9750    | 18.8546    | 23.2750   
4      | 60.7531    | 63.1750    | 16.0375    | 21.2000   
5      | 62.9777    | 66.3250    | 13.9869    | 19.5250   
6      | 65.1464    | 69.7250    | 11.9810    | 17.7500   
7      | 67.0319    | 72.9000    | 10.2835    | 16.1500   
8      | 48.6629    | 48.7500    | 32.3818    | 31.9000   
9      | 46.3002    | 46.3750    | 36.7510    | 34.3250   

TIME TAKEN = 509.41225 ms
Run 63

 CPU ACCELERATED IMPLEMENTATION
--------------------------------------------------------------

Index  | Call Model | Call Actual | Put Model  | Put Actual
--------------------------------------------------------------
0      | 51.3883    | 51.7000    | 28.5523    | 29.6500   
1      | 53.1439    | 53.6500    | 24.8999    | 27.3750   
2      | 55.5507    | 56.4000    | 21.9540    | 25.3500   
3      | 58.3779    | 59.9750    | 18.8546    | 23.2750   
4      | 60.7531    | 63.1750    | 16.0375    | 21.2000   
5      | 62.9777    | 66.3250    | 13.9869    | 19.5250   
6      | 65.1464    | 69.7250    | 11.9810    | 17.7500   
7      | 67.0319    | 72.9000    | 10.2835    | 16.1500   
8      | 48.6629    | 48.7500    | 32.3818    | 31.9000   
9      | 46.3002    | 46.3750    | 36.7510    | 34.3250   

TIME TAKEN = 509.79380 ms
Run 64

 CPU ACCELERATED IMPLEMENTATION
--------------------------------------------------------------

Index  | Call Model | Call Actual | Put Model  | Put Actual
--------------------------------------------------------------
0      | 51.3883    | 51.7000    | 28.5523    | 29.6500   
1      | 53.1439    | 53.6500    | 24.8999    | 27.3750   
2      | 55.5507    | 56.4000    | 21.9540    | 25.3500   
3      | 58.3779    | 59.9750    | 18.8546    | 23.2750   
4      | 60.7531    | 63.1750    | 16.0375    | 21.2000   
5      | 62.9777    | 66.3250    | 13.9869    | 19.5250   
6      | 65.1464    | 69.7250    | 11.9810    | 17.7500   
7      | 67.0319    | 72.9000    | 10.2835    | 16.1500   
8      | 48.6629    | 48.7500    | 32.3818    | 31.9000   
9      | 46.3002    | 46.3750    | 36.7510    | 34.3250   

TIME TAKEN = 508.82878 ms
Run 65

 CPU ACCELERATED IMPLEMENTATION
--------------------------------------------------------------

Index  | Call Model | Call Actual | Put Model  | Put Actual
--------------------------------------------------------------
0      | 51.3883    | 51.7000    | 28.5523    | 29.6500   
1      | 53.1439    | 53.6500    | 24.8999    | 27.3750   
2      | 55.5507    | 56.4000    | 21.9540    | 25.3500   
3      | 58.3779    | 59.9750    | 18.8546    | 23.2750   
4      | 60.7531    | 63.1750    | 16.0375    | 21.2000   
5      | 62.9777    | 66.3250    | 13.9869    | 19.5250   
6      | 65.1464    | 69.7250    | 11.9810    | 17.7500   
7      | 67.0319    | 72.9000    | 10.2835    | 16.1500   
8      | 48.6629    | 48.7500    | 32.3818    | 31.9000   
9      | 46.3002    | 46.3750    | 36.7510    | 34.3250   

TIME TAKEN = 509.38763 ms
Run 66

 CPU ACCELERATED IMPLEMENTATION
--------------------------------------------------------------

Index  | Call Model | Call Actual | Put Model  | Put Actual
--------------------------------------------------------------
0      | 51.3883    | 51.7000    | 28.5523    | 29.6500   
1      | 53.1439    | 53.6500    | 24.8999    | 27.3750   
2      | 55.5507    | 56.4000    | 21.9540    | 25.3500   
3      | 58.3779    | 59.9750    | 18.8546    | 23.2750   
4      | 60.7531    | 63.1750    | 16.0375    | 21.2000   
5      | 62.9777    | 66.3250    | 13.9869    | 19.5250   
6      | 65.1464    | 69.7250    | 11.9810    | 17.7500   
7      | 67.0319    | 72.9000    | 10.2835    | 16.1500   
8      | 48.6629    | 48.7500    | 32.3818    | 31.9000   
9      | 46.3002    | 46.3750    | 36.7510    | 34.3250   

TIME TAKEN = 508.76264 ms
Run 67

 CPU ACCELERATED IMPLEMENTATION
--------------------------------------------------------------

Index  | Call Model | Call Actual | Put Model  | Put Actual
--------------------------------------------------------------
0      | 51.3883    | 51.7000    | 28.5523    | 29.6500   
1      | 53.1439    | 53.6500    | 24.8999    | 27.3750   
2      | 55.5507    | 56.4000    | 21.9540    | 25.3500   
3      | 58.3779    | 59.9750    | 18.8546    | 23.2750   
4      | 60.7531    | 63.1750    | 16.0375    | 21.2000   
5      | 62.9777    | 66.3250    | 13.9869    | 19.5250   
6      | 65.1464    | 69.7250    | 11.9810    | 17.7500   
7      | 67.0319    | 72.9000    | 10.2835    | 16.1500   
8      | 48.6629    | 48.7500    | 32.3818    | 31.9000   
9      | 46.3002    | 46.3750    | 36.7510    | 34.3250   

TIME TAKEN = 509.73970 ms
Run 68

 CPU ACCELERATED IMPLEMENTATION
--------------------------------------------------------------

Index  | Call Model | Call Actual | Put Model  | Put Actual
--------------------------------------------------------------
0      | 51.3883    | 51.7000    | 28.5523    | 29.6500   
1      | 53.1439    | 53.6500    | 24.8999    | 27.3750   
2      | 55.5507    | 56.4000    | 21.9540    | 25.3500   
3      | 58.3779    | 59.9750    | 18.8546    | 23.2750   
4      | 60.7531    | 63.1750    | 16.0375    | 21.2000   
5      | 62.9777    | 66.3250    | 13.9869    | 19.5250   
6      | 65.1464    | 69.7250    | 11.9810    | 17.7500   
7      | 67.0319    | 72.9000    | 10.2835    | 16.1500   
8      | 48.6629    | 48.7500    | 32.3818    | 31.9000   
9      | 46.3002    | 46.3750    | 36.7510    | 34.3250   

TIME TAKEN = 509.29444 ms
Run 69

 CPU ACCELERATED IMPLEMENTATION
--------------------------------------------------------------

Index  | Call Model | Call Actual | Put Model  | Put Actual
--------------------------------------------------------------
0      | 51.3883    | 51.7000    | 28.5523    | 29.6500   
1      | 53.1439    | 53.6500    | 24.8999    | 27.3750   
2      | 55.5507    | 56.4000    | 21.9540    | 25.3500   
3      | 58.3779    | 59.9750    | 18.8546    | 23.2750   
4      | 60.7531    | 63.1750    | 16.0375    | 21.2000   
5      | 62.9777    | 66.3250    | 13.9869    | 19.5250   
6      | 65.1464    | 69.7250    | 11.9810    | 17.7500   
7      | 67.0319    | 72.9000    | 10.2835    | 16.1500   
8      | 48.6629    | 48.7500    | 32.3818    | 31.9000   
9      | 46.3002    | 46.3750    | 36.7510    | 34.3250   

TIME TAKEN = 509.04799 ms
Run 70

 CPU ACCELERATED IMPLEMENTATION
--------------------------------------------------------------

Index  | Call Model | Call Actual | Put Model  | Put Actual
--------------------------------------------------------------
0      | 51.3883    | 51.7000    | 28.5523    | 29.6500   
1      | 53.1439    | 53.6500    | 24.8999    | 27.3750   
2      | 55.5507    | 56.4000    | 21.9540    | 25.3500   
3      | 58.3779    | 59.9750    | 18.8546    | 23.2750   
4      | 60.7531    | 63.1750    | 16.0375    | 21.2000   
5      | 62.9777    | 66.3250    | 13.9869    | 19.5250   
6      | 65.1464    | 69.7250    | 11.9810    | 17.7500   
7      | 67.0319    | 72.9000    | 10.2835    | 16.1500   
8      | 48.6629    | 48.7500    | 32.3818    | 31.9000   
9      | 46.3002    | 46.3750    | 36.7510    | 34.3250   

TIME TAKEN = 508.59856 ms
Run 71

 CPU ACCELERATED IMPLEMENTATION
--------------------------------------------------------------

Index  | Call Model | Call Actual | Put Model  | Put Actual
--------------------------------------------------------------
0      | 51.3883    | 51.7000    | 28.5523    | 29.6500   
1      | 53.1439    | 53.6500    | 24.8999    | 27.3750   
2      | 55.5507    | 56.4000    | 21.9540    | 25.3500   
3      | 58.3779    | 59.9750    | 18.8546    | 23.2750   
4      | 60.7531    | 63.1750    | 16.0375    | 21.2000   
5      | 62.9777    | 66.3250    | 13.9869    | 19.5250   
6      | 65.1464    | 69.7250    | 11.9810    | 17.7500   
7      | 67.0319    | 72.9000    | 10.2835    | 16.1500   
8      | 48.6629    | 48.7500    | 32.3818    | 31.9000   
9      | 46.3002    | 46.3750    | 36.7510    | 34.3250   

TIME TAKEN = 509.76587 ms
Run 72

 CPU ACCELERATED IMPLEMENTATION
--------------------------------------------------------------

Index  | Call Model | Call Actual | Put Model  | Put Actual
--------------------------------------------------------------
0      | 51.3883    | 51.7000    | 28.5523    | 29.6500   
1      | 53.1439    | 53.6500    | 24.8999    | 27.3750   
2      | 55.5507    | 56.4000    | 21.9540    | 25.3500   
3      | 58.3779    | 59.9750    | 18.8546    | 23.2750   
4      | 60.7531    | 63.1750    | 16.0375    | 21.2000   
5      | 62.9777    | 66.3250    | 13.9869    | 19.5250   
6      | 65.1464    | 69.7250    | 11.9810    | 17.7500   
7      | 67.0319    | 72.9000    | 10.2835    | 16.1500   
8      | 48.6629    | 48.7500    | 32.3818    | 31.9000   
9      | 46.3002    | 46.3750    | 36.7510    | 34.3250   

TIME TAKEN = 510.13190 ms
Run 73

 CPU ACCELERATED IMPLEMENTATION
--------------------------------------------------------------

Index  | Call Model | Call Actual | Put Model  | Put Actual
--------------------------------------------------------------
0      | 51.3883    | 51.7000    | 28.5523    | 29.6500   
1      | 53.1439    | 53.6500    | 24.8999    | 27.3750   
2      | 55.5507    | 56.4000    | 21.9540    | 25.3500   
3      | 58.3779    | 59.9750    | 18.8546    | 23.2750   
4      | 60.7531    | 63.1750    | 16.0375    | 21.2000   
5      | 62.9777    | 66.3250    | 13.9869    | 19.5250   
6      | 65.1464    | 69.7250    | 11.9810    | 17.7500   
7      | 67.0319    | 72.9000    | 10.2835    | 16.1500   
8      | 48.6629    | 48.7500    | 32.3818    | 31.9000   
9      | 46.3002    | 46.3750    | 36.7510    | 34.3250   

TIME TAKEN = 509.22227 ms
Run 74

 CPU ACCELERATED IMPLEMENTATION
--------------------------------------------------------------

Index  | Call Model | Call Actual | Put Model  | Put Actual
--------------------------------------------------------------
0      | 51.3883    | 51.7000    | 28.5523    | 29.6500   
1      | 53.1439    | 53.6500    | 24.8999    | 27.3750   
2      | 55.5507    | 56.4000    | 21.9540    | 25.3500   
3      | 58.3779    | 59.9750    | 18.8546    | 23.2750   
4      | 60.7531    | 63.1750    | 16.0375    | 21.2000   
5      | 62.9777    | 66.3250    | 13.9869    | 19.5250   
6      | 65.1464    | 69.7250    | 11.9810    | 17.7500   
7      | 67.0319    | 72.9000    | 10.2835    | 16.1500   
8      | 48.6629    | 48.7500    | 32.3818    | 31.9000   
9      | 46.3002    | 46.3750    | 36.7510    | 34.3250   

TIME TAKEN = 509.31116 ms
Run 75

 CPU ACCELERATED IMPLEMENTATION
--------------------------------------------------------------

Index  | Call Model | Call Actual | Put Model  | Put Actual
--------------------------------------------------------------
0      | 51.3883    | 51.7000    | 28.5523    | 29.6500   
1      | 53.1439    | 53.6500    | 24.8999    | 27.3750   
2      | 55.5507    | 56.4000    | 21.9540    | 25.3500   
3      | 58.3779    | 59.9750    | 18.8546    | 23.2750   
4      | 60.7531    | 63.1750    | 16.0375    | 21.2000   
5      | 62.9777    | 66.3250    | 13.9869    | 19.5250   
6      | 65.1464    | 69.7250    | 11.9810    | 17.7500   
7      | 67.0319    | 72.9000    | 10.2835    | 16.1500   
8      | 48.6629    | 48.7500    | 32.3818    | 31.9000   
9      | 46.3002    | 46.3750    | 36.7510    | 34.3250   

TIME TAKEN = 508.83251 ms
Run 76

 CPU ACCELERATED IMPLEMENTATION
--------------------------------------------------------------

Index  | Call Model | Call Actual | Put Model  | Put Actual
--------------------------------------------------------------
0      | 51.3883    | 51.7000    | 28.5523    | 29.6500   
1      | 53.1439    | 53.6500    | 24.8999    | 27.3750   
2      | 55.5507    | 56.4000    | 21.9540    | 25.3500   
3      | 58.3779    | 59.9750    | 18.8546    | 23.2750   
4      | 60.7531    | 63.1750    | 16.0375    | 21.2000   
5      | 62.9777    | 66.3250    | 13.9869    | 19.5250   
6      | 65.1464    | 69.7250    | 11.9810    | 17.7500   
7      | 67.0319    | 72.9000    | 10.2835    | 16.1500   
8      | 48.6629    | 48.7500    | 32.3818    | 31.9000   
9      | 46.3002    | 46.3750    | 36.7510    | 34.3250   

TIME TAKEN = 508.60205 ms
Run 77

 CPU ACCELERATED IMPLEMENTATION
--------------------------------------------------------------

Index  | Call Model | Call Actual | Put Model  | Put Actual
--------------------------------------------------------------
0      | 51.3883    | 51.7000    | 28.5523    | 29.6500   
1      | 53.1439    | 53.6500    | 24.8999    | 27.3750   
2      | 55.5507    | 56.4000    | 21.9540    | 25.3500   
3      | 58.3779    | 59.9750    | 18.8546    | 23.2750   
4      | 60.7531    | 63.1750    | 16.0375    | 21.2000   
5      | 62.9777    | 66.3250    | 13.9869    | 19.5250   
6      | 65.1464    | 69.7250    | 11.9810    | 17.7500   
7      | 67.0319    | 72.9000    | 10.2835    | 16.1500   
8      | 48.6629    | 48.7500    | 32.3818    | 31.9000   
9      | 46.3002    | 46.3750    | 36.7510    | 34.3250   

TIME TAKEN = 509.31913 ms
Run 78

 CPU ACCELERATED IMPLEMENTATION
--------------------------------------------------------------

Index  | Call Model | Call Actual | Put Model  | Put Actual
--------------------------------------------------------------
0      | 51.3883    | 51.7000    | 28.5523    | 29.6500   
1      | 53.1439    | 53.6500    | 24.8999    | 27.3750   
2      | 55.5507    | 56.4000    | 21.9540    | 25.3500   
3      | 58.3779    | 59.9750    | 18.8546    | 23.2750   
4      | 60.7531    | 63.1750    | 16.0375    | 21.2000   
5      | 62.9777    | 66.3250    | 13.9869    | 19.5250   
6      | 65.1464    | 69.7250    | 11.9810    | 17.7500   
7      | 67.0319    | 72.9000    | 10.2835    | 16.1500   
8      | 48.6629    | 48.7500    | 32.3818    | 31.9000   
9      | 46.3002    | 46.3750    | 36.7510    | 34.3250   

TIME TAKEN = 508.47790 ms
Run 79

 CPU ACCELERATED IMPLEMENTATION
--------------------------------------------------------------

Index  | Call Model | Call Actual | Put Model  | Put Actual
--------------------------------------------------------------
0      | 51.3883    | 51.7000    | 28.5523    | 29.6500   
1      | 53.1439    | 53.6500    | 24.8999    | 27.3750   
2      | 55.5507    | 56.4000    | 21.9540    | 25.3500   
3      | 58.3779    | 59.9750    | 18.8546    | 23.2750   
4      | 60.7531    | 63.1750    | 16.0375    | 21.2000   
5      | 62.9777    | 66.3250    | 13.9869    | 19.5250   
6      | 65.1464    | 69.7250    | 11.9810    | 17.7500   
7      | 67.0319    | 72.9000    | 10.2835    | 16.1500   
8      | 48.6629    | 48.7500    | 32.3818    | 31.9000   
9      | 46.3002    | 46.3750    | 36.7510    | 34.3250   

TIME TAKEN = 510.16529 ms
Run 80

 CPU ACCELERATED IMPLEMENTATION
--------------------------------------------------------------

Index  | Call Model | Call Actual | Put Model  | Put Actual
--------------------------------------------------------------
0      | 51.3883    | 51.7000    | 28.5523    | 29.6500   
1      | 53.1439    | 53.6500    | 24.8999    | 27.3750   
2      | 55.5507    | 56.4000    | 21.9540    | 25.3500   
3      | 58.3779    | 59.9750    | 18.8546    | 23.2750   
4      | 60.7531    | 63.1750    | 16.0375    | 21.2000   
5      | 62.9777    | 66.3250    | 13.9869    | 19.5250   
6      | 65.1464    | 69.7250    | 11.9810    | 17.7500   
7      | 67.0319    | 72.9000    | 10.2835    | 16.1500   
8      | 48.6629    | 48.7500    | 32.3818    | 31.9000   
9      | 46.3002    | 46.3750    | 36.7510    | 34.3250   

TIME TAKEN = 508.45491 ms
Run 81

 CPU ACCELERATED IMPLEMENTATION
--------------------------------------------------------------

Index  | Call Model | Call Actual | Put Model  | Put Actual
--------------------------------------------------------------
0      | 51.3883    | 51.7000    | 28.5523    | 29.6500   
1      | 53.1439    | 53.6500    | 24.8999    | 27.3750   
2      | 55.5507    | 56.4000    | 21.9540    | 25.3500   
3      | 58.3779    | 59.9750    | 18.8546    | 23.2750   
4      | 60.7531    | 63.1750    | 16.0375    | 21.2000   
5      | 62.9777    | 66.3250    | 13.9869    | 19.5250   
6      | 65.1464    | 69.7250    | 11.9810    | 17.7500   
7      | 67.0319    | 72.9000    | 10.2835    | 16.1500   
8      | 48.6629    | 48.7500    | 32.3818    | 31.9000   
9      | 46.3002    | 46.3750    | 36.7510    | 34.3250   

TIME TAKEN = 509.06959 ms
Run 82

 CPU ACCELERATED IMPLEMENTATION
--------------------------------------------------------------

Index  | Call Model | Call Actual | Put Model  | Put Actual
--------------------------------------------------------------
0      | 51.3883    | 51.7000    | 28.5523    | 29.6500   
1      | 53.1439    | 53.6500    | 24.8999    | 27.3750   
2      | 55.5507    | 56.4000    | 21.9540    | 25.3500   
3      | 58.3779    | 59.9750    | 18.8546    | 23.2750   
4      | 60.7531    | 63.1750    | 16.0375    | 21.2000   
5      | 62.9777    | 66.3250    | 13.9869    | 19.5250   
6      | 65.1464    | 69.7250    | 11.9810    | 17.7500   
7      | 67.0319    | 72.9000    | 10.2835    | 16.1500   
8      | 48.6629    | 48.7500    | 32.3818    | 31.9000   
9      | 46.3002    | 46.3750    | 36.7510    | 34.3250   

TIME TAKEN = 509.40649 ms
Run 83

 CPU ACCELERATED IMPLEMENTATION
--------------------------------------------------------------

Index  | Call Model | Call Actual | Put Model  | Put Actual
--------------------------------------------------------------
0      | 51.3883    | 51.7000    | 28.5523    | 29.6500   
1      | 53.1439    | 53.6500    | 24.8999    | 27.3750   
2      | 55.5507    | 56.4000    | 21.9540    | 25.3500   
3      | 58.3779    | 59.9750    | 18.8546    | 23.2750   
4      | 60.7531    | 63.1750    | 16.0375    | 21.2000   
5      | 62.9777    | 66.3250    | 13.9869    | 19.5250   
6      | 65.1464    | 69.7250    | 11.9810    | 17.7500   
7      | 67.0319    | 72.9000    | 10.2835    | 16.1500   
8      | 48.6629    | 48.7500    | 32.3818    | 31.9000   
9      | 46.3002    | 46.3750    | 36.7510    | 34.3250   

TIME TAKEN = 508.82703 ms
Run 84

 CPU ACCELERATED IMPLEMENTATION
--------------------------------------------------------------

Index  | Call Model | Call Actual | Put Model  | Put Actual
--------------------------------------------------------------
0      | 51.3883    | 51.7000    | 28.5523    | 29.6500   
1      | 53.1439    | 53.6500    | 24.8999    | 27.3750   
2      | 55.5507    | 56.4000    | 21.9540    | 25.3500   
3      | 58.3779    | 59.9750    | 18.8546    | 23.2750   
4      | 60.7531    | 63.1750    | 16.0375    | 21.2000   
5      | 62.9777    | 66.3250    | 13.9869    | 19.5250   
6      | 65.1464    | 69.7250    | 11.9810    | 17.7500   
7      | 67.0319    | 72.9000    | 10.2835    | 16.1500   
8      | 48.6629    | 48.7500    | 32.3818    | 31.9000   
9      | 46.3002    | 46.3750    | 36.7510    | 34.3250   

TIME TAKEN = 509.53797 ms
Run 85

 CPU ACCELERATED IMPLEMENTATION
--------------------------------------------------------------

Index  | Call Model | Call Actual | Put Model  | Put Actual
--------------------------------------------------------------
0      | 51.3883    | 51.7000    | 28.5523    | 29.6500   
1      | 53.1439    | 53.6500    | 24.8999    | 27.3750   
2      | 55.5507    | 56.4000    | 21.9540    | 25.3500   
3      | 58.3779    | 59.9750    | 18.8546    | 23.2750   
4      | 60.7531    | 63.1750    | 16.0375    | 21.2000   
5      | 62.9777    | 66.3250    | 13.9869    | 19.5250   
6      | 65.1464    | 69.7250    | 11.9810    | 17.7500   
7      | 67.0319    | 72.9000    | 10.2835    | 16.1500   
8      | 48.6629    | 48.7500    | 32.3818    | 31.9000   
9      | 46.3002    | 46.3750    | 36.7510    | 34.3250   

TIME TAKEN = 508.65261 ms
Run 86

 CPU ACCELERATED IMPLEMENTATION
--------------------------------------------------------------

Index  | Call Model | Call Actual | Put Model  | Put Actual
--------------------------------------------------------------
0      | 51.3883    | 51.7000    | 28.5523    | 29.6500   
1      | 53.1439    | 53.6500    | 24.8999    | 27.3750   
2      | 55.5507    | 56.4000    | 21.9540    | 25.3500   
3      | 58.3779    | 59.9750    | 18.8546    | 23.2750   
4      | 60.7531    | 63.1750    | 16.0375    | 21.2000   
5      | 62.9777    | 66.3250    | 13.9869    | 19.5250   
6      | 65.1464    | 69.7250    | 11.9810    | 17.7500   
7      | 67.0319    | 72.9000    | 10.2835    | 16.1500   
8      | 48.6629    | 48.7500    | 32.3818    | 31.9000   
9      | 46.3002    | 46.3750    | 36.7510    | 34.3250   

TIME TAKEN = 509.36388 ms
Run 87

 CPU ACCELERATED IMPLEMENTATION
--------------------------------------------------------------

Index  | Call Model | Call Actual | Put Model  | Put Actual
--------------------------------------------------------------
0      | 51.3883    | 51.7000    | 28.5523    | 29.6500   
1      | 53.1439    | 53.6500    | 24.8999    | 27.3750   
2      | 55.5507    | 56.4000    | 21.9540    | 25.3500   
3      | 58.3779    | 59.9750    | 18.8546    | 23.2750   
4      | 60.7531    | 63.1750    | 16.0375    | 21.2000   
5      | 62.9777    | 66.3250    | 13.9869    | 19.5250   
6      | 65.1464    | 69.7250    | 11.9810    | 17.7500   
7      | 67.0319    | 72.9000    | 10.2835    | 16.1500   
8      | 48.6629    | 48.7500    | 32.3818    | 31.9000   
9      | 46.3002    | 46.3750    | 36.7510    | 34.3250   

TIME TAKEN = 509.92362 ms
Run 88

 CPU ACCELERATED IMPLEMENTATION
--------------------------------------------------------------

Index  | Call Model | Call Actual | Put Model  | Put Actual
--------------------------------------------------------------
0      | 51.3883    | 51.7000    | 28.5523    | 29.6500   
1      | 53.1439    | 53.6500    | 24.8999    | 27.3750   
2      | 55.5507    | 56.4000    | 21.9540    | 25.3500   
3      | 58.3779    | 59.9750    | 18.8546    | 23.2750   
4      | 60.7531    | 63.1750    | 16.0375    | 21.2000   
5      | 62.9777    | 66.3250    | 13.9869    | 19.5250   
6      | 65.1464    | 69.7250    | 11.9810    | 17.7500   
7      | 67.0319    | 72.9000    | 10.2835    | 16.1500   
8      | 48.6629    | 48.7500    | 32.3818    | 31.9000   
9      | 46.3002    | 46.3750    | 36.7510    | 34.3250   

TIME TAKEN = 508.32040 ms
Run 89

 CPU ACCELERATED IMPLEMENTATION
--------------------------------------------------------------

Index  | Call Model | Call Actual | Put Model  | Put Actual
--------------------------------------------------------------
0      | 51.3883    | 51.7000    | 28.5523    | 29.6500   
1      | 53.1439    | 53.6500    | 24.8999    | 27.3750   
2      | 55.5507    | 56.4000    | 21.9540    | 25.3500   
3      | 58.3779    | 59.9750    | 18.8546    | 23.2750   
4      | 60.7531    | 63.1750    | 16.0375    | 21.2000   
5      | 62.9777    | 66.3250    | 13.9869    | 19.5250   
6      | 65.1464    | 69.7250    | 11.9810    | 17.7500   
7      | 67.0319    | 72.9000    | 10.2835    | 16.1500   
8      | 48.6629    | 48.7500    | 32.3818    | 31.9000   
9      | 46.3002    | 46.3750    | 36.7510    | 34.3250   

TIME TAKEN = 508.67088 ms
Run 90

 CPU ACCELERATED IMPLEMENTATION
--------------------------------------------------------------

Index  | Call Model | Call Actual | Put Model  | Put Actual
--------------------------------------------------------------
0      | 51.3883    | 51.7000    | 28.5523    | 29.6500   
1      | 53.1439    | 53.6500    | 24.8999    | 27.3750   
2      | 55.5507    | 56.4000    | 21.9540    | 25.3500   
3      | 58.3779    | 59.9750    | 18.8546    | 23.2750   
4      | 60.7531    | 63.1750    | 16.0375    | 21.2000   
5      | 62.9777    | 66.3250    | 13.9869    | 19.5250   
6      | 65.1464    | 69.7250    | 11.9810    | 17.7500   
7      | 67.0319    | 72.9000    | 10.2835    | 16.1500   
8      | 48.6629    | 48.7500    | 32.3818    | 31.9000   
9      | 46.3002    | 46.3750    | 36.7510    | 34.3250   

TIME TAKEN = 509.14618 ms
Run 91

 CPU ACCELERATED IMPLEMENTATION
--------------------------------------------------------------

Index  | Call Model | Call Actual | Put Model  | Put Actual
--------------------------------------------------------------
0      | 51.3883    | 51.7000    | 28.5523    | 29.6500   
1      | 53.1439    | 53.6500    | 24.8999    | 27.3750   
2      | 55.5507    | 56.4000    | 21.9540    | 25.3500   
3      | 58.3779    | 59.9750    | 18.8546    | 23.2750   
4      | 60.7531    | 63.1750    | 16.0375    | 21.2000   
5      | 62.9777    | 66.3250    | 13.9869    | 19.5250   
6      | 65.1464    | 69.7250    | 11.9810    | 17.7500   
7      | 67.0319    | 72.9000    | 10.2835    | 16.1500   
8      | 48.6629    | 48.7500    | 32.3818    | 31.9000   
9      | 46.3002    | 46.3750    | 36.7510    | 34.3250   

TIME TAKEN = 509.63587 ms
Run 92

 CPU ACCELERATED IMPLEMENTATION
--------------------------------------------------------------

Index  | Call Model | Call Actual | Put Model  | Put Actual
--------------------------------------------------------------
0      | 51.3883    | 51.7000    | 28.5523    | 29.6500   
1      | 53.1439    | 53.6500    | 24.8999    | 27.3750   
2      | 55.5507    | 56.4000    | 21.9540    | 25.3500   
3      | 58.3779    | 59.9750    | 18.8546    | 23.2750   
4      | 60.7531    | 63.1750    | 16.0375    | 21.2000   
5      | 62.9777    | 66.3250    | 13.9869    | 19.5250   
6      | 65.1464    | 69.7250    | 11.9810    | 17.7500   
7      | 67.0319    | 72.9000    | 10.2835    | 16.1500   
8      | 48.6629    | 48.7500    | 32.3818    | 31.9000   
9      | 46.3002    | 46.3750    | 36.7510    | 34.3250   

TIME TAKEN = 509.08130 ms
Run 93

 CPU ACCELERATED IMPLEMENTATION
--------------------------------------------------------------

Index  | Call Model | Call Actual | Put Model  | Put Actual
--------------------------------------------------------------
0      | 51.3883    | 51.7000    | 28.5523    | 29.6500   
1      | 53.1439    | 53.6500    | 24.8999    | 27.3750   
2      | 55.5507    | 56.4000    | 21.9540    | 25.3500   
3      | 58.3779    | 59.9750    | 18.8546    | 23.2750   
4      | 60.7531    | 63.1750    | 16.0375    | 21.2000   
5      | 62.9777    | 66.3250    | 13.9869    | 19.5250   
6      | 65.1464    | 69.7250    | 11.9810    | 17.7500   
7      | 67.0319    | 72.9000    | 10.2835    | 16.1500   
8      | 48.6629    | 48.7500    | 32.3818    | 31.9000   
9      | 46.3002    | 46.3750    | 36.7510    | 34.3250   

TIME TAKEN = 509.93359 ms
Run 94

 CPU ACCELERATED IMPLEMENTATION
--------------------------------------------------------------

Index  | Call Model | Call Actual | Put Model  | Put Actual
--------------------------------------------------------------
0      | 51.3883    | 51.7000    | 28.5523    | 29.6500   
1      | 53.1439    | 53.6500    | 24.8999    | 27.3750   
2      | 55.5507    | 56.4000    | 21.9540    | 25.3500   
3      | 58.3779    | 59.9750    | 18.8546    | 23.2750   
4      | 60.7531    | 63.1750    | 16.0375    | 21.2000   
5      | 62.9777    | 66.3250    | 13.9869    | 19.5250   
6      | 65.1464    | 69.7250    | 11.9810    | 17.7500   
7      | 67.0319    | 72.9000    | 10.2835    | 16.1500   
8      | 48.6629    | 48.7500    | 32.3818    | 31.9000   
9      | 46.3002    | 46.3750    | 36.7510    | 34.3250   

TIME TAKEN = 509.03553 ms
Run 95

 CPU ACCELERATED IMPLEMENTATION
--------------------------------------------------------------

Index  | Call Model | Call Actual | Put Model  | Put Actual
--------------------------------------------------------------
0      | 51.3883    | 51.7000    | 28.5523    | 29.6500   
1      | 53.1439    | 53.6500    | 24.8999    | 27.3750   
2      | 55.5507    | 56.4000    | 21.9540    | 25.3500   
3      | 58.3779    | 59.9750    | 18.8546    | 23.2750   
4      | 60.7531    | 63.1750    | 16.0375    | 21.2000   
5      | 62.9777    | 66.3250    | 13.9869    | 19.5250   
6      | 65.1464    | 69.7250    | 11.9810    | 17.7500   
7      | 67.0319    | 72.9000    | 10.2835    | 16.1500   
8      | 48.6629    | 48.7500    | 32.3818    | 31.9000   
9      | 46.3002    | 46.3750    | 36.7510    | 34.3250   

TIME TAKEN = 509.36688 ms
Run 96

 CPU ACCELERATED IMPLEMENTATION
--------------------------------------------------------------

Index  | Call Model | Call Actual | Put Model  | Put Actual
--------------------------------------------------------------
0      | 51.3883    | 51.7000    | 28.5523    | 29.6500   
1      | 53.1439    | 53.6500    | 24.8999    | 27.3750   
2      | 55.5507    | 56.4000    | 21.9540    | 25.3500   
3      | 58.3779    | 59.9750    | 18.8546    | 23.2750   
4      | 60.7531    | 63.1750    | 16.0375    | 21.2000   
5      | 62.9777    | 66.3250    | 13.9869    | 19.5250   
6      | 65.1464    | 69.7250    | 11.9810    | 17.7500   
7      | 67.0319    | 72.9000    | 10.2835    | 16.1500   
8      | 48.6629    | 48.7500    | 32.3818    | 31.9000   
9      | 46.3002    | 46.3750    | 36.7510    | 34.3250   

TIME TAKEN = 510.28048 ms
Run 97

 CPU ACCELERATED IMPLEMENTATION
--------------------------------------------------------------

Index  | Call Model | Call Actual | Put Model  | Put Actual
--------------------------------------------------------------
0      | 51.3883    | 51.7000    | 28.5523    | 29.6500   
1      | 53.1439    | 53.6500    | 24.8999    | 27.3750   
2      | 55.5507    | 56.4000    | 21.9540    | 25.3500   
3      | 58.3779    | 59.9750    | 18.8546    | 23.2750   
4      | 60.7531    | 63.1750    | 16.0375    | 21.2000   
5      | 62.9777    | 66.3250    | 13.9869    | 19.5250   
6      | 65.1464    | 69.7250    | 11.9810    | 17.7500   
7      | 67.0319    | 72.9000    | 10.2835    | 16.1500   
8      | 48.6629    | 48.7500    | 32.3818    | 31.9000   
9      | 46.3002    | 46.3750    | 36.7510    | 34.3250   

TIME TAKEN = 510.08116 ms
Run 98

 CPU ACCELERATED IMPLEMENTATION
--------------------------------------------------------------

Index  | Call Model | Call Actual | Put Model  | Put Actual
--------------------------------------------------------------
0      | 51.3883    | 51.7000    | 28.5523    | 29.6500   
1      | 53.1439    | 53.6500    | 24.8999    | 27.3750   
2      | 55.5507    | 56.4000    | 21.9540    | 25.3500   
3      | 58.3779    | 59.9750    | 18.8546    | 23.2750   
4      | 60.7531    | 63.1750    | 16.0375    | 21.2000   
5      | 62.9777    | 66.3250    | 13.9869    | 19.5250   
6      | 65.1464    | 69.7250    | 11.9810    | 17.7500   
7      | 67.0319    | 72.9000    | 10.2835    | 16.1500   
8      | 48.6629    | 48.7500    | 32.3818    | 31.9000   
9      | 46.3002    | 46.3750    | 36.7510    | 34.3250   

TIME TAKEN = 513.79801 ms
Run 99

 CPU ACCELERATED IMPLEMENTATION
--------------------------------------------------------------

Index  | Call Model | Call Actual | Put Model  | Put Actual
--------------------------------------------------------------
0      | 51.3883    | 51.7000    | 28.5523    | 29.6500   
1      | 53.1439    | 53.6500    | 24.8999    | 27.3750   
2      | 55.5507    | 56.4000    | 21.9540    | 25.3500   
3      | 58.3779    | 59.9750    | 18.8546    | 23.2750   
4      | 60.7531    | 63.1750    | 16.0375    | 21.2000   
5      | 62.9777    | 66.3250    | 13.9869    | 19.5250   
6      | 65.1464    | 69.7250    | 11.9810    | 17.7500   
7      | 67.0319    | 72.9000    | 10.2835    | 16.1500   
8      | 48.6629    | 48.7500    | 32.3818    | 31.9000   
9      | 46.3002    | 46.3750    | 36.7510    | 34.3250   

TIME TAKEN = 508.96804 ms
Run 100

 CPU ACCELERATED IMPLEMENTATION
--------------------------------------------------------------

Index  | Call Model | Call Actual | Put Model  | Put Actual
--------------------------------------------------------------
0      | 51.3883    | 51.7000    | 28.5523    | 29.6500   
1      | 53.1439    | 53.6500    | 24.8999    | 27.3750   
2      | 55.5507    | 56.4000    | 21.9540    | 25.3500   
3      | 58.3779    | 59.9750    | 18.8546    | 23.2750   
4      | 60.7531    | 63.1750    | 16.0375    | 21.2000   
5      | 62.9777    | 66.3250    | 13.9869    | 19.5250   
6      | 65.1464    | 69.7250    | 11.9810    | 17.7500   
7      | 67.0319    | 72.9000    | 10.2835    | 16.1500   
8      | 48.6629    | 48.7500    | 32.3818    | 31.9000   
9      | 46.3002    | 46.3750    | 36.7510    | 34.3250   

TIME TAKEN = 509.19476 ms
Benchmarking: bin/black_scholes_cpu_acc
Run 1

 CPU ACCELERATED IMPLEMENTATION
--------------------------------------------------------------

Index  | Call Model | Call Actual | Put Model  | Put Actual
--------------------------------------------------------------
0      | 51.3883    | 51.7000    | 28.5523    | 29.6500   
1      | 53.1439    | 53.6500    | 24.8999    | 27.3750   
2      | 55.5507    | 56.4000    | 21.9540    | 25.3500   
3      | 58.3779    | 59.9750    | 18.8546    | 23.2750   
4      | 60.7531    | 63.1750    | 16.0375    | 21.2000   
5      | 62.9777    | 66.3250    | 13.9869    | 19.5250   
6      | 65.1464    | 69.7250    | 11.9810    | 17.7500   
7      | 67.0319    | 72.9000    | 10.2835    | 16.1500   
8      | 48.6629    | 48.7500    | 32.3818    | 31.9000   
9      | 46.3002    | 46.3750    | 36.7510    | 34.3250   

TIME TAKEN = 508.91623 ms
Run 2

 CPU ACCELERATED IMPLEMENTATION
--------------------------------------------------------------

Index  | Call Model | Call Actual | Put Model  | Put Actual
--------------------------------------------------------------
0      | 51.3883    | 51.7000    | 28.5523    | 29.6500   
1      | 53.1439    | 53.6500    | 24.8999    | 27.3750   
2      | 55.5507    | 56.4000    | 21.9540    | 25.3500   
3      | 58.3779    | 59.9750    | 18.8546    | 23.2750   
4      | 60.7531    | 63.1750    | 16.0375    | 21.2000   
5      | 62.9777    | 66.3250    | 13.9869    | 19.5250   
6      | 65.1464    | 69.7250    | 11.9810    | 17.7500   
7      | 67.0319    | 72.9000    | 10.2835    | 16.1500   
8      | 48.6629    | 48.7500    | 32.3818    | 31.9000   
9      | 46.3002    | 46.3750    | 36.7510    | 34.3250   

TIME TAKEN = 509.42259 ms
Run 3

 CPU ACCELERATED IMPLEMENTATION
--------------------------------------------------------------

Index  | Call Model | Call Actual | Put Model  | Put Actual
--------------------------------------------------------------
0      | 51.3883    | 51.7000    | 28.5523    | 29.6500   
1      | 53.1439    | 53.6500    | 24.8999    | 27.3750   
2      | 55.5507    | 56.4000    | 21.9540    | 25.3500   
3      | 58.3779    | 59.9750    | 18.8546    | 23.2750   
4      | 60.7531    | 63.1750    | 16.0375    | 21.2000   
5      | 62.9777    | 66.3250    | 13.9869    | 19.5250   
6      | 65.1464    | 69.7250    | 11.9810    | 17.7500   
7      | 67.0319    | 72.9000    | 10.2835    | 16.1500   
8      | 48.6629    | 48.7500    | 32.3818    | 31.9000   
9      | 46.3002    | 46.3750    | 36.7510    | 34.3250   

TIME TAKEN = 509.36588 ms
Run 4

 CPU ACCELERATED IMPLEMENTATION
--------------------------------------------------------------

Index  | Call Model | Call Actual | Put Model  | Put Actual
--------------------------------------------------------------
0      | 51.3883    | 51.7000    | 28.5523    | 29.6500   
1      | 53.1439    | 53.6500    | 24.8999    | 27.3750   
2      | 55.5507    | 56.4000    | 21.9540    | 25.3500   
3      | 58.3779    | 59.9750    | 18.8546    | 23.2750   
4      | 60.7531    | 63.1750    | 16.0375    | 21.2000   
5      | 62.9777    | 66.3250    | 13.9869    | 19.5250   
6      | 65.1464    | 69.7250    | 11.9810    | 17.7500   
7      | 67.0319    | 72.9000    | 10.2835    | 16.1500   
8      | 48.6629    | 48.7500    | 32.3818    | 31.9000   
9      | 46.3002    | 46.3750    | 36.7510    | 34.3250   

TIME TAKEN = 509.19483 ms
Run 5

 CPU ACCELERATED IMPLEMENTATION
--------------------------------------------------------------

Index  | Call Model | Call Actual | Put Model  | Put Actual
--------------------------------------------------------------
0      | 51.3883    | 51.7000    | 28.5523    | 29.6500   
1      | 53.1439    | 53.6500    | 24.8999    | 27.3750   
2      | 55.5507    | 56.4000    | 21.9540    | 25.3500   
3      | 58.3779    | 59.9750    | 18.8546    | 23.2750   
4      | 60.7531    | 63.1750    | 16.0375    | 21.2000   
5      | 62.9777    | 66.3250    | 13.9869    | 19.5250   
6      | 65.1464    | 69.7250    | 11.9810    | 17.7500   
7      | 67.0319    | 72.9000    | 10.2835    | 16.1500   
8      | 48.6629    | 48.7500    | 32.3818    | 31.9000   
9      | 46.3002    | 46.3750    | 36.7510    | 34.3250   

TIME TAKEN = 509.67992 ms
Run 6

 CPU ACCELERATED IMPLEMENTATION
--------------------------------------------------------------

Index  | Call Model | Call Actual | Put Model  | Put Actual
--------------------------------------------------------------
0      | 51.3883    | 51.7000    | 28.5523    | 29.6500   
1      | 53.1439    | 53.6500    | 24.8999    | 27.3750   
2      | 55.5507    | 56.4000    | 21.9540    | 25.3500   
3      | 58.3779    | 59.9750    | 18.8546    | 23.2750   
4      | 60.7531    | 63.1750    | 16.0375    | 21.2000   
5      | 62.9777    | 66.3250    | 13.9869    | 19.5250   
6      | 65.1464    | 69.7250    | 11.9810    | 17.7500   
7      | 67.0319    | 72.9000    | 10.2835    | 16.1500   
8      | 48.6629    | 48.7500    | 32.3818    | 31.9000   
9      | 46.3002    | 46.3750    | 36.7510    | 34.3250   

TIME TAKEN = 509.70113 ms
Run 7

 CPU ACCELERATED IMPLEMENTATION
--------------------------------------------------------------

Index  | Call Model | Call Actual | Put Model  | Put Actual
--------------------------------------------------------------
0      | 51.3883    | 51.7000    | 28.5523    | 29.6500   
1      | 53.1439    | 53.6500    | 24.8999    | 27.3750   
2      | 55.5507    | 56.4000    | 21.9540    | 25.3500   
3      | 58.3779    | 59.9750    | 18.8546    | 23.2750   
4      | 60.7531    | 63.1750    | 16.0375    | 21.2000   
5      | 62.9777    | 66.3250    | 13.9869    | 19.5250   
6      | 65.1464    | 69.7250    | 11.9810    | 17.7500   
7      | 67.0319    | 72.9000    | 10.2835    | 16.1500   
8      | 48.6629    | 48.7500    | 32.3818    | 31.9000   
9      | 46.3002    | 46.3750    | 36.7510    | 34.3250   

TIME TAKEN = 509.59566 ms
Run 8

 CPU ACCELERATED IMPLEMENTATION
--------------------------------------------------------------

Index  | Call Model | Call Actual | Put Model  | Put Actual
--------------------------------------------------------------
0      | 51.3883    | 51.7000    | 28.5523    | 29.6500   
1      | 53.1439    | 53.6500    | 24.8999    | 27.3750   
2      | 55.5507    | 56.4000    | 21.9540    | 25.3500   
3      | 58.3779    | 59.9750    | 18.8546    | 23.2750   
4      | 60.7531    | 63.1750    | 16.0375    | 21.2000   
5      | 62.9777    | 66.3250    | 13.9869    | 19.5250   
6      | 65.1464    | 69.7250    | 11.9810    | 17.7500   
7      | 67.0319    | 72.9000    | 10.2835    | 16.1500   
8      | 48.6629    | 48.7500    | 32.3818    | 31.9000   
9      | 46.3002    | 46.3750    | 36.7510    | 34.3250   

TIME TAKEN = 509.99278 ms
Run 9

 CPU ACCELERATED IMPLEMENTATION
--------------------------------------------------------------

Index  | Call Model | Call Actual | Put Model  | Put Actual
--------------------------------------------------------------
0      | 51.3883    | 51.7000    | 28.5523    | 29.6500   
1      | 53.1439    | 53.6500    | 24.8999    | 27.3750   
2      | 55.5507    | 56.4000    | 21.9540    | 25.3500   
3      | 58.3779    | 59.9750    | 18.8546    | 23.2750   
4      | 60.7531    | 63.1750    | 16.0375    | 21.2000   
5      | 62.9777    | 66.3250    | 13.9869    | 19.5250   
6      | 65.1464    | 69.7250    | 11.9810    | 17.7500   
7      | 67.0319    | 72.9000    | 10.2835    | 16.1500   
8      | 48.6629    | 48.7500    | 32.3818    | 31.9000   
9      | 46.3002    | 46.3750    | 36.7510    | 34.3250   

TIME TAKEN = 510.00307 ms
Run 10

 CPU ACCELERATED IMPLEMENTATION
--------------------------------------------------------------

Index  | Call Model | Call Actual | Put Model  | Put Actual
--------------------------------------------------------------
0      | 51.3883    | 51.7000    | 28.5523    | 29.6500   
1      | 53.1439    | 53.6500    | 24.8999    | 27.3750   
2      | 55.5507    | 56.4000    | 21.9540    | 25.3500   
3      | 58.3779    | 59.9750    | 18.8546    | 23.2750   
4      | 60.7531    | 63.1750    | 16.0375    | 21.2000   
5      | 62.9777    | 66.3250    | 13.9869    | 19.5250   
6      | 65.1464    | 69.7250    | 11.9810    | 17.7500   
7      | 67.0319    | 72.9000    | 10.2835    | 16.1500   
8      | 48.6629    | 48.7500    | 32.3818    | 31.9000   
9      | 46.3002    | 46.3750    | 36.7510    | 34.3250   

TIME TAKEN = 509.52494 ms
Run 11

 CPU ACCELERATED IMPLEMENTATION
--------------------------------------------------------------

Index  | Call Model | Call Actual | Put Model  | Put Actual
--------------------------------------------------------------
0      | 51.3883    | 51.7000    | 28.5523    | 29.6500   
1      | 53.1439    | 53.6500    | 24.8999    | 27.3750   
2      | 55.5507    | 56.4000    | 21.9540    | 25.3500   
3      | 58.3779    | 59.9750    | 18.8546    | 23.2750   
4      | 60.7531    | 63.1750    | 16.0375    | 21.2000   
5      | 62.9777    | 66.3250    | 13.9869    | 19.5250   
6      | 65.1464    | 69.7250    | 11.9810    | 17.7500   
7      | 67.0319    | 72.9000    | 10.2835    | 16.1500   
8      | 48.6629    | 48.7500    | 32.3818    | 31.9000   
9      | 46.3002    | 46.3750    | 36.7510    | 34.3250   

TIME TAKEN = 509.57158 ms
Run 12

 CPU ACCELERATED IMPLEMENTATION
--------------------------------------------------------------

Index  | Call Model | Call Actual | Put Model  | Put Actual
--------------------------------------------------------------
0      | 51.3883    | 51.7000    | 28.5523    | 29.6500   
1      | 53.1439    | 53.6500    | 24.8999    | 27.3750   
2      | 55.5507    | 56.4000    | 21.9540    | 25.3500   
3      | 58.3779    | 59.9750    | 18.8546    | 23.2750   
4      | 60.7531    | 63.1750    | 16.0375    | 21.2000   
5      | 62.9777    | 66.3250    | 13.9869    | 19.5250   
6      | 65.1464    | 69.7250    | 11.9810    | 17.7500   
7      | 67.0319    | 72.9000    | 10.2835    | 16.1500   
8      | 48.6629    | 48.7500    | 32.3818    | 31.9000   
9      | 46.3002    | 46.3750    | 36.7510    | 34.3250   

TIME TAKEN = 509.34822 ms
Run 13

 CPU ACCELERATED IMPLEMENTATION
--------------------------------------------------------------

Index  | Call Model | Call Actual | Put Model  | Put Actual
--------------------------------------------------------------
0      | 51.3883    | 51.7000    | 28.5523    | 29.6500   
1      | 53.1439    | 53.6500    | 24.8999    | 27.3750   
2      | 55.5507    | 56.4000    | 21.9540    | 25.3500   
3      | 58.3779    | 59.9750    | 18.8546    | 23.2750   
4      | 60.7531    | 63.1750    | 16.0375    | 21.2000   
5      | 62.9777    | 66.3250    | 13.9869    | 19.5250   
6      | 65.1464    | 69.7250    | 11.9810    | 17.7500   
7      | 67.0319    | 72.9000    | 10.2835    | 16.1500   
8      | 48.6629    | 48.7500    | 32.3818    | 31.9000   
9      | 46.3002    | 46.3750    | 36.7510    | 34.3250   

TIME TAKEN = 509.26213 ms
Run 14

 CPU ACCELERATED IMPLEMENTATION
--------------------------------------------------------------

Index  | Call Model | Call Actual | Put Model  | Put Actual
--------------------------------------------------------------
0      | 51.3883    | 51.7000    | 28.5523    | 29.6500   
1      | 53.1439    | 53.6500    | 24.8999    | 27.3750   
2      | 55.5507    | 56.4000    | 21.9540    | 25.3500   
3      | 58.3779    | 59.9750    | 18.8546    | 23.2750   
4      | 60.7531    | 63.1750    | 16.0375    | 21.2000   
5      | 62.9777    | 66.3250    | 13.9869    | 19.5250   
6      | 65.1464    | 69.7250    | 11.9810    | 17.7500   
7      | 67.0319    | 72.9000    | 10.2835    | 16.1500   
8      | 48.6629    | 48.7500    | 32.3818    | 31.9000   
9      | 46.3002    | 46.3750    | 36.7510    | 34.3250   

TIME TAKEN = 509.32896 ms
Run 15

 CPU ACCELERATED IMPLEMENTATION
--------------------------------------------------------------

Index  | Call Model | Call Actual | Put Model  | Put Actual
--------------------------------------------------------------
0      | 51.3883    | 51.7000    | 28.5523    | 29.6500   
1      | 53.1439    | 53.6500    | 24.8999    | 27.3750   
2      | 55.5507    | 56.4000    | 21.9540    | 25.3500   
3      | 58.3779    | 59.9750    | 18.8546    | 23.2750   
4      | 60.7531    | 63.1750    | 16.0375    | 21.2000   
5      | 62.9777    | 66.3250    | 13.9869    | 19.5250   
6      | 65.1464    | 69.7250    | 11.9810    | 17.7500   
7      | 67.0319    | 72.9000    | 10.2835    | 16.1500   
8      | 48.6629    | 48.7500    | 32.3818    | 31.9000   
9      | 46.3002    | 46.3750    | 36.7510    | 34.3250   

TIME TAKEN = 509.06493 ms
Run 16

 CPU ACCELERATED IMPLEMENTATION
--------------------------------------------------------------

Index  | Call Model | Call Actual | Put Model  | Put Actual
--------------------------------------------------------------
0      | 51.3883    | 51.7000    | 28.5523    | 29.6500   
1      | 53.1439    | 53.6500    | 24.8999    | 27.3750   
2      | 55.5507    | 56.4000    | 21.9540    | 25.3500   
3      | 58.3779    | 59.9750    | 18.8546    | 23.2750   
4      | 60.7531    | 63.1750    | 16.0375    | 21.2000   
5      | 62.9777    | 66.3250    | 13.9869    | 19.5250   
6      | 65.1464    | 69.7250    | 11.9810    | 17.7500   
7      | 67.0319    | 72.9000    | 10.2835    | 16.1500   
8      | 48.6629    | 48.7500    | 32.3818    | 31.9000   
9      | 46.3002    | 46.3750    | 36.7510    | 34.3250   

TIME TAKEN = 510.35064 ms
Run 17

 CPU ACCELERATED IMPLEMENTATION
--------------------------------------------------------------

Index  | Call Model | Call Actual | Put Model  | Put Actual
--------------------------------------------------------------
0      | 51.3883    | 51.7000    | 28.5523    | 29.6500   
1      | 53.1439    | 53.6500    | 24.8999    | 27.3750   
2      | 55.5507    | 56.4000    | 21.9540    | 25.3500   
3      | 58.3779    | 59.9750    | 18.8546    | 23.2750   
4      | 60.7531    | 63.1750    | 16.0375    | 21.2000   
5      | 62.9777    | 66.3250    | 13.9869    | 19.5250   
6      | 65.1464    | 69.7250    | 11.9810    | 17.7500   
7      | 67.0319    | 72.9000    | 10.2835    | 16.1500   
8      | 48.6629    | 48.7500    | 32.3818    | 31.9000   
9      | 46.3002    | 46.3750    | 36.7510    | 34.3250   

TIME TAKEN = 509.55318 ms
Run 18

 CPU ACCELERATED IMPLEMENTATION
--------------------------------------------------------------

Index  | Call Model | Call Actual | Put Model  | Put Actual
--------------------------------------------------------------
0      | 51.3883    | 51.7000    | 28.5523    | 29.6500   
1      | 53.1439    | 53.6500    | 24.8999    | 27.3750   
2      | 55.5507    | 56.4000    | 21.9540    | 25.3500   
3      | 58.3779    | 59.9750    | 18.8546    | 23.2750   
4      | 60.7531    | 63.1750    | 16.0375    | 21.2000   
5      | 62.9777    | 66.3250    | 13.9869    | 19.5250   
6      | 65.1464    | 69.7250    | 11.9810    | 17.7500   
7      | 67.0319    | 72.9000    | 10.2835    | 16.1500   
8      | 48.6629    | 48.7500    | 32.3818    | 31.9000   
9      | 46.3002    | 46.3750    | 36.7510    | 34.3250   

TIME TAKEN = 509.55552 ms
Run 19

 CPU ACCELERATED IMPLEMENTATION
--------------------------------------------------------------

Index  | Call Model | Call Actual | Put Model  | Put Actual
--------------------------------------------------------------
0      | 51.3883    | 51.7000    | 28.5523    | 29.6500   
1      | 53.1439    | 53.6500    | 24.8999    | 27.3750   
2      | 55.5507    | 56.4000    | 21.9540    | 25.3500   
3      | 58.3779    | 59.9750    | 18.8546    | 23.2750   
4      | 60.7531    | 63.1750    | 16.0375    | 21.2000   
5      | 62.9777    | 66.3250    | 13.9869    | 19.5250   
6      | 65.1464    | 69.7250    | 11.9810    | 17.7500   
7      | 67.0319    | 72.9000    | 10.2835    | 16.1500   
8      | 48.6629    | 48.7500    | 32.3818    | 31.9000   
9      | 46.3002    | 46.3750    | 36.7510    | 34.3250   

TIME TAKEN = 509.71246 ms
Run 20

 CPU ACCELERATED IMPLEMENTATION
--------------------------------------------------------------

Index  | Call Model | Call Actual | Put Model  | Put Actual
--------------------------------------------------------------
0      | 51.3883    | 51.7000    | 28.5523    | 29.6500   
1      | 53.1439    | 53.6500    | 24.8999    | 27.3750   
2      | 55.5507    | 56.4000    | 21.9540    | 25.3500   
3      | 58.3779    | 59.9750    | 18.8546    | 23.2750   
4      | 60.7531    | 63.1750    | 16.0375    | 21.2000   
5      | 62.9777    | 66.3250    | 13.9869    | 19.5250   
6      | 65.1464    | 69.7250    | 11.9810    | 17.7500   
7      | 67.0319    | 72.9000    | 10.2835    | 16.1500   
8      | 48.6629    | 48.7500    | 32.3818    | 31.9000   
9      | 46.3002    | 46.3750    | 36.7510    | 34.3250   

TIME TAKEN = 509.68596 ms
Run 21

 CPU ACCELERATED IMPLEMENTATION
--------------------------------------------------------------

Index  | Call Model | Call Actual | Put Model  | Put Actual
--------------------------------------------------------------
0      | 51.3883    | 51.7000    | 28.5523    | 29.6500   
1      | 53.1439    | 53.6500    | 24.8999    | 27.3750   
2      | 55.5507    | 56.4000    | 21.9540    | 25.3500   
3      | 58.3779    | 59.9750    | 18.8546    | 23.2750   
4      | 60.7531    | 63.1750    | 16.0375    | 21.2000   
5      | 62.9777    | 66.3250    | 13.9869    | 19.5250   
6      | 65.1464    | 69.7250    | 11.9810    | 17.7500   
7      | 67.0319    | 72.9000    | 10.2835    | 16.1500   
8      | 48.6629    | 48.7500    | 32.3818    | 31.9000   
9      | 46.3002    | 46.3750    | 36.7510    | 34.3250   

TIME TAKEN = 509.32808 ms
Run 22

 CPU ACCELERATED IMPLEMENTATION
--------------------------------------------------------------

Index  | Call Model | Call Actual | Put Model  | Put Actual
--------------------------------------------------------------
0      | 51.3883    | 51.7000    | 28.5523    | 29.6500   
1      | 53.1439    | 53.6500    | 24.8999    | 27.3750   
2      | 55.5507    | 56.4000    | 21.9540    | 25.3500   
3      | 58.3779    | 59.9750    | 18.8546    | 23.2750   
4      | 60.7531    | 63.1750    | 16.0375    | 21.2000   
5      | 62.9777    | 66.3250    | 13.9869    | 19.5250   
6      | 65.1464    | 69.7250    | 11.9810    | 17.7500   
7      | 67.0319    | 72.9000    | 10.2835    | 16.1500   
8      | 48.6629    | 48.7500    | 32.3818    | 31.9000   
9      | 46.3002    | 46.3750    | 36.7510    | 34.3250   

TIME TAKEN = 509.39544 ms
Run 23

 CPU ACCELERATED IMPLEMENTATION
--------------------------------------------------------------

Index  | Call Model | Call Actual | Put Model  | Put Actual
--------------------------------------------------------------
0      | 51.3883    | 51.7000    | 28.5523    | 29.6500   
1      | 53.1439    | 53.6500    | 24.8999    | 27.3750   
2      | 55.5507    | 56.4000    | 21.9540    | 25.3500   
3      | 58.3779    | 59.9750    | 18.8546    | 23.2750   
4      | 60.7531    | 63.1750    | 16.0375    | 21.2000   
5      | 62.9777    | 66.3250    | 13.9869    | 19.5250   
6      | 65.1464    | 69.7250    | 11.9810    | 17.7500   
7      | 67.0319    | 72.9000    | 10.2835    | 16.1500   
8      | 48.6629    | 48.7500    | 32.3818    | 31.9000   
9      | 46.3002    | 46.3750    | 36.7510    | 34.3250   

TIME TAKEN = 509.64525 ms
Run 24

 CPU ACCELERATED IMPLEMENTATION
--------------------------------------------------------------

Index  | Call Model | Call Actual | Put Model  | Put Actual
--------------------------------------------------------------
0      | 51.3883    | 51.7000    | 28.5523    | 29.6500   
1      | 53.1439    | 53.6500    | 24.8999    | 27.3750   
2      | 55.5507    | 56.4000    | 21.9540    | 25.3500   
3      | 58.3779    | 59.9750    | 18.8546    | 23.2750   
4      | 60.7531    | 63.1750    | 16.0375    | 21.2000   
5      | 62.9777    | 66.3250    | 13.9869    | 19.5250   
6      | 65.1464    | 69.7250    | 11.9810    | 17.7500   
7      | 67.0319    | 72.9000    | 10.2835    | 16.1500   
8      | 48.6629    | 48.7500    | 32.3818    | 31.9000   
9      | 46.3002    | 46.3750    | 36.7510    | 34.3250   

TIME TAKEN = 509.75380 ms
Run 25

 CPU ACCELERATED IMPLEMENTATION
--------------------------------------------------------------

Index  | Call Model | Call Actual | Put Model  | Put Actual
--------------------------------------------------------------
0      | 51.3883    | 51.7000    | 28.5523    | 29.6500   
1      | 53.1439    | 53.6500    | 24.8999    | 27.3750   
2      | 55.5507    | 56.4000    | 21.9540    | 25.3500   
3      | 58.3779    | 59.9750    | 18.8546    | 23.2750   
4      | 60.7531    | 63.1750    | 16.0375    | 21.2000   
5      | 62.9777    | 66.3250    | 13.9869    | 19.5250   
6      | 65.1464    | 69.7250    | 11.9810    | 17.7500   
7      | 67.0319    | 72.9000    | 10.2835    | 16.1500   
8      | 48.6629    | 48.7500    | 32.3818    | 31.9000   
9      | 46.3002    | 46.3750    | 36.7510    | 34.3250   

TIME TAKEN = 509.46564 ms
Run 26

 CPU ACCELERATED IMPLEMENTATION
--------------------------------------------------------------

Index  | Call Model | Call Actual | Put Model  | Put Actual
--------------------------------------------------------------
0      | 51.3883    | 51.7000    | 28.5523    | 29.6500   
1      | 53.1439    | 53.6500    | 24.8999    | 27.3750   
2      | 55.5507    | 56.4000    | 21.9540    | 25.3500   
3      | 58.3779    | 59.9750    | 18.8546    | 23.2750   
4      | 60.7531    | 63.1750    | 16.0375    | 21.2000   
5      | 62.9777    | 66.3250    | 13.9869    | 19.5250   
6      | 65.1464    | 69.7250    | 11.9810    | 17.7500   
7      | 67.0319    | 72.9000    | 10.2835    | 16.1500   
8      | 48.6629    | 48.7500    | 32.3818    | 31.9000   
9      | 46.3002    | 46.3750    | 36.7510    | 34.3250   

TIME TAKEN = 509.77770 ms
Run 27

 CPU ACCELERATED IMPLEMENTATION
--------------------------------------------------------------

Index  | Call Model | Call Actual | Put Model  | Put Actual
--------------------------------------------------------------
0      | 51.3883    | 51.7000    | 28.5523    | 29.6500   
1      | 53.1439    | 53.6500    | 24.8999    | 27.3750   
2      | 55.5507    | 56.4000    | 21.9540    | 25.3500   
3      | 58.3779    | 59.9750    | 18.8546    | 23.2750   
4      | 60.7531    | 63.1750    | 16.0375    | 21.2000   
5      | 62.9777    | 66.3250    | 13.9869    | 19.5250   
6      | 65.1464    | 69.7250    | 11.9810    | 17.7500   
7      | 67.0319    | 72.9000    | 10.2835    | 16.1500   
8      | 48.6629    | 48.7500    | 32.3818    | 31.9000   
9      | 46.3002    | 46.3750    | 36.7510    | 34.3250   

TIME TAKEN = 509.24846 ms
Run 28

 CPU ACCELERATED IMPLEMENTATION
--------------------------------------------------------------

Index  | Call Model | Call Actual | Put Model  | Put Actual
--------------------------------------------------------------
0      | 51.3883    | 51.7000    | 28.5523    | 29.6500   
1      | 53.1439    | 53.6500    | 24.8999    | 27.3750   
2      | 55.5507    | 56.4000    | 21.9540    | 25.3500   
3      | 58.3779    | 59.9750    | 18.8546    | 23.2750   
4      | 60.7531    | 63.1750    | 16.0375    | 21.2000   
5      | 62.9777    | 66.3250    | 13.9869    | 19.5250   
6      | 65.1464    | 69.7250    | 11.9810    | 17.7500   
7      | 67.0319    | 72.9000    | 10.2835    | 16.1500   
8      | 48.6629    | 48.7500    | 32.3818    | 31.9000   
9      | 46.3002    | 46.3750    | 36.7510    | 34.3250   

TIME TAKEN = 509.17074 ms
Run 29

 CPU ACCELERATED IMPLEMENTATION
--------------------------------------------------------------

Index  | Call Model | Call Actual | Put Model  | Put Actual
--------------------------------------------------------------
0      | 51.3883    | 51.7000    | 28.5523    | 29.6500   
1      | 53.1439    | 53.6500    | 24.8999    | 27.3750   
2      | 55.5507    | 56.4000    | 21.9540    | 25.3500   
3      | 58.3779    | 59.9750    | 18.8546    | 23.2750   
4      | 60.7531    | 63.1750    | 16.0375    | 21.2000   
5      | 62.9777    | 66.3250    | 13.9869    | 19.5250   
6      | 65.1464    | 69.7250    | 11.9810    | 17.7500   
7      | 67.0319    | 72.9000    | 10.2835    | 16.1500   
8      | 48.6629    | 48.7500    | 32.3818    | 31.9000   
9      | 46.3002    | 46.3750    | 36.7510    | 34.3250   

TIME TAKEN = 509.59839 ms
Run 30

 CPU ACCELERATED IMPLEMENTATION
--------------------------------------------------------------

Index  | Call Model | Call Actual | Put Model  | Put Actual
--------------------------------------------------------------
0      | 51.3883    | 51.7000    | 28.5523    | 29.6500   
1      | 53.1439    | 53.6500    | 24.8999    | 27.3750   
2      | 55.5507    | 56.4000    | 21.9540    | 25.3500   
3      | 58.3779    | 59.9750    | 18.8546    | 23.2750   
4      | 60.7531    | 63.1750    | 16.0375    | 21.2000   
5      | 62.9777    | 66.3250    | 13.9869    | 19.5250   
6      | 65.1464    | 69.7250    | 11.9810    | 17.7500   
7      | 67.0319    | 72.9000    | 10.2835    | 16.1500   
8      | 48.6629    | 48.7500    | 32.3818    | 31.9000   
9      | 46.3002    | 46.3750    | 36.7510    | 34.3250   

TIME TAKEN = 509.33925 ms
Run 31

 CPU ACCELERATED IMPLEMENTATION
--------------------------------------------------------------

Index  | Call Model | Call Actual | Put Model  | Put Actual
--------------------------------------------------------------
0      | 51.3883    | 51.7000    | 28.5523    | 29.6500   
1      | 53.1439    | 53.6500    | 24.8999    | 27.3750   
2      | 55.5507    | 56.4000    | 21.9540    | 25.3500   
3      | 58.3779    | 59.9750    | 18.8546    | 23.2750   
4      | 60.7531    | 63.1750    | 16.0375    | 21.2000   
5      | 62.9777    | 66.3250    | 13.9869    | 19.5250   
6      | 65.1464    | 69.7250    | 11.9810    | 17.7500   
7      | 67.0319    | 72.9000    | 10.2835    | 16.1500   
8      | 48.6629    | 48.7500    | 32.3818    | 31.9000   
9      | 46.3002    | 46.3750    | 36.7510    | 34.3250   

TIME TAKEN = 509.49529 ms
Run 32

 CPU ACCELERATED IMPLEMENTATION
--------------------------------------------------------------

Index  | Call Model | Call Actual | Put Model  | Put Actual
--------------------------------------------------------------
0      | 51.3883    | 51.7000    | 28.5523    | 29.6500   
1      | 53.1439    | 53.6500    | 24.8999    | 27.3750   
2      | 55.5507    | 56.4000    | 21.9540    | 25.3500   
3      | 58.3779    | 59.9750    | 18.8546    | 23.2750   
4      | 60.7531    | 63.1750    | 16.0375    | 21.2000   
5      | 62.9777    | 66.3250    | 13.9869    | 19.5250   
6      | 65.1464    | 69.7250    | 11.9810    | 17.7500   
7      | 67.0319    | 72.9000    | 10.2835    | 16.1500   
8      | 48.6629    | 48.7500    | 32.3818    | 31.9000   
9      | 46.3002    | 46.3750    | 36.7510    | 34.3250   

TIME TAKEN = 509.60440 ms
Run 33

 CPU ACCELERATED IMPLEMENTATION
--------------------------------------------------------------

Index  | Call Model | Call Actual | Put Model  | Put Actual
--------------------------------------------------------------
0      | 51.3883    | 51.7000    | 28.5523    | 29.6500   
1      | 53.1439    | 53.6500    | 24.8999    | 27.3750   
2      | 55.5507    | 56.4000    | 21.9540    | 25.3500   
3      | 58.3779    | 59.9750    | 18.8546    | 23.2750   
4      | 60.7531    | 63.1750    | 16.0375    | 21.2000   
5      | 62.9777    | 66.3250    | 13.9869    | 19.5250   
6      | 65.1464    | 69.7250    | 11.9810    | 17.7500   
7      | 67.0319    | 72.9000    | 10.2835    | 16.1500   
8      | 48.6629    | 48.7500    | 32.3818    | 31.9000   
9      | 46.3002    | 46.3750    | 36.7510    | 34.3250   

TIME TAKEN = 509.35232 ms
Run 34

 CPU ACCELERATED IMPLEMENTATION
--------------------------------------------------------------

Index  | Call Model | Call Actual | Put Model  | Put Actual
--------------------------------------------------------------
0      | 51.3883    | 51.7000    | 28.5523    | 29.6500   
1      | 53.1439    | 53.6500    | 24.8999    | 27.3750   
2      | 55.5507    | 56.4000    | 21.9540    | 25.3500   
3      | 58.3779    | 59.9750    | 18.8546    | 23.2750   
4      | 60.7531    | 63.1750    | 16.0375    | 21.2000   
5      | 62.9777    | 66.3250    | 13.9869    | 19.5250   
6      | 65.1464    | 69.7250    | 11.9810    | 17.7500   
7      | 67.0319    | 72.9000    | 10.2835    | 16.1500   
8      | 48.6629    | 48.7500    | 32.3818    | 31.9000   
9      | 46.3002    | 46.3750    | 36.7510    | 34.3250   

TIME TAKEN = 509.56224 ms
Run 35

 CPU ACCELERATED IMPLEMENTATION
--------------------------------------------------------------

Index  | Call Model | Call Actual | Put Model  | Put Actual
--------------------------------------------------------------
0      | 51.3883    | 51.7000    | 28.5523    | 29.6500   
1      | 53.1439    | 53.6500    | 24.8999    | 27.3750   
2      | 55.5507    | 56.4000    | 21.9540    | 25.3500   
3      | 58.3779    | 59.9750    | 18.8546    | 23.2750   
4      | 60.7531    | 63.1750    | 16.0375    | 21.2000   
5      | 62.9777    | 66.3250    | 13.9869    | 19.5250   
6      | 65.1464    | 69.7250    | 11.9810    | 17.7500   
7      | 67.0319    | 72.9000    | 10.2835    | 16.1500   
8      | 48.6629    | 48.7500    | 32.3818    | 31.9000   
9      | 46.3002    | 46.3750    | 36.7510    | 34.3250   

TIME TAKEN = 509.32181 ms
Run 36

 CPU ACCELERATED IMPLEMENTATION
--------------------------------------------------------------

Index  | Call Model | Call Actual | Put Model  | Put Actual
--------------------------------------------------------------
0      | 51.3883    | 51.7000    | 28.5523    | 29.6500   
1      | 53.1439    | 53.6500    | 24.8999    | 27.3750   
2      | 55.5507    | 56.4000    | 21.9540    | 25.3500   
3      | 58.3779    | 59.9750    | 18.8546    | 23.2750   
4      | 60.7531    | 63.1750    | 16.0375    | 21.2000   
5      | 62.9777    | 66.3250    | 13.9869    | 19.5250   
6      | 65.1464    | 69.7250    | 11.9810    | 17.7500   
7      | 67.0319    | 72.9000    | 10.2835    | 16.1500   
8      | 48.6629    | 48.7500    | 32.3818    | 31.9000   
9      | 46.3002    | 46.3750    | 36.7510    | 34.3250   

TIME TAKEN = 509.30642 ms
Run 37

 CPU ACCELERATED IMPLEMENTATION
--------------------------------------------------------------

Index  | Call Model | Call Actual | Put Model  | Put Actual
--------------------------------------------------------------
0      | 51.3883    | 51.7000    | 28.5523    | 29.6500   
1      | 53.1439    | 53.6500    | 24.8999    | 27.3750   
2      | 55.5507    | 56.4000    | 21.9540    | 25.3500   
3      | 58.3779    | 59.9750    | 18.8546    | 23.2750   
4      | 60.7531    | 63.1750    | 16.0375    | 21.2000   
5      | 62.9777    | 66.3250    | 13.9869    | 19.5250   
6      | 65.1464    | 69.7250    | 11.9810    | 17.7500   
7      | 67.0319    | 72.9000    | 10.2835    | 16.1500   
8      | 48.6629    | 48.7500    | 32.3818    | 31.9000   
9      | 46.3002    | 46.3750    | 36.7510    | 34.3250   

TIME TAKEN = 509.68780 ms
Run 38

 CPU ACCELERATED IMPLEMENTATION
--------------------------------------------------------------

Index  | Call Model | Call Actual | Put Model  | Put Actual
--------------------------------------------------------------
0      | 51.3883    | 51.7000    | 28.5523    | 29.6500   
1      | 53.1439    | 53.6500    | 24.8999    | 27.3750   
2      | 55.5507    | 56.4000    | 21.9540    | 25.3500   
3      | 58.3779    | 59.9750    | 18.8546    | 23.2750   
4      | 60.7531    | 63.1750    | 16.0375    | 21.2000   
5      | 62.9777    | 66.3250    | 13.9869    | 19.5250   
6      | 65.1464    | 69.7250    | 11.9810    | 17.7500   
7      | 67.0319    | 72.9000    | 10.2835    | 16.1500   
8      | 48.6629    | 48.7500    | 32.3818    | 31.9000   
9      | 46.3002    | 46.3750    | 36.7510    | 34.3250   

TIME TAKEN = 509.81262 ms
Run 39

 CPU ACCELERATED IMPLEMENTATION
--------------------------------------------------------------

Index  | Call Model | Call Actual | Put Model  | Put Actual
--------------------------------------------------------------
0      | 51.3883    | 51.7000    | 28.5523    | 29.6500   
1      | 53.1439    | 53.6500    | 24.8999    | 27.3750   
2      | 55.5507    | 56.4000    | 21.9540    | 25.3500   
3      | 58.3779    | 59.9750    | 18.8546    | 23.2750   
4      | 60.7531    | 63.1750    | 16.0375    | 21.2000   
5      | 62.9777    | 66.3250    | 13.9869    | 19.5250   
6      | 65.1464    | 69.7250    | 11.9810    | 17.7500   
7      | 67.0319    | 72.9000    | 10.2835    | 16.1500   
8      | 48.6629    | 48.7500    | 32.3818    | 31.9000   
9      | 46.3002    | 46.3750    | 36.7510    | 34.3250   

TIME TAKEN = 509.08856 ms
Run 40

 CPU ACCELERATED IMPLEMENTATION
--------------------------------------------------------------

Index  | Call Model | Call Actual | Put Model  | Put Actual
--------------------------------------------------------------
0      | 51.3883    | 51.7000    | 28.5523    | 29.6500   
1      | 53.1439    | 53.6500    | 24.8999    | 27.3750   
2      | 55.5507    | 56.4000    | 21.9540    | 25.3500   
3      | 58.3779    | 59.9750    | 18.8546    | 23.2750   
4      | 60.7531    | 63.1750    | 16.0375    | 21.2000   
5      | 62.9777    | 66.3250    | 13.9869    | 19.5250   
6      | 65.1464    | 69.7250    | 11.9810    | 17.7500   
7      | 67.0319    | 72.9000    | 10.2835    | 16.1500   
8      | 48.6629    | 48.7500    | 32.3818    | 31.9000   
9      | 46.3002    | 46.3750    | 36.7510    | 34.3250   

TIME TAKEN = 509.42418 ms
Run 41

 CPU ACCELERATED IMPLEMENTATION
--------------------------------------------------------------

Index  | Call Model | Call Actual | Put Model  | Put Actual
--------------------------------------------------------------
0      | 51.3883    | 51.7000    | 28.5523    | 29.6500   
1      | 53.1439    | 53.6500    | 24.8999    | 27.3750   
2      | 55.5507    | 56.4000    | 21.9540    | 25.3500   
3      | 58.3779    | 59.9750    | 18.8546    | 23.2750   
4      | 60.7531    | 63.1750    | 16.0375    | 21.2000   
5      | 62.9777    | 66.3250    | 13.9869    | 19.5250   
6      | 65.1464    | 69.7250    | 11.9810    | 17.7500   
7      | 67.0319    | 72.9000    | 10.2835    | 16.1500   
8      | 48.6629    | 48.7500    | 32.3818    | 31.9000   
9      | 46.3002    | 46.3750    | 36.7510    | 34.3250   

TIME TAKEN = 509.65905 ms
Run 42

 CPU ACCELERATED IMPLEMENTATION
--------------------------------------------------------------

Index  | Call Model | Call Actual | Put Model  | Put Actual
--------------------------------------------------------------
0      | 51.3883    | 51.7000    | 28.5523    | 29.6500   
1      | 53.1439    | 53.6500    | 24.8999    | 27.3750   
2      | 55.5507    | 56.4000    | 21.9540    | 25.3500   
3      | 58.3779    | 59.9750    | 18.8546    | 23.2750   
4      | 60.7531    | 63.1750    | 16.0375    | 21.2000   
5      | 62.9777    | 66.3250    | 13.9869    | 19.5250   
6      | 65.1464    | 69.7250    | 11.9810    | 17.7500   
7      | 67.0319    | 72.9000    | 10.2835    | 16.1500   
8      | 48.6629    | 48.7500    | 32.3818    | 31.9000   
9      | 46.3002    | 46.3750    | 36.7510    | 34.3250   

TIME TAKEN = 509.57274 ms
Run 43

 CPU ACCELERATED IMPLEMENTATION
--------------------------------------------------------------

Index  | Call Model | Call Actual | Put Model  | Put Actual
--------------------------------------------------------------
0      | 51.3883    | 51.7000    | 28.5523    | 29.6500   
1      | 53.1439    | 53.6500    | 24.8999    | 27.3750   
2      | 55.5507    | 56.4000    | 21.9540    | 25.3500   
3      | 58.3779    | 59.9750    | 18.8546    | 23.2750   
4      | 60.7531    | 63.1750    | 16.0375    | 21.2000   
5      | 62.9777    | 66.3250    | 13.9869    | 19.5250   
6      | 65.1464    | 69.7250    | 11.9810    | 17.7500   
7      | 67.0319    | 72.9000    | 10.2835    | 16.1500   
8      | 48.6629    | 48.7500    | 32.3818    | 31.9000   
9      | 46.3002    | 46.3750    | 36.7510    | 34.3250   

TIME TAKEN = 509.69550 ms
Run 44

 CPU ACCELERATED IMPLEMENTATION
--------------------------------------------------------------

Index  | Call Model | Call Actual | Put Model  | Put Actual
--------------------------------------------------------------
0      | 51.3883    | 51.7000    | 28.5523    | 29.6500   
1      | 53.1439    | 53.6500    | 24.8999    | 27.3750   
2      | 55.5507    | 56.4000    | 21.9540    | 25.3500   
3      | 58.3779    | 59.9750    | 18.8546    | 23.2750   
4      | 60.7531    | 63.1750    | 16.0375    | 21.2000   
5      | 62.9777    | 66.3250    | 13.9869    | 19.5250   
6      | 65.1464    | 69.7250    | 11.9810    | 17.7500   
7      | 67.0319    | 72.9000    | 10.2835    | 16.1500   
8      | 48.6629    | 48.7500    | 32.3818    | 31.9000   
9      | 46.3002    | 46.3750    | 36.7510    | 34.3250   

TIME TAKEN = 509.25609 ms
Run 45

 CPU ACCELERATED IMPLEMENTATION
--------------------------------------------------------------

Index  | Call Model | Call Actual | Put Model  | Put Actual
--------------------------------------------------------------
0      | 51.3883    | 51.7000    | 28.5523    | 29.6500   
1      | 53.1439    | 53.6500    | 24.8999    | 27.3750   
2      | 55.5507    | 56.4000    | 21.9540    | 25.3500   
3      | 58.3779    | 59.9750    | 18.8546    | 23.2750   
4      | 60.7531    | 63.1750    | 16.0375    | 21.2000   
5      | 62.9777    | 66.3250    | 13.9869    | 19.5250   
6      | 65.1464    | 69.7250    | 11.9810    | 17.7500   
7      | 67.0319    | 72.9000    | 10.2835    | 16.1500   
8      | 48.6629    | 48.7500    | 32.3818    | 31.9000   
9      | 46.3002    | 46.3750    | 36.7510    | 34.3250   

TIME TAKEN = 509.30657 ms
Run 46

 CPU ACCELERATED IMPLEMENTATION
--------------------------------------------------------------

Index  | Call Model | Call Actual | Put Model  | Put Actual
--------------------------------------------------------------
0      | 51.3883    | 51.7000    | 28.5523    | 29.6500   
1      | 53.1439    | 53.6500    | 24.8999    | 27.3750   
2      | 55.5507    | 56.4000    | 21.9540    | 25.3500   
3      | 58.3779    | 59.9750    | 18.8546    | 23.2750   
4      | 60.7531    | 63.1750    | 16.0375    | 21.2000   
5      | 62.9777    | 66.3250    | 13.9869    | 19.5250   
6      | 65.1464    | 69.7250    | 11.9810    | 17.7500   
7      | 67.0319    | 72.9000    | 10.2835    | 16.1500   
8      | 48.6629    | 48.7500    | 32.3818    | 31.9000   
9      | 46.3002    | 46.3750    | 36.7510    | 34.3250   

TIME TAKEN = 509.49581 ms
Run 47

 CPU ACCELERATED IMPLEMENTATION
--------------------------------------------------------------

Index  | Call Model | Call Actual | Put Model  | Put Actual
--------------------------------------------------------------
0      | 51.3883    | 51.7000    | 28.5523    | 29.6500   
1      | 53.1439    | 53.6500    | 24.8999    | 27.3750   
2      | 55.5507    | 56.4000    | 21.9540    | 25.3500   
3      | 58.3779    | 59.9750    | 18.8546    | 23.2750   
4      | 60.7531    | 63.1750    | 16.0375    | 21.2000   
5      | 62.9777    | 66.3250    | 13.9869    | 19.5250   
6      | 65.1464    | 69.7250    | 11.9810    | 17.7500   
7      | 67.0319    | 72.9000    | 10.2835    | 16.1500   
8      | 48.6629    | 48.7500    | 32.3818    | 31.9000   
9      | 46.3002    | 46.3750    | 36.7510    | 34.3250   

TIME TAKEN = 509.45653 ms
Run 48

 CPU ACCELERATED IMPLEMENTATION
--------------------------------------------------------------

Index  | Call Model | Call Actual | Put Model  | Put Actual
--------------------------------------------------------------
0      | 51.3883    | 51.7000    | 28.5523    | 29.6500   
1      | 53.1439    | 53.6500    | 24.8999    | 27.3750   
2      | 55.5507    | 56.4000    | 21.9540    | 25.3500   
3      | 58.3779    | 59.9750    | 18.8546    | 23.2750   
4      | 60.7531    | 63.1750    | 16.0375    | 21.2000   
5      | 62.9777    | 66.3250    | 13.9869    | 19.5250   
6      | 65.1464    | 69.7250    | 11.9810    | 17.7500   
7      | 67.0319    | 72.9000    | 10.2835    | 16.1500   
8      | 48.6629    | 48.7500    | 32.3818    | 31.9000   
9      | 46.3002    | 46.3750    | 36.7510    | 34.3250   

TIME TAKEN = 509.61041 ms
Run 49

 CPU ACCELERATED IMPLEMENTATION
--------------------------------------------------------------

Index  | Call Model | Call Actual | Put Model  | Put Actual
--------------------------------------------------------------
0      | 51.3883    | 51.7000    | 28.5523    | 29.6500   
1      | 53.1439    | 53.6500    | 24.8999    | 27.3750   
2      | 55.5507    | 56.4000    | 21.9540    | 25.3500   
3      | 58.3779    | 59.9750    | 18.8546    | 23.2750   
4      | 60.7531    | 63.1750    | 16.0375    | 21.2000   
5      | 62.9777    | 66.3250    | 13.9869    | 19.5250   
6      | 65.1464    | 69.7250    | 11.9810    | 17.7500   
7      | 67.0319    | 72.9000    | 10.2835    | 16.1500   
8      | 48.6629    | 48.7500    | 32.3818    | 31.9000   
9      | 46.3002    | 46.3750    | 36.7510    | 34.3250   

TIME TAKEN = 509.10105 ms
Run 50

 CPU ACCELERATED IMPLEMENTATION
--------------------------------------------------------------

Index  | Call Model | Call Actual | Put Model  | Put Actual
--------------------------------------------------------------
0      | 51.3883    | 51.7000    | 28.5523    | 29.6500   
1      | 53.1439    | 53.6500    | 24.8999    | 27.3750   
2      | 55.5507    | 56.4000    | 21.9540    | 25.3500   
3      | 58.3779    | 59.9750    | 18.8546    | 23.2750   
4      | 60.7531    | 63.1750    | 16.0375    | 21.2000   
5      | 62.9777    | 66.3250    | 13.9869    | 19.5250   
6      | 65.1464    | 69.7250    | 11.9810    | 17.7500   
7      | 67.0319    | 72.9000    | 10.2835    | 16.1500   
8      | 48.6629    | 48.7500    | 32.3818    | 31.9000   
9      | 46.3002    | 46.3750    | 36.7510    | 34.3250   

TIME TAKEN = 509.32889 ms
Run 51

 CPU ACCELERATED IMPLEMENTATION
--------------------------------------------------------------

Index  | Call Model | Call Actual | Put Model  | Put Actual
--------------------------------------------------------------
0      | 51.3883    | 51.7000    | 28.5523    | 29.6500   
1      | 53.1439    | 53.6500    | 24.8999    | 27.3750   
2      | 55.5507    | 56.4000    | 21.9540    | 25.3500   
3      | 58.3779    | 59.9750    | 18.8546    | 23.2750   
4      | 60.7531    | 63.1750    | 16.0375    | 21.2000   
5      | 62.9777    | 66.3250    | 13.9869    | 19.5250   
6      | 65.1464    | 69.7250    | 11.9810    | 17.7500   
7      | 67.0319    | 72.9000    | 10.2835    | 16.1500   
8      | 48.6629    | 48.7500    | 32.3818    | 31.9000   
9      | 46.3002    | 46.3750    | 36.7510    | 34.3250   

TIME TAKEN = 509.27706 ms
Run 52

 CPU ACCELERATED IMPLEMENTATION
--------------------------------------------------------------

Index  | Call Model | Call Actual | Put Model  | Put Actual
--------------------------------------------------------------
0      | 51.3883    | 51.7000    | 28.5523    | 29.6500   
1      | 53.1439    | 53.6500    | 24.8999    | 27.3750   
2      | 55.5507    | 56.4000    | 21.9540    | 25.3500   
3      | 58.3779    | 59.9750    | 18.8546    | 23.2750   
4      | 60.7531    | 63.1750    | 16.0375    | 21.2000   
5      | 62.9777    | 66.3250    | 13.9869    | 19.5250   
6      | 65.1464    | 69.7250    | 11.9810    | 17.7500   
7      | 67.0319    | 72.9000    | 10.2835    | 16.1500   
8      | 48.6629    | 48.7500    | 32.3818    | 31.9000   
9      | 46.3002    | 46.3750    | 36.7510    | 34.3250   

TIME TAKEN = 510.26876 ms
Run 53

 CPU ACCELERATED IMPLEMENTATION
--------------------------------------------------------------

Index  | Call Model | Call Actual | Put Model  | Put Actual
--------------------------------------------------------------
0      | 51.3883    | 51.7000    | 28.5523    | 29.6500   
1      | 53.1439    | 53.6500    | 24.8999    | 27.3750   
2      | 55.5507    | 56.4000    | 21.9540    | 25.3500   
3      | 58.3779    | 59.9750    | 18.8546    | 23.2750   
4      | 60.7531    | 63.1750    | 16.0375    | 21.2000   
5      | 62.9777    | 66.3250    | 13.9869    | 19.5250   
6      | 65.1464    | 69.7250    | 11.9810    | 17.7500   
7      | 67.0319    | 72.9000    | 10.2835    | 16.1500   
8      | 48.6629    | 48.7500    | 32.3818    | 31.9000   
9      | 46.3002    | 46.3750    | 36.7510    | 34.3250   

TIME TAKEN = 509.17428 ms
Run 54

 CPU ACCELERATED IMPLEMENTATION
--------------------------------------------------------------

Index  | Call Model | Call Actual | Put Model  | Put Actual
--------------------------------------------------------------
0      | 51.3883    | 51.7000    | 28.5523    | 29.6500   
1      | 53.1439    | 53.6500    | 24.8999    | 27.3750   
2      | 55.5507    | 56.4000    | 21.9540    | 25.3500   
3      | 58.3779    | 59.9750    | 18.8546    | 23.2750   
4      | 60.7531    | 63.1750    | 16.0375    | 21.2000   
5      | 62.9777    | 66.3250    | 13.9869    | 19.5250   
6      | 65.1464    | 69.7250    | 11.9810    | 17.7500   
7      | 67.0319    | 72.9000    | 10.2835    | 16.1500   
8      | 48.6629    | 48.7500    | 32.3818    | 31.9000   
9      | 46.3002    | 46.3750    | 36.7510    | 34.3250   

TIME TAKEN = 509.86406 ms
Run 55

 CPU ACCELERATED IMPLEMENTATION
--------------------------------------------------------------

Index  | Call Model | Call Actual | Put Model  | Put Actual
--------------------------------------------------------------
0      | 51.3883    | 51.7000    | 28.5523    | 29.6500   
1      | 53.1439    | 53.6500    | 24.8999    | 27.3750   
2      | 55.5507    | 56.4000    | 21.9540    | 25.3500   
3      | 58.3779    | 59.9750    | 18.8546    | 23.2750   
4      | 60.7531    | 63.1750    | 16.0375    | 21.2000   
5      | 62.9777    | 66.3250    | 13.9869    | 19.5250   
6      | 65.1464    | 69.7250    | 11.9810    | 17.7500   
7      | 67.0319    | 72.9000    | 10.2835    | 16.1500   
8      | 48.6629    | 48.7500    | 32.3818    | 31.9000   
9      | 46.3002    | 46.3750    | 36.7510    | 34.3250   

TIME TAKEN = 508.74862 ms
Run 56

 CPU ACCELERATED IMPLEMENTATION
--------------------------------------------------------------

Index  | Call Model | Call Actual | Put Model  | Put Actual
--------------------------------------------------------------
0      | 51.3883    | 51.7000    | 28.5523    | 29.6500   
1      | 53.1439    | 53.6500    | 24.8999    | 27.3750   
2      | 55.5507    | 56.4000    | 21.9540    | 25.3500   
3      | 58.3779    | 59.9750    | 18.8546    | 23.2750   
4      | 60.7531    | 63.1750    | 16.0375    | 21.2000   
5      | 62.9777    | 66.3250    | 13.9869    | 19.5250   
6      | 65.1464    | 69.7250    | 11.9810    | 17.7500   
7      | 67.0319    | 72.9000    | 10.2835    | 16.1500   
8      | 48.6629    | 48.7500    | 32.3818    | 31.9000   
9      | 46.3002    | 46.3750    | 36.7510    | 34.3250   

TIME TAKEN = 509.86172 ms
Run 57

 CPU ACCELERATED IMPLEMENTATION
--------------------------------------------------------------

Index  | Call Model | Call Actual | Put Model  | Put Actual
--------------------------------------------------------------
0      | 51.3883    | 51.7000    | 28.5523    | 29.6500   
1      | 53.1439    | 53.6500    | 24.8999    | 27.3750   
2      | 55.5507    | 56.4000    | 21.9540    | 25.3500   
3      | 58.3779    | 59.9750    | 18.8546    | 23.2750   
4      | 60.7531    | 63.1750    | 16.0375    | 21.2000   
5      | 62.9777    | 66.3250    | 13.9869    | 19.5250   
6      | 65.1464    | 69.7250    | 11.9810    | 17.7500   
7      | 67.0319    | 72.9000    | 10.2835    | 16.1500   
8      | 48.6629    | 48.7500    | 32.3818    | 31.9000   
9      | 46.3002    | 46.3750    | 36.7510    | 34.3250   

TIME TAKEN = 509.80995 ms
Run 58

 CPU ACCELERATED IMPLEMENTATION
--------------------------------------------------------------

Index  | Call Model | Call Actual | Put Model  | Put Actual
--------------------------------------------------------------
0      | 51.3883    | 51.7000    | 28.5523    | 29.6500   
1      | 53.1439    | 53.6500    | 24.8999    | 27.3750   
2      | 55.5507    | 56.4000    | 21.9540    | 25.3500   
3      | 58.3779    | 59.9750    | 18.8546    | 23.2750   
4      | 60.7531    | 63.1750    | 16.0375    | 21.2000   
5      | 62.9777    | 66.3250    | 13.9869    | 19.5250   
6      | 65.1464    | 69.7250    | 11.9810    | 17.7500   
7      | 67.0319    | 72.9000    | 10.2835    | 16.1500   
8      | 48.6629    | 48.7500    | 32.3818    | 31.9000   
9      | 46.3002    | 46.3750    | 36.7510    | 34.3250   

TIME TAKEN = 509.97192 ms
Run 59

 CPU ACCELERATED IMPLEMENTATION
--------------------------------------------------------------

Index  | Call Model | Call Actual | Put Model  | Put Actual
--------------------------------------------------------------
0      | 51.3883    | 51.7000    | 28.5523    | 29.6500   
1      | 53.1439    | 53.6500    | 24.8999    | 27.3750   
2      | 55.5507    | 56.4000    | 21.9540    | 25.3500   
3      | 58.3779    | 59.9750    | 18.8546    | 23.2750   
4      | 60.7531    | 63.1750    | 16.0375    | 21.2000   
5      | 62.9777    | 66.3250    | 13.9869    | 19.5250   
6      | 65.1464    | 69.7250    | 11.9810    | 17.7500   
7      | 67.0319    | 72.9000    | 10.2835    | 16.1500   
8      | 48.6629    | 48.7500    | 32.3818    | 31.9000   
9      | 46.3002    | 46.3750    | 36.7510    | 34.3250   

TIME TAKEN = 509.55957 ms
Run 60

 CPU ACCELERATED IMPLEMENTATION
--------------------------------------------------------------

Index  | Call Model | Call Actual | Put Model  | Put Actual
--------------------------------------------------------------
0      | 51.3883    | 51.7000    | 28.5523    | 29.6500   
1      | 53.1439    | 53.6500    | 24.8999    | 27.3750   
2      | 55.5507    | 56.4000    | 21.9540    | 25.3500   
3      | 58.3779    | 59.9750    | 18.8546    | 23.2750   
4      | 60.7531    | 63.1750    | 16.0375    | 21.2000   
5      | 62.9777    | 66.3250    | 13.9869    | 19.5250   
6      | 65.1464    | 69.7250    | 11.9810    | 17.7500   
7      | 67.0319    | 72.9000    | 10.2835    | 16.1500   
8      | 48.6629    | 48.7500    | 32.3818    | 31.9000   
9      | 46.3002    | 46.3750    | 36.7510    | 34.3250   

TIME TAKEN = 559.56764 ms
Run 61

 CPU ACCELERATED IMPLEMENTATION
--------------------------------------------------------------

Index  | Call Model | Call Actual | Put Model  | Put Actual
--------------------------------------------------------------
0      | 51.3883    | 51.7000    | 28.5523    | 29.6500   
1      | 53.1439    | 53.6500    | 24.8999    | 27.3750   
2      | 55.5507    | 56.4000    | 21.9540    | 25.3500   
3      | 58.3779    | 59.9750    | 18.8546    | 23.2750   
4      | 60.7531    | 63.1750    | 16.0375    | 21.2000   
5      | 62.9777    | 66.3250    | 13.9869    | 19.5250   
6      | 65.1464    | 69.7250    | 11.9810    | 17.7500   
7      | 67.0319    | 72.9000    | 10.2835    | 16.1500   
8      | 48.6629    | 48.7500    | 32.3818    | 31.9000   
9      | 46.3002    | 46.3750    | 36.7510    | 34.3250   

TIME TAKEN = 509.61567 ms
Run 62

 CPU ACCELERATED IMPLEMENTATION
--------------------------------------------------------------

Index  | Call Model | Call Actual | Put Model  | Put Actual
--------------------------------------------------------------
0      | 51.3883    | 51.7000    | 28.5523    | 29.6500   
1      | 53.1439    | 53.6500    | 24.8999    | 27.3750   
2      | 55.5507    | 56.4000    | 21.9540    | 25.3500   
3      | 58.3779    | 59.9750    | 18.8546    | 23.2750   
4      | 60.7531    | 63.1750    | 16.0375    | 21.2000   
5      | 62.9777    | 66.3250    | 13.9869    | 19.5250   
6      | 65.1464    | 69.7250    | 11.9810    | 17.7500   
7      | 67.0319    | 72.9000    | 10.2835    | 16.1500   
8      | 48.6629    | 48.7500    | 32.3818    | 31.9000   
9      | 46.3002    | 46.3750    | 36.7510    | 34.3250   

TIME TAKEN = 509.14224 ms
Run 63

 CPU ACCELERATED IMPLEMENTATION
--------------------------------------------------------------

Index  | Call Model | Call Actual | Put Model  | Put Actual
--------------------------------------------------------------
0      | 51.3883    | 51.7000    | 28.5523    | 29.6500   
1      | 53.1439    | 53.6500    | 24.8999    | 27.3750   
2      | 55.5507    | 56.4000    | 21.9540    | 25.3500   
3      | 58.3779    | 59.9750    | 18.8546    | 23.2750   
4      | 60.7531    | 63.1750    | 16.0375    | 21.2000   
5      | 62.9777    | 66.3250    | 13.9869    | 19.5250   
6      | 65.1464    | 69.7250    | 11.9810    | 17.7500   
7      | 67.0319    | 72.9000    | 10.2835    | 16.1500   
8      | 48.6629    | 48.7500    | 32.3818    | 31.9000   
9      | 46.3002    | 46.3750    | 36.7510    | 34.3250   

TIME TAKEN = 510.77350 ms
Run 64

 CPU ACCELERATED IMPLEMENTATION
--------------------------------------------------------------

Index  | Call Model | Call Actual | Put Model  | Put Actual
--------------------------------------------------------------
0      | 51.3883    | 51.7000    | 28.5523    | 29.6500   
1      | 53.1439    | 53.6500    | 24.8999    | 27.3750   
2      | 55.5507    | 56.4000    | 21.9540    | 25.3500   
3      | 58.3779    | 59.9750    | 18.8546    | 23.2750   
4      | 60.7531    | 63.1750    | 16.0375    | 21.2000   
5      | 62.9777    | 66.3250    | 13.9869    | 19.5250   
6      | 65.1464    | 69.7250    | 11.9810    | 17.7500   
7      | 67.0319    | 72.9000    | 10.2835    | 16.1500   
8      | 48.6629    | 48.7500    | 32.3818    | 31.9000   
9      | 46.3002    | 46.3750    | 36.7510    | 34.3250   

TIME TAKEN = 509.56160 ms
Run 65

 CPU ACCELERATED IMPLEMENTATION
--------------------------------------------------------------

Index  | Call Model | Call Actual | Put Model  | Put Actual
--------------------------------------------------------------
0      | 51.3883    | 51.7000    | 28.5523    | 29.6500   
1      | 53.1439    | 53.6500    | 24.8999    | 27.3750   
2      | 55.5507    | 56.4000    | 21.9540    | 25.3500   
3      | 58.3779    | 59.9750    | 18.8546    | 23.2750   
4      | 60.7531    | 63.1750    | 16.0375    | 21.2000   
5      | 62.9777    | 66.3250    | 13.9869    | 19.5250   
6      | 65.1464    | 69.7250    | 11.9810    | 17.7500   
7      | 67.0319    | 72.9000    | 10.2835    | 16.1500   
8      | 48.6629    | 48.7500    | 32.3818    | 31.9000   
9      | 46.3002    | 46.3750    | 36.7510    | 34.3250   

TIME TAKEN = 509.77568 ms
Run 66

 CPU ACCELERATED IMPLEMENTATION
--------------------------------------------------------------

Index  | Call Model | Call Actual | Put Model  | Put Actual
--------------------------------------------------------------
0      | 51.3883    | 51.7000    | 28.5523    | 29.6500   
1      | 53.1439    | 53.6500    | 24.8999    | 27.3750   
2      | 55.5507    | 56.4000    | 21.9540    | 25.3500   
3      | 58.3779    | 59.9750    | 18.8546    | 23.2750   
4      | 60.7531    | 63.1750    | 16.0375    | 21.2000   
5      | 62.9777    | 66.3250    | 13.9869    | 19.5250   
6      | 65.1464    | 69.7250    | 11.9810    | 17.7500   
7      | 67.0319    | 72.9000    | 10.2835    | 16.1500   
8      | 48.6629    | 48.7500    | 32.3818    | 31.9000   
9      | 46.3002    | 46.3750    | 36.7510    | 34.3250   

TIME TAKEN = 508.69913 ms
Run 67

 CPU ACCELERATED IMPLEMENTATION
--------------------------------------------------------------

Index  | Call Model | Call Actual | Put Model  | Put Actual
--------------------------------------------------------------
0      | 51.3883    | 51.7000    | 28.5523    | 29.6500   
1      | 53.1439    | 53.6500    | 24.8999    | 27.3750   
2      | 55.5507    | 56.4000    | 21.9540    | 25.3500   
3      | 58.3779    | 59.9750    | 18.8546    | 23.2750   
4      | 60.7531    | 63.1750    | 16.0375    | 21.2000   
5      | 62.9777    | 66.3250    | 13.9869    | 19.5250   
6      | 65.1464    | 69.7250    | 11.9810    | 17.7500   
7      | 67.0319    | 72.9000    | 10.2835    | 16.1500   
8      | 48.6629    | 48.7500    | 32.3818    | 31.9000   
9      | 46.3002    | 46.3750    | 36.7510    | 34.3250   

TIME TAKEN = 508.91188 ms
Run 68

 CPU ACCELERATED IMPLEMENTATION
--------------------------------------------------------------

Index  | Call Model | Call Actual | Put Model  | Put Actual
--------------------------------------------------------------
0      | 51.3883    | 51.7000    | 28.5523    | 29.6500   
1      | 53.1439    | 53.6500    | 24.8999    | 27.3750   
2      | 55.5507    | 56.4000    | 21.9540    | 25.3500   
3      | 58.3779    | 59.9750    | 18.8546    | 23.2750   
4      | 60.7531    | 63.1750    | 16.0375    | 21.2000   
5      | 62.9777    | 66.3250    | 13.9869    | 19.5250   
6      | 65.1464    | 69.7250    | 11.9810    | 17.7500   
7      | 67.0319    | 72.9000    | 10.2835    | 16.1500   
8      | 48.6629    | 48.7500    | 32.3818    | 31.9000   
9      | 46.3002    | 46.3750    | 36.7510    | 34.3250   

TIME TAKEN = 510.46065 ms
Run 69

 CPU ACCELERATED IMPLEMENTATION
--------------------------------------------------------------

Index  | Call Model | Call Actual | Put Model  | Put Actual
--------------------------------------------------------------
0      | 51.3883    | 51.7000    | 28.5523    | 29.6500   
1      | 53.1439    | 53.6500    | 24.8999    | 27.3750   
2      | 55.5507    | 56.4000    | 21.9540    | 25.3500   
3      | 58.3779    | 59.9750    | 18.8546    | 23.2750   
4      | 60.7531    | 63.1750    | 16.0375    | 21.2000   
5      | 62.9777    | 66.3250    | 13.9869    | 19.5250   
6      | 65.1464    | 69.7250    | 11.9810    | 17.7500   
7      | 67.0319    | 72.9000    | 10.2835    | 16.1500   
8      | 48.6629    | 48.7500    | 32.3818    | 31.9000   
9      | 46.3002    | 46.3750    | 36.7510    | 34.3250   

TIME TAKEN = 509.57277 ms
Run 70

 CPU ACCELERATED IMPLEMENTATION
--------------------------------------------------------------

Index  | Call Model | Call Actual | Put Model  | Put Actual
--------------------------------------------------------------
0      | 51.3883    | 51.7000    | 28.5523    | 29.6500   
1      | 53.1439    | 53.6500    | 24.8999    | 27.3750   
2      | 55.5507    | 56.4000    | 21.9540    | 25.3500   
3      | 58.3779    | 59.9750    | 18.8546    | 23.2750   
4      | 60.7531    | 63.1750    | 16.0375    | 21.2000   
5      | 62.9777    | 66.3250    | 13.9869    | 19.5250   
6      | 65.1464    | 69.7250    | 11.9810    | 17.7500   
7      | 67.0319    | 72.9000    | 10.2835    | 16.1500   
8      | 48.6629    | 48.7500    | 32.3818    | 31.9000   
9      | 46.3002    | 46.3750    | 36.7510    | 34.3250   

TIME TAKEN = 508.89403 ms
Run 71

 CPU ACCELERATED IMPLEMENTATION
--------------------------------------------------------------

Index  | Call Model | Call Actual | Put Model  | Put Actual
--------------------------------------------------------------
0      | 51.3883    | 51.7000    | 28.5523    | 29.6500   
1      | 53.1439    | 53.6500    | 24.8999    | 27.3750   
2      | 55.5507    | 56.4000    | 21.9540    | 25.3500   
3      | 58.3779    | 59.9750    | 18.8546    | 23.2750   
4      | 60.7531    | 63.1750    | 16.0375    | 21.2000   
5      | 62.9777    | 66.3250    | 13.9869    | 19.5250   
6      | 65.1464    | 69.7250    | 11.9810    | 17.7500   
7      | 67.0319    | 72.9000    | 10.2835    | 16.1500   
8      | 48.6629    | 48.7500    | 32.3818    | 31.9000   
9      | 46.3002    | 46.3750    | 36.7510    | 34.3250   

TIME TAKEN = 509.70602 ms
Run 72

 CPU ACCELERATED IMPLEMENTATION
--------------------------------------------------------------

Index  | Call Model | Call Actual | Put Model  | Put Actual
--------------------------------------------------------------
0      | 51.3883    | 51.7000    | 28.5523    | 29.6500   
1      | 53.1439    | 53.6500    | 24.8999    | 27.3750   
2      | 55.5507    | 56.4000    | 21.9540    | 25.3500   
3      | 58.3779    | 59.9750    | 18.8546    | 23.2750   
4      | 60.7531    | 63.1750    | 16.0375    | 21.2000   
5      | 62.9777    | 66.3250    | 13.9869    | 19.5250   
6      | 65.1464    | 69.7250    | 11.9810    | 17.7500   
7      | 67.0319    | 72.9000    | 10.2835    | 16.1500   
8      | 48.6629    | 48.7500    | 32.3818    | 31.9000   
9      | 46.3002    | 46.3750    | 36.7510    | 34.3250   

TIME TAKEN = 510.86808 ms
Run 73

 CPU ACCELERATED IMPLEMENTATION
--------------------------------------------------------------

Index  | Call Model | Call Actual | Put Model  | Put Actual
--------------------------------------------------------------
0      | 51.3883    | 51.7000    | 28.5523    | 29.6500   
1      | 53.1439    | 53.6500    | 24.8999    | 27.3750   
2      | 55.5507    | 56.4000    | 21.9540    | 25.3500   
3      | 58.3779    | 59.9750    | 18.8546    | 23.2750   
4      | 60.7531    | 63.1750    | 16.0375    | 21.2000   
5      | 62.9777    | 66.3250    | 13.9869    | 19.5250   
6      | 65.1464    | 69.7250    | 11.9810    | 17.7500   
7      | 67.0319    | 72.9000    | 10.2835    | 16.1500   
8      | 48.6629    | 48.7500    | 32.3818    | 31.9000   
9      | 46.3002    | 46.3750    | 36.7510    | 34.3250   

TIME TAKEN = 509.00006 ms
Run 74

 CPU ACCELERATED IMPLEMENTATION
--------------------------------------------------------------

Index  | Call Model | Call Actual | Put Model  | Put Actual
--------------------------------------------------------------
0      | 51.3883    | 51.7000    | 28.5523    | 29.6500   
1      | 53.1439    | 53.6500    | 24.8999    | 27.3750   
2      | 55.5507    | 56.4000    | 21.9540    | 25.3500   
3      | 58.3779    | 59.9750    | 18.8546    | 23.2750   
4      | 60.7531    | 63.1750    | 16.0375    | 21.2000   
5      | 62.9777    | 66.3250    | 13.9869    | 19.5250   
6      | 65.1464    | 69.7250    | 11.9810    | 17.7500   
7      | 67.0319    | 72.9000    | 10.2835    | 16.1500   
8      | 48.6629    | 48.7500    | 32.3818    | 31.9000   
9      | 46.3002    | 46.3750    | 36.7510    | 34.3250   

TIME TAKEN = 509.17109 ms
Run 75

 CPU ACCELERATED IMPLEMENTATION
--------------------------------------------------------------

Index  | Call Model | Call Actual | Put Model  | Put Actual
--------------------------------------------------------------
0      | 51.3883    | 51.7000    | 28.5523    | 29.6500   
1      | 53.1439    | 53.6500    | 24.8999    | 27.3750   
2      | 55.5507    | 56.4000    | 21.9540    | 25.3500   
3      | 58.3779    | 59.9750    | 18.8546    | 23.2750   
4      | 60.7531    | 63.1750    | 16.0375    | 21.2000   
5      | 62.9777    | 66.3250    | 13.9869    | 19.5250   
6      | 65.1464    | 69.7250    | 11.9810    | 17.7500   
7      | 67.0319    | 72.9000    | 10.2835    | 16.1500   
8      | 48.6629    | 48.7500    | 32.3818    | 31.9000   
9      | 46.3002    | 46.3750    | 36.7510    | 34.3250   

TIME TAKEN = 509.85717 ms
Run 76

 CPU ACCELERATED IMPLEMENTATION
--------------------------------------------------------------

Index  | Call Model | Call Actual | Put Model  | Put Actual
--------------------------------------------------------------
0      | 51.3883    | 51.7000    | 28.5523    | 29.6500   
1      | 53.1439    | 53.6500    | 24.8999    | 27.3750   
2      | 55.5507    | 56.4000    | 21.9540    | 25.3500   
3      | 58.3779    | 59.9750    | 18.8546    | 23.2750   
4      | 60.7531    | 63.1750    | 16.0375    | 21.2000   
5      | 62.9777    | 66.3250    | 13.9869    | 19.5250   
6      | 65.1464    | 69.7250    | 11.9810    | 17.7500   
7      | 67.0319    | 72.9000    | 10.2835    | 16.1500   
8      | 48.6629    | 48.7500    | 32.3818    | 31.9000   
9      | 46.3002    | 46.3750    | 36.7510    | 34.3250   

TIME TAKEN = 509.05927 ms
Run 77

 CPU ACCELERATED IMPLEMENTATION
--------------------------------------------------------------

Index  | Call Model | Call Actual | Put Model  | Put Actual
--------------------------------------------------------------
0      | 51.3883    | 51.7000    | 28.5523    | 29.6500   
1      | 53.1439    | 53.6500    | 24.8999    | 27.3750   
2      | 55.5507    | 56.4000    | 21.9540    | 25.3500   
3      | 58.3779    | 59.9750    | 18.8546    | 23.2750   
4      | 60.7531    | 63.1750    | 16.0375    | 21.2000   
5      | 62.9777    | 66.3250    | 13.9869    | 19.5250   
6      | 65.1464    | 69.7250    | 11.9810    | 17.7500   
7      | 67.0319    | 72.9000    | 10.2835    | 16.1500   
8      | 48.6629    | 48.7500    | 32.3818    | 31.9000   
9      | 46.3002    | 46.3750    | 36.7510    | 34.3250   

TIME TAKEN = 508.69598 ms
Run 78

 CPU ACCELERATED IMPLEMENTATION
--------------------------------------------------------------

Index  | Call Model | Call Actual | Put Model  | Put Actual
--------------------------------------------------------------
0      | 51.3883    | 51.7000    | 28.5523    | 29.6500   
1      | 53.1439    | 53.6500    | 24.8999    | 27.3750   
2      | 55.5507    | 56.4000    | 21.9540    | 25.3500   
3      | 58.3779    | 59.9750    | 18.8546    | 23.2750   
4      | 60.7531    | 63.1750    | 16.0375    | 21.2000   
5      | 62.9777    | 66.3250    | 13.9869    | 19.5250   
6      | 65.1464    | 69.7250    | 11.9810    | 17.7500   
7      | 67.0319    | 72.9000    | 10.2835    | 16.1500   
8      | 48.6629    | 48.7500    | 32.3818    | 31.9000   
9      | 46.3002    | 46.3750    | 36.7510    | 34.3250   

TIME TAKEN = 509.63113 ms
Run 79

 CPU ACCELERATED IMPLEMENTATION
--------------------------------------------------------------

Index  | Call Model | Call Actual | Put Model  | Put Actual
--------------------------------------------------------------
0      | 51.3883    | 51.7000    | 28.5523    | 29.6500   
1      | 53.1439    | 53.6500    | 24.8999    | 27.3750   
2      | 55.5507    | 56.4000    | 21.9540    | 25.3500   
3      | 58.3779    | 59.9750    | 18.8546    | 23.2750   
4      | 60.7531    | 63.1750    | 16.0375    | 21.2000   
5      | 62.9777    | 66.3250    | 13.9869    | 19.5250   
6      | 65.1464    | 69.7250    | 11.9810    | 17.7500   
7      | 67.0319    | 72.9000    | 10.2835    | 16.1500   
8      | 48.6629    | 48.7500    | 32.3818    | 31.9000   
9      | 46.3002    | 46.3750    | 36.7510    | 34.3250   

TIME TAKEN = 509.48604 ms
Run 80

 CPU ACCELERATED IMPLEMENTATION
--------------------------------------------------------------

Index  | Call Model | Call Actual | Put Model  | Put Actual
--------------------------------------------------------------
0      | 51.3883    | 51.7000    | 28.5523    | 29.6500   
1      | 53.1439    | 53.6500    | 24.8999    | 27.3750   
2      | 55.5507    | 56.4000    | 21.9540    | 25.3500   
3      | 58.3779    | 59.9750    | 18.8546    | 23.2750   
4      | 60.7531    | 63.1750    | 16.0375    | 21.2000   
5      | 62.9777    | 66.3250    | 13.9869    | 19.5250   
6      | 65.1464    | 69.7250    | 11.9810    | 17.7500   
7      | 67.0319    | 72.9000    | 10.2835    | 16.1500   
8      | 48.6629    | 48.7500    | 32.3818    | 31.9000   
9      | 46.3002    | 46.3750    | 36.7510    | 34.3250   

TIME TAKEN = 509.19288 ms
Run 81

 CPU ACCELERATED IMPLEMENTATION
--------------------------------------------------------------

Index  | Call Model | Call Actual | Put Model  | Put Actual
--------------------------------------------------------------
0      | 51.3883    | 51.7000    | 28.5523    | 29.6500   
1      | 53.1439    | 53.6500    | 24.8999    | 27.3750   
2      | 55.5507    | 56.4000    | 21.9540    | 25.3500   
3      | 58.3779    | 59.9750    | 18.8546    | 23.2750   
4      | 60.7531    | 63.1750    | 16.0375    | 21.2000   
5      | 62.9777    | 66.3250    | 13.9869    | 19.5250   
6      | 65.1464    | 69.7250    | 11.9810    | 17.7500   
7      | 67.0319    | 72.9000    | 10.2835    | 16.1500   
8      | 48.6629    | 48.7500    | 32.3818    | 31.9000   
9      | 46.3002    | 46.3750    | 36.7510    | 34.3250   

TIME TAKEN = 509.10265 ms
Run 82

 CPU ACCELERATED IMPLEMENTATION
--------------------------------------------------------------

Index  | Call Model | Call Actual | Put Model  | Put Actual
--------------------------------------------------------------
0      | 51.3883    | 51.7000    | 28.5523    | 29.6500   
1      | 53.1439    | 53.6500    | 24.8999    | 27.3750   
2      | 55.5507    | 56.4000    | 21.9540    | 25.3500   
3      | 58.3779    | 59.9750    | 18.8546    | 23.2750   
4      | 60.7531    | 63.1750    | 16.0375    | 21.2000   
5      | 62.9777    | 66.3250    | 13.9869    | 19.5250   
6      | 65.1464    | 69.7250    | 11.9810    | 17.7500   
7      | 67.0319    | 72.9000    | 10.2835    | 16.1500   
8      | 48.6629    | 48.7500    | 32.3818    | 31.9000   
9      | 46.3002    | 46.3750    | 36.7510    | 34.3250   

TIME TAKEN = 509.32775 ms
Run 83

 CPU ACCELERATED IMPLEMENTATION
--------------------------------------------------------------

Index  | Call Model | Call Actual | Put Model  | Put Actual
--------------------------------------------------------------
0      | 51.3883    | 51.7000    | 28.5523    | 29.6500   
1      | 53.1439    | 53.6500    | 24.8999    | 27.3750   
2      | 55.5507    | 56.4000    | 21.9540    | 25.3500   
3      | 58.3779    | 59.9750    | 18.8546    | 23.2750   
4      | 60.7531    | 63.1750    | 16.0375    | 21.2000   
5      | 62.9777    | 66.3250    | 13.9869    | 19.5250   
6      | 65.1464    | 69.7250    | 11.9810    | 17.7500   
7      | 67.0319    | 72.9000    | 10.2835    | 16.1500   
8      | 48.6629    | 48.7500    | 32.3818    | 31.9000   
9      | 46.3002    | 46.3750    | 36.7510    | 34.3250   

TIME TAKEN = 509.40424 ms
Run 84

 CPU ACCELERATED IMPLEMENTATION
--------------------------------------------------------------

Index  | Call Model | Call Actual | Put Model  | Put Actual
--------------------------------------------------------------
0      | 51.3883    | 51.7000    | 28.5523    | 29.6500   
1      | 53.1439    | 53.6500    | 24.8999    | 27.3750   
2      | 55.5507    | 56.4000    | 21.9540    | 25.3500   
3      | 58.3779    | 59.9750    | 18.8546    | 23.2750   
4      | 60.7531    | 63.1750    | 16.0375    | 21.2000   
5      | 62.9777    | 66.3250    | 13.9869    | 19.5250   
6      | 65.1464    | 69.7250    | 11.9810    | 17.7500   
7      | 67.0319    | 72.9000    | 10.2835    | 16.1500   
8      | 48.6629    | 48.7500    | 32.3818    | 31.9000   
9      | 46.3002    | 46.3750    | 36.7510    | 34.3250   

TIME TAKEN = 509.20236 ms
Run 85

 CPU ACCELERATED IMPLEMENTATION
--------------------------------------------------------------

Index  | Call Model | Call Actual | Put Model  | Put Actual
--------------------------------------------------------------
0      | 51.3883    | 51.7000    | 28.5523    | 29.6500   
1      | 53.1439    | 53.6500    | 24.8999    | 27.3750   
2      | 55.5507    | 56.4000    | 21.9540    | 25.3500   
3      | 58.3779    | 59.9750    | 18.8546    | 23.2750   
4      | 60.7531    | 63.1750    | 16.0375    | 21.2000   
5      | 62.9777    | 66.3250    | 13.9869    | 19.5250   
6      | 65.1464    | 69.7250    | 11.9810    | 17.7500   
7      | 67.0319    | 72.9000    | 10.2835    | 16.1500   
8      | 48.6629    | 48.7500    | 32.3818    | 31.9000   
9      | 46.3002    | 46.3750    | 36.7510    | 34.3250   

TIME TAKEN = 509.61529 ms
Run 86

 CPU ACCELERATED IMPLEMENTATION
--------------------------------------------------------------

Index  | Call Model | Call Actual | Put Model  | Put Actual
--------------------------------------------------------------
0      | 51.3883    | 51.7000    | 28.5523    | 29.6500   
1      | 53.1439    | 53.6500    | 24.8999    | 27.3750   
2      | 55.5507    | 56.4000    | 21.9540    | 25.3500   
3      | 58.3779    | 59.9750    | 18.8546    | 23.2750   
4      | 60.7531    | 63.1750    | 16.0375    | 21.2000   
5      | 62.9777    | 66.3250    | 13.9869    | 19.5250   
6      | 65.1464    | 69.7250    | 11.9810    | 17.7500   
7      | 67.0319    | 72.9000    | 10.2835    | 16.1500   
8      | 48.6629    | 48.7500    | 32.3818    | 31.9000   
9      | 46.3002    | 46.3750    | 36.7510    | 34.3250   

TIME TAKEN = 509.16249 ms
Run 87

 CPU ACCELERATED IMPLEMENTATION
--------------------------------------------------------------

Index  | Call Model | Call Actual | Put Model  | Put Actual
--------------------------------------------------------------
0      | 51.3883    | 51.7000    | 28.5523    | 29.6500   
1      | 53.1439    | 53.6500    | 24.8999    | 27.3750   
2      | 55.5507    | 56.4000    | 21.9540    | 25.3500   
3      | 58.3779    | 59.9750    | 18.8546    | 23.2750   
4      | 60.7531    | 63.1750    | 16.0375    | 21.2000   
5      | 62.9777    | 66.3250    | 13.9869    | 19.5250   
6      | 65.1464    | 69.7250    | 11.9810    | 17.7500   
7      | 67.0319    | 72.9000    | 10.2835    | 16.1500   
8      | 48.6629    | 48.7500    | 32.3818    | 31.9000   
9      | 46.3002    | 46.3750    | 36.7510    | 34.3250   

TIME TAKEN = 509.40873 ms
Run 88

 CPU ACCELERATED IMPLEMENTATION
--------------------------------------------------------------

Index  | Call Model | Call Actual | Put Model  | Put Actual
--------------------------------------------------------------
0      | 51.3883    | 51.7000    | 28.5523    | 29.6500   
1      | 53.1439    | 53.6500    | 24.8999    | 27.3750   
2      | 55.5507    | 56.4000    | 21.9540    | 25.3500   
3      | 58.3779    | 59.9750    | 18.8546    | 23.2750   
4      | 60.7531    | 63.1750    | 16.0375    | 21.2000   
5      | 62.9777    | 66.3250    | 13.9869    | 19.5250   
6      | 65.1464    | 69.7250    | 11.9810    | 17.7500   
7      | 67.0319    | 72.9000    | 10.2835    | 16.1500   
8      | 48.6629    | 48.7500    | 32.3818    | 31.9000   
9      | 46.3002    | 46.3750    | 36.7510    | 34.3250   

TIME TAKEN = 508.99982 ms
Run 89

 CPU ACCELERATED IMPLEMENTATION
--------------------------------------------------------------

Index  | Call Model | Call Actual | Put Model  | Put Actual
--------------------------------------------------------------
0      | 51.3883    | 51.7000    | 28.5523    | 29.6500   
1      | 53.1439    | 53.6500    | 24.8999    | 27.3750   
2      | 55.5507    | 56.4000    | 21.9540    | 25.3500   
3      | 58.3779    | 59.9750    | 18.8546    | 23.2750   
4      | 60.7531    | 63.1750    | 16.0375    | 21.2000   
5      | 62.9777    | 66.3250    | 13.9869    | 19.5250   
6      | 65.1464    | 69.7250    | 11.9810    | 17.7500   
7      | 67.0319    | 72.9000    | 10.2835    | 16.1500   
8      | 48.6629    | 48.7500    | 32.3818    | 31.9000   
9      | 46.3002    | 46.3750    | 36.7510    | 34.3250   

TIME TAKEN = 508.76752 ms
Run 90

 CPU ACCELERATED IMPLEMENTATION
--------------------------------------------------------------

Index  | Call Model | Call Actual | Put Model  | Put Actual
--------------------------------------------------------------
0      | 51.3883    | 51.7000    | 28.5523    | 29.6500   
1      | 53.1439    | 53.6500    | 24.8999    | 27.3750   
2      | 55.5507    | 56.4000    | 21.9540    | 25.3500   
3      | 58.3779    | 59.9750    | 18.8546    | 23.2750   
4      | 60.7531    | 63.1750    | 16.0375    | 21.2000   
5      | 62.9777    | 66.3250    | 13.9869    | 19.5250   
6      | 65.1464    | 69.7250    | 11.9810    | 17.7500   
7      | 67.0319    | 72.9000    | 10.2835    | 16.1500   
8      | 48.6629    | 48.7500    | 32.3818    | 31.9000   
9      | 46.3002    | 46.3750    | 36.7510    | 34.3250   

TIME TAKEN = 508.91743 ms
Run 91

 CPU ACCELERATED IMPLEMENTATION
--------------------------------------------------------------

Index  | Call Model | Call Actual | Put Model  | Put Actual
--------------------------------------------------------------
0      | 51.3883    | 51.7000    | 28.5523    | 29.6500   
1      | 53.1439    | 53.6500    | 24.8999    | 27.3750   
2      | 55.5507    | 56.4000    | 21.9540    | 25.3500   
3      | 58.3779    | 59.9750    | 18.8546    | 23.2750   
4      | 60.7531    | 63.1750    | 16.0375    | 21.2000   
5      | 62.9777    | 66.3250    | 13.9869    | 19.5250   
6      | 65.1464    | 69.7250    | 11.9810    | 17.7500   
7      | 67.0319    | 72.9000    | 10.2835    | 16.1500   
8      | 48.6629    | 48.7500    | 32.3818    | 31.9000   
9      | 46.3002    | 46.3750    | 36.7510    | 34.3250   

TIME TAKEN = 509.38731 ms
Run 92

 CPU ACCELERATED IMPLEMENTATION
--------------------------------------------------------------

Index  | Call Model | Call Actual | Put Model  | Put Actual
--------------------------------------------------------------
0      | 51.3883    | 51.7000    | 28.5523    | 29.6500   
1      | 53.1439    | 53.6500    | 24.8999    | 27.3750   
2      | 55.5507    | 56.4000    | 21.9540    | 25.3500   
3      | 58.3779    | 59.9750    | 18.8546    | 23.2750   
4      | 60.7531    | 63.1750    | 16.0375    | 21.2000   
5      | 62.9777    | 66.3250    | 13.9869    | 19.5250   
6      | 65.1464    | 69.7250    | 11.9810    | 17.7500   
7      | 67.0319    | 72.9000    | 10.2835    | 16.1500   
8      | 48.6629    | 48.7500    | 32.3818    | 31.9000   
9      | 46.3002    | 46.3750    | 36.7510    | 34.3250   

TIME TAKEN = 508.97472 ms
Run 93

 CPU ACCELERATED IMPLEMENTATION
--------------------------------------------------------------

Index  | Call Model | Call Actual | Put Model  | Put Actual
--------------------------------------------------------------
0      | 51.3883    | 51.7000    | 28.5523    | 29.6500   
1      | 53.1439    | 53.6500    | 24.8999    | 27.3750   
2      | 55.5507    | 56.4000    | 21.9540    | 25.3500   
3      | 58.3779    | 59.9750    | 18.8546    | 23.2750   
4      | 60.7531    | 63.1750    | 16.0375    | 21.2000   
5      | 62.9777    | 66.3250    | 13.9869    | 19.5250   
6      | 65.1464    | 69.7250    | 11.9810    | 17.7500   
7      | 67.0319    | 72.9000    | 10.2835    | 16.1500   
8      | 48.6629    | 48.7500    | 32.3818    | 31.9000   
9      | 46.3002    | 46.3750    | 36.7510    | 34.3250   

TIME TAKEN = 508.85710 ms
Run 94

 CPU ACCELERATED IMPLEMENTATION
--------------------------------------------------------------

Index  | Call Model | Call Actual | Put Model  | Put Actual
--------------------------------------------------------------
0      | 51.3883    | 51.7000    | 28.5523    | 29.6500   
1      | 53.1439    | 53.6500    | 24.8999    | 27.3750   
2      | 55.5507    | 56.4000    | 21.9540    | 25.3500   
3      | 58.3779    | 59.9750    | 18.8546    | 23.2750   
4      | 60.7531    | 63.1750    | 16.0375    | 21.2000   
5      | 62.9777    | 66.3250    | 13.9869    | 19.5250   
6      | 65.1464    | 69.7250    | 11.9810    | 17.7500   
7      | 67.0319    | 72.9000    | 10.2835    | 16.1500   
8      | 48.6629    | 48.7500    | 32.3818    | 31.9000   
9      | 46.3002    | 46.3750    | 36.7510    | 34.3250   

TIME TAKEN = 509.05085 ms
Run 95

 CPU ACCELERATED IMPLEMENTATION
--------------------------------------------------------------

Index  | Call Model | Call Actual | Put Model  | Put Actual
--------------------------------------------------------------
0      | 51.3883    | 51.7000    | 28.5523    | 29.6500   
1      | 53.1439    | 53.6500    | 24.8999    | 27.3750   
2      | 55.5507    | 56.4000    | 21.9540    | 25.3500   
3      | 58.3779    | 59.9750    | 18.8546    | 23.2750   
4      | 60.7531    | 63.1750    | 16.0375    | 21.2000   
5      | 62.9777    | 66.3250    | 13.9869    | 19.5250   
6      | 65.1464    | 69.7250    | 11.9810    | 17.7500   
7      | 67.0319    | 72.9000    | 10.2835    | 16.1500   
8      | 48.6629    | 48.7500    | 32.3818    | 31.9000   
9      | 46.3002    | 46.3750    | 36.7510    | 34.3250   

TIME TAKEN = 509.36484 ms
Run 96

 CPU ACCELERATED IMPLEMENTATION
--------------------------------------------------------------

Index  | Call Model | Call Actual | Put Model  | Put Actual
--------------------------------------------------------------
0      | 51.3883    | 51.7000    | 28.5523    | 29.6500   
1      | 53.1439    | 53.6500    | 24.8999    | 27.3750   
2      | 55.5507    | 56.4000    | 21.9540    | 25.3500   
3      | 58.3779    | 59.9750    | 18.8546    | 23.2750   
4      | 60.7531    | 63.1750    | 16.0375    | 21.2000   
5      | 62.9777    | 66.3250    | 13.9869    | 19.5250   
6      | 65.1464    | 69.7250    | 11.9810    | 17.7500   
7      | 67.0319    | 72.9000    | 10.2835    | 16.1500   
8      | 48.6629    | 48.7500    | 32.3818    | 31.9000   
9      | 46.3002    | 46.3750    | 36.7510    | 34.3250   

TIME TAKEN = 508.86164 ms
Run 97

 CPU ACCELERATED IMPLEMENTATION
--------------------------------------------------------------

Index  | Call Model | Call Actual | Put Model  | Put Actual
--------------------------------------------------------------
0      | 51.3883    | 51.7000    | 28.5523    | 29.6500   
1      | 53.1439    | 53.6500    | 24.8999    | 27.3750   
2      | 55.5507    | 56.4000    | 21.9540    | 25.3500   
3      | 58.3779    | 59.9750    | 18.8546    | 23.2750   
4      | 60.7531    | 63.1750    | 16.0375    | 21.2000   
5      | 62.9777    | 66.3250    | 13.9869    | 19.5250   
6      | 65.1464    | 69.7250    | 11.9810    | 17.7500   
7      | 67.0319    | 72.9000    | 10.2835    | 16.1500   
8      | 48.6629    | 48.7500    | 32.3818    | 31.9000   
9      | 46.3002    | 46.3750    | 36.7510    | 34.3250   

TIME TAKEN = 508.85383 ms
Run 98

 CPU ACCELERATED IMPLEMENTATION
--------------------------------------------------------------

Index  | Call Model | Call Actual | Put Model  | Put Actual
--------------------------------------------------------------
0      | 51.3883    | 51.7000    | 28.5523    | 29.6500   
1      | 53.1439    | 53.6500    | 24.8999    | 27.3750   
2      | 55.5507    | 56.4000    | 21.9540    | 25.3500   
3      | 58.3779    | 59.9750    | 18.8546    | 23.2750   
4      | 60.7531    | 63.1750    | 16.0375    | 21.2000   
5      | 62.9777    | 66.3250    | 13.9869    | 19.5250   
6      | 65.1464    | 69.7250    | 11.9810    | 17.7500   
7      | 67.0319    | 72.9000    | 10.2835    | 16.1500   
8      | 48.6629    | 48.7500    | 32.3818    | 31.9000   
9      | 46.3002    | 46.3750    | 36.7510    | 34.3250   

TIME TAKEN = 509.56340 ms
Run 99

 CPU ACCELERATED IMPLEMENTATION
--------------------------------------------------------------

Index  | Call Model | Call Actual | Put Model  | Put Actual
--------------------------------------------------------------
0      | 51.3883    | 51.7000    | 28.5523    | 29.6500   
1      | 53.1439    | 53.6500    | 24.8999    | 27.3750   
2      | 55.5507    | 56.4000    | 21.9540    | 25.3500   
3      | 58.3779    | 59.9750    | 18.8546    | 23.2750   
4      | 60.7531    | 63.1750    | 16.0375    | 21.2000   
5      | 62.9777    | 66.3250    | 13.9869    | 19.5250   
6      | 65.1464    | 69.7250    | 11.9810    | 17.7500   
7      | 67.0319    | 72.9000    | 10.2835    | 16.1500   
8      | 48.6629    | 48.7500    | 32.3818    | 31.9000   
9      | 46.3002    | 46.3750    | 36.7510    | 34.3250   

TIME TAKEN = 509.94366 ms
Run 100

 CPU ACCELERATED IMPLEMENTATION
--------------------------------------------------------------

Index  | Call Model | Call Actual | Put Model  | Put Actual
--------------------------------------------------------------
0      | 51.3883    | 51.7000    | 28.5523    | 29.6500   
1      | 53.1439    | 53.6500    | 24.8999    | 27.3750   
2      | 55.5507    | 56.4000    | 21.9540    | 25.3500   
3      | 58.3779    | 59.9750    | 18.8546    | 23.2750   
4      | 60.7531    | 63.1750    | 16.0375    | 21.2000   
5      | 62.9777    | 66.3250    | 13.9869    | 19.5250   
6      | 65.1464    | 69.7250    | 11.9810    | 17.7500   
7      | 67.0319    | 72.9000    | 10.2835    | 16.1500   
8      | 48.6629    | 48.7500    | 32.3818    | 31.9000   
9      | 46.3002    | 46.3750    | 36.7510    | 34.3250   

TIME TAKEN = 509.50354 ms
Benchmarking: bin/black_scholes_cpu_acc
Run 1

 CPU ACCELERATED IMPLEMENTATION
--------------------------------------------------------------

Index  | Call Model | Call Actual | Put Model  | Put Actual
--------------------------------------------------------------
0      | 51.3883    | 51.7000    | 28.5523    | 29.6500   
1      | 53.1439    | 53.6500    | 24.8999    | 27.3750   
2      | 55.5507    | 56.4000    | 21.9540    | 25.3500   
3      | 58.3779    | 59.9750    | 18.8546    | 23.2750   
4      | 60.7531    | 63.1750    | 16.0375    | 21.2000   
5      | 62.9777    | 66.3250    | 13.9869    | 19.5250   
6      | 65.1464    | 69.7250    | 11.9810    | 17.7500   
7      | 67.0319    | 72.9000    | 10.2835    | 16.1500   
8      | 48.6629    | 48.7500    | 32.3818    | 31.9000   
9      | 46.3002    | 46.3750    | 36.7510    | 34.3250   

TIME TAKEN = 627.43276 ms
Run 2

 CPU ACCELERATED IMPLEMENTATION
--------------------------------------------------------------

Index  | Call Model | Call Actual | Put Model  | Put Actual
--------------------------------------------------------------
0      | 51.3883    | 51.7000    | 28.5523    | 29.6500   
1      | 53.1439    | 53.6500    | 24.8999    | 27.3750   
2      | 55.5507    | 56.4000    | 21.9540    | 25.3500   
3      | 58.3779    | 59.9750    | 18.8546    | 23.2750   
4      | 60.7531    | 63.1750    | 16.0375    | 21.2000   
5      | 62.9777    | 66.3250    | 13.9869    | 19.5250   
6      | 65.1464    | 69.7250    | 11.9810    | 17.7500   
7      | 67.0319    | 72.9000    | 10.2835    | 16.1500   
8      | 48.6629    | 48.7500    | 32.3818    | 31.9000   
9      | 46.3002    | 46.3750    | 36.7510    | 34.3250   

TIME TAKEN = 626.39913 ms
Run 3

 CPU ACCELERATED IMPLEMENTATION
--------------------------------------------------------------

Index  | Call Model | Call Actual | Put Model  | Put Actual
--------------------------------------------------------------
0      | 51.3883    | 51.7000    | 28.5523    | 29.6500   
1      | 53.1439    | 53.6500    | 24.8999    | 27.3750   
2      | 55.5507    | 56.4000    | 21.9540    | 25.3500   
3      | 58.3779    | 59.9750    | 18.8546    | 23.2750   
4      | 60.7531    | 63.1750    | 16.0375    | 21.2000   
5      | 62.9777    | 66.3250    | 13.9869    | 19.5250   
6      | 65.1464    | 69.7250    | 11.9810    | 17.7500   
7      | 67.0319    | 72.9000    | 10.2835    | 16.1500   
8      | 48.6629    | 48.7500    | 32.3818    | 31.9000   
9      | 46.3002    | 46.3750    | 36.7510    | 34.3250   

TIME TAKEN = 630.48323 ms
Run 4

 CPU ACCELERATED IMPLEMENTATION
--------------------------------------------------------------

Index  | Call Model | Call Actual | Put Model  | Put Actual
--------------------------------------------------------------
0      | 51.3883    | 51.7000    | 28.5523    | 29.6500   
1      | 53.1439    | 53.6500    | 24.8999    | 27.3750   
2      | 55.5507    | 56.4000    | 21.9540    | 25.3500   
3      | 58.3779    | 59.9750    | 18.8546    | 23.2750   
4      | 60.7531    | 63.1750    | 16.0375    | 21.2000   
5      | 62.9777    | 66.3250    | 13.9869    | 19.5250   
6      | 65.1464    | 69.7250    | 11.9810    | 17.7500   
7      | 67.0319    | 72.9000    | 10.2835    | 16.1500   
8      | 48.6629    | 48.7500    | 32.3818    | 31.9000   
9      | 46.3002    | 46.3750    | 36.7510    | 34.3250   

TIME TAKEN = 629.78811 ms
Run 5

 CPU ACCELERATED IMPLEMENTATION
--------------------------------------------------------------

Index  | Call Model | Call Actual | Put Model  | Put Actual
--------------------------------------------------------------
0      | 51.3883    | 51.7000    | 28.5523    | 29.6500   
1      | 53.1439    | 53.6500    | 24.8999    | 27.3750   
2      | 55.5507    | 56.4000    | 21.9540    | 25.3500   
3      | 58.3779    | 59.9750    | 18.8546    | 23.2750   
4      | 60.7531    | 63.1750    | 16.0375    | 21.2000   
5      | 62.9777    | 66.3250    | 13.9869    | 19.5250   
6      | 65.1464    | 69.7250    | 11.9810    | 17.7500   
7      | 67.0319    | 72.9000    | 10.2835    | 16.1500   
8      | 48.6629    | 48.7500    | 32.3818    | 31.9000   
9      | 46.3002    | 46.3750    | 36.7510    | 34.3250   

TIME TAKEN = 548.35874 ms
Run 6

 CPU ACCELERATED IMPLEMENTATION
--------------------------------------------------------------

Index  | Call Model | Call Actual | Put Model  | Put Actual
--------------------------------------------------------------
0      | 51.3883    | 51.7000    | 28.5523    | 29.6500   
1      | 53.1439    | 53.6500    | 24.8999    | 27.3750   
2      | 55.5507    | 56.4000    | 21.9540    | 25.3500   
3      | 58.3779    | 59.9750    | 18.8546    | 23.2750   
4      | 60.7531    | 63.1750    | 16.0375    | 21.2000   
5      | 62.9777    | 66.3250    | 13.9869    | 19.5250   
6      | 65.1464    | 69.7250    | 11.9810    | 17.7500   
7      | 67.0319    | 72.9000    | 10.2835    | 16.1500   
8      | 48.6629    | 48.7500    | 32.3818    | 31.9000   
9      | 46.3002    | 46.3750    | 36.7510    | 34.3250   

TIME TAKEN = 542.75737 ms
Run 7

 CPU ACCELERATED IMPLEMENTATION
--------------------------------------------------------------

Index  | Call Model | Call Actual | Put Model  | Put Actual
--------------------------------------------------------------
0      | 51.3883    | 51.7000    | 28.5523    | 29.6500   
1      | 53.1439    | 53.6500    | 24.8999    | 27.3750   
2      | 55.5507    | 56.4000    | 21.9540    | 25.3500   
3      | 58.3779    | 59.9750    | 18.8546    | 23.2750   
4      | 60.7531    | 63.1750    | 16.0375    | 21.2000   
5      | 62.9777    | 66.3250    | 13.9869    | 19.5250   
6      | 65.1464    | 69.7250    | 11.9810    | 17.7500   
7      | 67.0319    | 72.9000    | 10.2835    | 16.1500   
8      | 48.6629    | 48.7500    | 32.3818    | 31.9000   
9      | 46.3002    | 46.3750    | 36.7510    | 34.3250   

TIME TAKEN = 575.23183 ms
Run 8

 CPU ACCELERATED IMPLEMENTATION
--------------------------------------------------------------

Index  | Call Model | Call Actual | Put Model  | Put Actual
--------------------------------------------------------------
0      | 51.3883    | 51.7000    | 28.5523    | 29.6500   
1      | 53.1439    | 53.6500    | 24.8999    | 27.3750   
2      | 55.5507    | 56.4000    | 21.9540    | 25.3500   
3      | 58.3779    | 59.9750    | 18.8546    | 23.2750   
4      | 60.7531    | 63.1750    | 16.0375    | 21.2000   
5      | 62.9777    | 66.3250    | 13.9869    | 19.5250   
6      | 65.1464    | 69.7250    | 11.9810    | 17.7500   
7      | 67.0319    | 72.9000    | 10.2835    | 16.1500   
8      | 48.6629    | 48.7500    | 32.3818    | 31.9000   
9      | 46.3002    | 46.3750    | 36.7510    | 34.3250   

TIME TAKEN = 544.65392 ms
Run 9

 CPU ACCELERATED IMPLEMENTATION
--------------------------------------------------------------

Index  | Call Model | Call Actual | Put Model  | Put Actual
--------------------------------------------------------------
0      | 51.3883    | 51.7000    | 28.5523    | 29.6500   
1      | 53.1439    | 53.6500    | 24.8999    | 27.3750   
2      | 55.5507    | 56.4000    | 21.9540    | 25.3500   
3      | 58.3779    | 59.9750    | 18.8546    | 23.2750   
4      | 60.7531    | 63.1750    | 16.0375    | 21.2000   
5      | 62.9777    | 66.3250    | 13.9869    | 19.5250   
6      | 65.1464    | 69.7250    | 11.9810    | 17.7500   
7      | 67.0319    | 72.9000    | 10.2835    | 16.1500   
8      | 48.6629    | 48.7500    | 32.3818    | 31.9000   
9      | 46.3002    | 46.3750    | 36.7510    | 34.3250   

TIME TAKEN = 543.01794 ms
Run 10

 CPU ACCELERATED IMPLEMENTATION
--------------------------------------------------------------

Index  | Call Model | Call Actual | Put Model  | Put Actual
--------------------------------------------------------------
0      | 51.3883    | 51.7000    | 28.5523    | 29.6500   
1      | 53.1439    | 53.6500    | 24.8999    | 27.3750   
2      | 55.5507    | 56.4000    | 21.9540    | 25.3500   
3      | 58.3779    | 59.9750    | 18.8546    | 23.2750   
4      | 60.7531    | 63.1750    | 16.0375    | 21.2000   
5      | 62.9777    | 66.3250    | 13.9869    | 19.5250   
6      | 65.1464    | 69.7250    | 11.9810    | 17.7500   
7      | 67.0319    | 72.9000    | 10.2835    | 16.1500   
8      | 48.6629    | 48.7500    | 32.3818    | 31.9000   
9      | 46.3002    | 46.3750    | 36.7510    | 34.3250   

TIME TAKEN = 547.52847 ms
Run 11

 CPU ACCELERATED IMPLEMENTATION
--------------------------------------------------------------

Index  | Call Model | Call Actual | Put Model  | Put Actual
--------------------------------------------------------------
0      | 51.3883    | 51.7000    | 28.5523    | 29.6500   
1      | 53.1439    | 53.6500    | 24.8999    | 27.3750   
2      | 55.5507    | 56.4000    | 21.9540    | 25.3500   
3      | 58.3779    | 59.9750    | 18.8546    | 23.2750   
4      | 60.7531    | 63.1750    | 16.0375    | 21.2000   
5      | 62.9777    | 66.3250    | 13.9869    | 19.5250   
6      | 65.1464    | 69.7250    | 11.9810    | 17.7500   
7      | 67.0319    | 72.9000    | 10.2835    | 16.1500   
8      | 48.6629    | 48.7500    | 32.3818    | 31.9000   
9      | 46.3002    | 46.3750    | 36.7510    | 34.3250   

TIME TAKEN = 548.85956 ms
Run 12

 CPU ACCELERATED IMPLEMENTATION
--------------------------------------------------------------

Index  | Call Model | Call Actual | Put Model  | Put Actual
--------------------------------------------------------------
0      | 51.3883    | 51.7000    | 28.5523    | 29.6500   
1      | 53.1439    | 53.6500    | 24.8999    | 27.3750   
2      | 55.5507    | 56.4000    | 21.9540    | 25.3500   
3      | 58.3779    | 59.9750    | 18.8546    | 23.2750   
4      | 60.7531    | 63.1750    | 16.0375    | 21.2000   
5      | 62.9777    | 66.3250    | 13.9869    | 19.5250   
6      | 65.1464    | 69.7250    | 11.9810    | 17.7500   
7      | 67.0319    | 72.9000    | 10.2835    | 16.1500   
8      | 48.6629    | 48.7500    | 32.3818    | 31.9000   
9      | 46.3002    | 46.3750    | 36.7510    | 34.3250   

TIME TAKEN = 542.82502 ms
Run 13

 CPU ACCELERATED IMPLEMENTATION
--------------------------------------------------------------

Index  | Call Model | Call Actual | Put Model  | Put Actual
--------------------------------------------------------------
0      | 51.3883    | 51.7000    | 28.5523    | 29.6500   
1      | 53.1439    | 53.6500    | 24.8999    | 27.3750   
2      | 55.5507    | 56.4000    | 21.9540    | 25.3500   
3      | 58.3779    | 59.9750    | 18.8546    | 23.2750   
4      | 60.7531    | 63.1750    | 16.0375    | 21.2000   
5      | 62.9777    | 66.3250    | 13.9869    | 19.5250   
6      | 65.1464    | 69.7250    | 11.9810    | 17.7500   
7      | 67.0319    | 72.9000    | 10.2835    | 16.1500   
8      | 48.6629    | 48.7500    | 32.3818    | 31.9000   
9      | 46.3002    | 46.3750    | 36.7510    | 34.3250   

TIME TAKEN = 543.45502 ms
Run 14

 CPU ACCELERATED IMPLEMENTATION
--------------------------------------------------------------

Index  | Call Model | Call Actual | Put Model  | Put Actual
--------------------------------------------------------------
0      | 51.3883    | 51.7000    | 28.5523    | 29.6500   
1      | 53.1439    | 53.6500    | 24.8999    | 27.3750   
2      | 55.5507    | 56.4000    | 21.9540    | 25.3500   
3      | 58.3779    | 59.9750    | 18.8546    | 23.2750   
4      | 60.7531    | 63.1750    | 16.0375    | 21.2000   
5      | 62.9777    | 66.3250    | 13.9869    | 19.5250   
6      | 65.1464    | 69.7250    | 11.9810    | 17.7500   
7      | 67.0319    | 72.9000    | 10.2835    | 16.1500   
8      | 48.6629    | 48.7500    | 32.3818    | 31.9000   
9      | 46.3002    | 46.3750    | 36.7510    | 34.3250   

TIME TAKEN = 547.69807 ms
Run 15

 CPU ACCELERATED IMPLEMENTATION
--------------------------------------------------------------

Index  | Call Model | Call Actual | Put Model  | Put Actual
--------------------------------------------------------------
0      | 51.3883    | 51.7000    | 28.5523    | 29.6500   
1      | 53.1439    | 53.6500    | 24.8999    | 27.3750   
2      | 55.5507    | 56.4000    | 21.9540    | 25.3500   
3      | 58.3779    | 59.9750    | 18.8546    | 23.2750   
4      | 60.7531    | 63.1750    | 16.0375    | 21.2000   
5      | 62.9777    | 66.3250    | 13.9869    | 19.5250   
6      | 65.1464    | 69.7250    | 11.9810    | 17.7500   
7      | 67.0319    | 72.9000    | 10.2835    | 16.1500   
8      | 48.6629    | 48.7500    | 32.3818    | 31.9000   
9      | 46.3002    | 46.3750    | 36.7510    | 34.3250   

TIME TAKEN = 543.34027 ms
Run 16

 CPU ACCELERATED IMPLEMENTATION
--------------------------------------------------------------

Index  | Call Model | Call Actual | Put Model  | Put Actual
--------------------------------------------------------------
0      | 51.3883    | 51.7000    | 28.5523    | 29.6500   
1      | 53.1439    | 53.6500    | 24.8999    | 27.3750   
2      | 55.5507    | 56.4000    | 21.9540    | 25.3500   
3      | 58.3779    | 59.9750    | 18.8546    | 23.2750   
4      | 60.7531    | 63.1750    | 16.0375    | 21.2000   
5      | 62.9777    | 66.3250    | 13.9869    | 19.5250   
6      | 65.1464    | 69.7250    | 11.9810    | 17.7500   
7      | 67.0319    | 72.9000    | 10.2835    | 16.1500   
8      | 48.6629    | 48.7500    | 32.3818    | 31.9000   
9      | 46.3002    | 46.3750    | 36.7510    | 34.3250   

TIME TAKEN = 546.95835 ms
Run 17

 CPU ACCELERATED IMPLEMENTATION
--------------------------------------------------------------

Index  | Call Model | Call Actual | Put Model  | Put Actual
--------------------------------------------------------------
0      | 51.3883    | 51.7000    | 28.5523    | 29.6500   
1      | 53.1439    | 53.6500    | 24.8999    | 27.3750   
2      | 55.5507    | 56.4000    | 21.9540    | 25.3500   
3      | 58.3779    | 59.9750    | 18.8546    | 23.2750   
4      | 60.7531    | 63.1750    | 16.0375    | 21.2000   
5      | 62.9777    | 66.3250    | 13.9869    | 19.5250   
6      | 65.1464    | 69.7250    | 11.9810    | 17.7500   
7      | 67.0319    | 72.9000    | 10.2835    | 16.1500   
8      | 48.6629    | 48.7500    | 32.3818    | 31.9000   
9      | 46.3002    | 46.3750    | 36.7510    | 34.3250   

TIME TAKEN = 543.17813 ms
Run 18

 CPU ACCELERATED IMPLEMENTATION
--------------------------------------------------------------

Index  | Call Model | Call Actual | Put Model  | Put Actual
--------------------------------------------------------------
0      | 51.3883    | 51.7000    | 28.5523    | 29.6500   
1      | 53.1439    | 53.6500    | 24.8999    | 27.3750   
2      | 55.5507    | 56.4000    | 21.9540    | 25.3500   
3      | 58.3779    | 59.9750    | 18.8546    | 23.2750   
4      | 60.7531    | 63.1750    | 16.0375    | 21.2000   
5      | 62.9777    | 66.3250    | 13.9869    | 19.5250   
6      | 65.1464    | 69.7250    | 11.9810    | 17.7500   
7      | 67.0319    | 72.9000    | 10.2835    | 16.1500   
8      | 48.6629    | 48.7500    | 32.3818    | 31.9000   
9      | 46.3002    | 46.3750    | 36.7510    | 34.3250   

TIME TAKEN = 544.87455 ms
Run 19

 CPU ACCELERATED IMPLEMENTATION
--------------------------------------------------------------

Index  | Call Model | Call Actual | Put Model  | Put Actual
--------------------------------------------------------------
0      | 51.3883    | 51.7000    | 28.5523    | 29.6500   
1      | 53.1439    | 53.6500    | 24.8999    | 27.3750   
2      | 55.5507    | 56.4000    | 21.9540    | 25.3500   
3      | 58.3779    | 59.9750    | 18.8546    | 23.2750   
4      | 60.7531    | 63.1750    | 16.0375    | 21.2000   
5      | 62.9777    | 66.3250    | 13.9869    | 19.5250   
6      | 65.1464    | 69.7250    | 11.9810    | 17.7500   
7      | 67.0319    | 72.9000    | 10.2835    | 16.1500   
8      | 48.6629    | 48.7500    | 32.3818    | 31.9000   
9      | 46.3002    | 46.3750    | 36.7510    | 34.3250   

TIME TAKEN = 542.24828 ms
Run 20

 CPU ACCELERATED IMPLEMENTATION
--------------------------------------------------------------

Index  | Call Model | Call Actual | Put Model  | Put Actual
--------------------------------------------------------------
0      | 51.3883    | 51.7000    | 28.5523    | 29.6500   
1      | 53.1439    | 53.6500    | 24.8999    | 27.3750   
2      | 55.5507    | 56.4000    | 21.9540    | 25.3500   
3      | 58.3779    | 59.9750    | 18.8546    | 23.2750   
4      | 60.7531    | 63.1750    | 16.0375    | 21.2000   
5      | 62.9777    | 66.3250    | 13.9869    | 19.5250   
6      | 65.1464    | 69.7250    | 11.9810    | 17.7500   
7      | 67.0319    | 72.9000    | 10.2835    | 16.1500   
8      | 48.6629    | 48.7500    | 32.3818    | 31.9000   
9      | 46.3002    | 46.3750    | 36.7510    | 34.3250   

TIME TAKEN = 542.43502 ms
Run 21

 CPU ACCELERATED IMPLEMENTATION
--------------------------------------------------------------

Index  | Call Model | Call Actual | Put Model  | Put Actual
--------------------------------------------------------------
0      | 51.3883    | 51.7000    | 28.5523    | 29.6500   
1      | 53.1439    | 53.6500    | 24.8999    | 27.3750   
2      | 55.5507    | 56.4000    | 21.9540    | 25.3500   
3      | 58.3779    | 59.9750    | 18.8546    | 23.2750   
4      | 60.7531    | 63.1750    | 16.0375    | 21.2000   
5      | 62.9777    | 66.3250    | 13.9869    | 19.5250   
6      | 65.1464    | 69.7250    | 11.9810    | 17.7500   
7      | 67.0319    | 72.9000    | 10.2835    | 16.1500   
8      | 48.6629    | 48.7500    | 32.3818    | 31.9000   
9      | 46.3002    | 46.3750    | 36.7510    | 34.3250   

TIME TAKEN = 557.59408 ms
Run 22

 CPU ACCELERATED IMPLEMENTATION
--------------------------------------------------------------

Index  | Call Model | Call Actual | Put Model  | Put Actual
--------------------------------------------------------------
0      | 51.3883    | 51.7000    | 28.5523    | 29.6500   
1      | 53.1439    | 53.6500    | 24.8999    | 27.3750   
2      | 55.5507    | 56.4000    | 21.9540    | 25.3500   
3      | 58.3779    | 59.9750    | 18.8546    | 23.2750   
4      | 60.7531    | 63.1750    | 16.0375    | 21.2000   
5      | 62.9777    | 66.3250    | 13.9869    | 19.5250   
6      | 65.1464    | 69.7250    | 11.9810    | 17.7500   
7      | 67.0319    | 72.9000    | 10.2835    | 16.1500   
8      | 48.6629    | 48.7500    | 32.3818    | 31.9000   
9      | 46.3002    | 46.3750    | 36.7510    | 34.3250   

TIME TAKEN = 542.10852 ms
Run 23

 CPU ACCELERATED IMPLEMENTATION
--------------------------------------------------------------

Index  | Call Model | Call Actual | Put Model  | Put Actual
--------------------------------------------------------------
0      | 51.3883    | 51.7000    | 28.5523    | 29.6500   
1      | 53.1439    | 53.6500    | 24.8999    | 27.3750   
2      | 55.5507    | 56.4000    | 21.9540    | 25.3500   
3      | 58.3779    | 59.9750    | 18.8546    | 23.2750   
4      | 60.7531    | 63.1750    | 16.0375    | 21.2000   
5      | 62.9777    | 66.3250    | 13.9869    | 19.5250   
6      | 65.1464    | 69.7250    | 11.9810    | 17.7500   
7      | 67.0319    | 72.9000    | 10.2835    | 16.1500   
8      | 48.6629    | 48.7500    | 32.3818    | 31.9000   
9      | 46.3002    | 46.3750    | 36.7510    | 34.3250   

TIME TAKEN = 599.12125 ms
Run 24

 CPU ACCELERATED IMPLEMENTATION
--------------------------------------------------------------

Index  | Call Model | Call Actual | Put Model  | Put Actual
--------------------------------------------------------------
0      | 51.3883    | 51.7000    | 28.5523    | 29.6500   
1      | 53.1439    | 53.6500    | 24.8999    | 27.3750   
2      | 55.5507    | 56.4000    | 21.9540    | 25.3500   
3      | 58.3779    | 59.9750    | 18.8546    | 23.2750   
4      | 60.7531    | 63.1750    | 16.0375    | 21.2000   
5      | 62.9777    | 66.3250    | 13.9869    | 19.5250   
6      | 65.1464    | 69.7250    | 11.9810    | 17.7500   
7      | 67.0319    | 72.9000    | 10.2835    | 16.1500   
8      | 48.6629    | 48.7500    | 32.3818    | 31.9000   
9      | 46.3002    | 46.3750    | 36.7510    | 34.3250   

TIME TAKEN = 547.13238 ms
Run 25

 CPU ACCELERATED IMPLEMENTATION
--------------------------------------------------------------

Index  | Call Model | Call Actual | Put Model  | Put Actual
--------------------------------------------------------------
0      | 51.3883    | 51.7000    | 28.5523    | 29.6500   
1      | 53.1439    | 53.6500    | 24.8999    | 27.3750   
2      | 55.5507    | 56.4000    | 21.9540    | 25.3500   
3      | 58.3779    | 59.9750    | 18.8546    | 23.2750   
4      | 60.7531    | 63.1750    | 16.0375    | 21.2000   
5      | 62.9777    | 66.3250    | 13.9869    | 19.5250   
6      | 65.1464    | 69.7250    | 11.9810    | 17.7500   
7      | 67.0319    | 72.9000    | 10.2835    | 16.1500   
8      | 48.6629    | 48.7500    | 32.3818    | 31.9000   
9      | 46.3002    | 46.3750    | 36.7510    | 34.3250   

TIME TAKEN = 544.44148 ms
Run 26

 CPU ACCELERATED IMPLEMENTATION
--------------------------------------------------------------

Index  | Call Model | Call Actual | Put Model  | Put Actual
--------------------------------------------------------------
0      | 51.3883    | 51.7000    | 28.5523    | 29.6500   
1      | 53.1439    | 53.6500    | 24.8999    | 27.3750   
2      | 55.5507    | 56.4000    | 21.9540    | 25.3500   
3      | 58.3779    | 59.9750    | 18.8546    | 23.2750   
4      | 60.7531    | 63.1750    | 16.0375    | 21.2000   
5      | 62.9777    | 66.3250    | 13.9869    | 19.5250   
6      | 65.1464    | 69.7250    | 11.9810    | 17.7500   
7      | 67.0319    | 72.9000    | 10.2835    | 16.1500   
8      | 48.6629    | 48.7500    | 32.3818    | 31.9000   
9      | 46.3002    | 46.3750    | 36.7510    | 34.3250   

TIME TAKEN = 541.87322 ms
Run 27

 CPU ACCELERATED IMPLEMENTATION
--------------------------------------------------------------

Index  | Call Model | Call Actual | Put Model  | Put Actual
--------------------------------------------------------------
0      | 51.3883    | 51.7000    | 28.5523    | 29.6500   
1      | 53.1439    | 53.6500    | 24.8999    | 27.3750   
2      | 55.5507    | 56.4000    | 21.9540    | 25.3500   
3      | 58.3779    | 59.9750    | 18.8546    | 23.2750   
4      | 60.7531    | 63.1750    | 16.0375    | 21.2000   
5      | 62.9777    | 66.3250    | 13.9869    | 19.5250   
6      | 65.1464    | 69.7250    | 11.9810    | 17.7500   
7      | 67.0319    | 72.9000    | 10.2835    | 16.1500   
8      | 48.6629    | 48.7500    | 32.3818    | 31.9000   
9      | 46.3002    | 46.3750    | 36.7510    | 34.3250   

TIME TAKEN = 544.96119 ms
Run 28

 CPU ACCELERATED IMPLEMENTATION
--------------------------------------------------------------

Index  | Call Model | Call Actual | Put Model  | Put Actual
--------------------------------------------------------------
0      | 51.3883    | 51.7000    | 28.5523    | 29.6500   
1      | 53.1439    | 53.6500    | 24.8999    | 27.3750   
2      | 55.5507    | 56.4000    | 21.9540    | 25.3500   
3      | 58.3779    | 59.9750    | 18.8546    | 23.2750   
4      | 60.7531    | 63.1750    | 16.0375    | 21.2000   
5      | 62.9777    | 66.3250    | 13.9869    | 19.5250   
6      | 65.1464    | 69.7250    | 11.9810    | 17.7500   
7      | 67.0319    | 72.9000    | 10.2835    | 16.1500   
8      | 48.6629    | 48.7500    | 32.3818    | 31.9000   
9      | 46.3002    | 46.3750    | 36.7510    | 34.3250   

TIME TAKEN = 547.54184 ms
Run 29

 CPU ACCELERATED IMPLEMENTATION
--------------------------------------------------------------

Index  | Call Model | Call Actual | Put Model  | Put Actual
--------------------------------------------------------------
0      | 51.3883    | 51.7000    | 28.5523    | 29.6500   
1      | 53.1439    | 53.6500    | 24.8999    | 27.3750   
2      | 55.5507    | 56.4000    | 21.9540    | 25.3500   
3      | 58.3779    | 59.9750    | 18.8546    | 23.2750   
4      | 60.7531    | 63.1750    | 16.0375    | 21.2000   
5      | 62.9777    | 66.3250    | 13.9869    | 19.5250   
6      | 65.1464    | 69.7250    | 11.9810    | 17.7500   
7      | 67.0319    | 72.9000    | 10.2835    | 16.1500   
8      | 48.6629    | 48.7500    | 32.3818    | 31.9000   
9      | 46.3002    | 46.3750    | 36.7510    | 34.3250   

TIME TAKEN = 544.28955 ms
Run 30

 CPU ACCELERATED IMPLEMENTATION
--------------------------------------------------------------

Index  | Call Model | Call Actual | Put Model  | Put Actual
--------------------------------------------------------------
0      | 51.3883    | 51.7000    | 28.5523    | 29.6500   
1      | 53.1439    | 53.6500    | 24.8999    | 27.3750   
2      | 55.5507    | 56.4000    | 21.9540    | 25.3500   
3      | 58.3779    | 59.9750    | 18.8546    | 23.2750   
4      | 60.7531    | 63.1750    | 16.0375    | 21.2000   
5      | 62.9777    | 66.3250    | 13.9869    | 19.5250   
6      | 65.1464    | 69.7250    | 11.9810    | 17.7500   
7      | 67.0319    | 72.9000    | 10.2835    | 16.1500   
8      | 48.6629    | 48.7500    | 32.3818    | 31.9000   
9      | 46.3002    | 46.3750    | 36.7510    | 34.3250   

TIME TAKEN = 580.48692 ms
Run 31

 CPU ACCELERATED IMPLEMENTATION
--------------------------------------------------------------

Index  | Call Model | Call Actual | Put Model  | Put Actual
--------------------------------------------------------------
0      | 51.3883    | 51.7000    | 28.5523    | 29.6500   
1      | 53.1439    | 53.6500    | 24.8999    | 27.3750   
2      | 55.5507    | 56.4000    | 21.9540    | 25.3500   
3      | 58.3779    | 59.9750    | 18.8546    | 23.2750   
4      | 60.7531    | 63.1750    | 16.0375    | 21.2000   
5      | 62.9777    | 66.3250    | 13.9869    | 19.5250   
6      | 65.1464    | 69.7250    | 11.9810    | 17.7500   
7      | 67.0319    | 72.9000    | 10.2835    | 16.1500   
8      | 48.6629    | 48.7500    | 32.3818    | 31.9000   
9      | 46.3002    | 46.3750    | 36.7510    | 34.3250   

TIME TAKEN = 542.91129 ms
Run 32

 CPU ACCELERATED IMPLEMENTATION
--------------------------------------------------------------

Index  | Call Model | Call Actual | Put Model  | Put Actual
--------------------------------------------------------------
0      | 51.3883    | 51.7000    | 28.5523    | 29.6500   
1      | 53.1439    | 53.6500    | 24.8999    | 27.3750   
2      | 55.5507    | 56.4000    | 21.9540    | 25.3500   
3      | 58.3779    | 59.9750    | 18.8546    | 23.2750   
4      | 60.7531    | 63.1750    | 16.0375    | 21.2000   
5      | 62.9777    | 66.3250    | 13.9869    | 19.5250   
6      | 65.1464    | 69.7250    | 11.9810    | 17.7500   
7      | 67.0319    | 72.9000    | 10.2835    | 16.1500   
8      | 48.6629    | 48.7500    | 32.3818    | 31.9000   
9      | 46.3002    | 46.3750    | 36.7510    | 34.3250   

TIME TAKEN = 549.10475 ms
Run 33

 CPU ACCELERATED IMPLEMENTATION
--------------------------------------------------------------

Index  | Call Model | Call Actual | Put Model  | Put Actual
--------------------------------------------------------------
0      | 51.3883    | 51.7000    | 28.5523    | 29.6500   
1      | 53.1439    | 53.6500    | 24.8999    | 27.3750   
2      | 55.5507    | 56.4000    | 21.9540    | 25.3500   
3      | 58.3779    | 59.9750    | 18.8546    | 23.2750   
4      | 60.7531    | 63.1750    | 16.0375    | 21.2000   
5      | 62.9777    | 66.3250    | 13.9869    | 19.5250   
6      | 65.1464    | 69.7250    | 11.9810    | 17.7500   
7      | 67.0319    | 72.9000    | 10.2835    | 16.1500   
8      | 48.6629    | 48.7500    | 32.3818    | 31.9000   
9      | 46.3002    | 46.3750    | 36.7510    | 34.3250   

TIME TAKEN = 543.45260 ms
Run 34

 CPU ACCELERATED IMPLEMENTATION
--------------------------------------------------------------

Index  | Call Model | Call Actual | Put Model  | Put Actual
--------------------------------------------------------------
0      | 51.3883    | 51.7000    | 28.5523    | 29.6500   
1      | 53.1439    | 53.6500    | 24.8999    | 27.3750   
2      | 55.5507    | 56.4000    | 21.9540    | 25.3500   
3      | 58.3779    | 59.9750    | 18.8546    | 23.2750   
4      | 60.7531    | 63.1750    | 16.0375    | 21.2000   
5      | 62.9777    | 66.3250    | 13.9869    | 19.5250   
6      | 65.1464    | 69.7250    | 11.9810    | 17.7500   
7      | 67.0319    | 72.9000    | 10.2835    | 16.1500   
8      | 48.6629    | 48.7500    | 32.3818    | 31.9000   
9      | 46.3002    | 46.3750    | 36.7510    | 34.3250   

TIME TAKEN = 580.28694 ms
Run 35

 CPU ACCELERATED IMPLEMENTATION
--------------------------------------------------------------

Index  | Call Model | Call Actual | Put Model  | Put Actual
--------------------------------------------------------------
0      | 51.3883    | 51.7000    | 28.5523    | 29.6500   
1      | 53.1439    | 53.6500    | 24.8999    | 27.3750   
2      | 55.5507    | 56.4000    | 21.9540    | 25.3500   
3      | 58.3779    | 59.9750    | 18.8546    | 23.2750   
4      | 60.7531    | 63.1750    | 16.0375    | 21.2000   
5      | 62.9777    | 66.3250    | 13.9869    | 19.5250   
6      | 65.1464    | 69.7250    | 11.9810    | 17.7500   
7      | 67.0319    | 72.9000    | 10.2835    | 16.1500   
8      | 48.6629    | 48.7500    | 32.3818    | 31.9000   
9      | 46.3002    | 46.3750    | 36.7510    | 34.3250   

TIME TAKEN = 546.87797 ms
Run 36

 CPU ACCELERATED IMPLEMENTATION
--------------------------------------------------------------

Index  | Call Model | Call Actual | Put Model  | Put Actual
--------------------------------------------------------------
0      | 51.3883    | 51.7000    | 28.5523    | 29.6500   
1      | 53.1439    | 53.6500    | 24.8999    | 27.3750   
2      | 55.5507    | 56.4000    | 21.9540    | 25.3500   
3      | 58.3779    | 59.9750    | 18.8546    | 23.2750   
4      | 60.7531    | 63.1750    | 16.0375    | 21.2000   
5      | 62.9777    | 66.3250    | 13.9869    | 19.5250   
6      | 65.1464    | 69.7250    | 11.9810    | 17.7500   
7      | 67.0319    | 72.9000    | 10.2835    | 16.1500   
8      | 48.6629    | 48.7500    | 32.3818    | 31.9000   
9      | 46.3002    | 46.3750    | 36.7510    | 34.3250   

TIME TAKEN = 541.84357 ms
Run 37

 CPU ACCELERATED IMPLEMENTATION
--------------------------------------------------------------

Index  | Call Model | Call Actual | Put Model  | Put Actual
--------------------------------------------------------------
0      | 51.3883    | 51.7000    | 28.5523    | 29.6500   
1      | 53.1439    | 53.6500    | 24.8999    | 27.3750   
2      | 55.5507    | 56.4000    | 21.9540    | 25.3500   
3      | 58.3779    | 59.9750    | 18.8546    | 23.2750   
4      | 60.7531    | 63.1750    | 16.0375    | 21.2000   
5      | 62.9777    | 66.3250    | 13.9869    | 19.5250   
6      | 65.1464    | 69.7250    | 11.9810    | 17.7500   
7      | 67.0319    | 72.9000    | 10.2835    | 16.1500   
8      | 48.6629    | 48.7500    | 32.3818    | 31.9000   
9      | 46.3002    | 46.3750    | 36.7510    | 34.3250   

TIME TAKEN = 545.37549 ms
Run 38

 CPU ACCELERATED IMPLEMENTATION
--------------------------------------------------------------

Index  | Call Model | Call Actual | Put Model  | Put Actual
--------------------------------------------------------------
0      | 51.3883    | 51.7000    | 28.5523    | 29.6500   
1      | 53.1439    | 53.6500    | 24.8999    | 27.3750   
2      | 55.5507    | 56.4000    | 21.9540    | 25.3500   
3      | 58.3779    | 59.9750    | 18.8546    | 23.2750   
4      | 60.7531    | 63.1750    | 16.0375    | 21.2000   
5      | 62.9777    | 66.3250    | 13.9869    | 19.5250   
6      | 65.1464    | 69.7250    | 11.9810    | 17.7500   
7      | 67.0319    | 72.9000    | 10.2835    | 16.1500   
8      | 48.6629    | 48.7500    | 32.3818    | 31.9000   
9      | 46.3002    | 46.3750    | 36.7510    | 34.3250   

TIME TAKEN = 547.33994 ms
Run 39

 CPU ACCELERATED IMPLEMENTATION
--------------------------------------------------------------

Index  | Call Model | Call Actual | Put Model  | Put Actual
--------------------------------------------------------------
0      | 51.3883    | 51.7000    | 28.5523    | 29.6500   
1      | 53.1439    | 53.6500    | 24.8999    | 27.3750   
2      | 55.5507    | 56.4000    | 21.9540    | 25.3500   
3      | 58.3779    | 59.9750    | 18.8546    | 23.2750   
4      | 60.7531    | 63.1750    | 16.0375    | 21.2000   
5      | 62.9777    | 66.3250    | 13.9869    | 19.5250   
6      | 65.1464    | 69.7250    | 11.9810    | 17.7500   
7      | 67.0319    | 72.9000    | 10.2835    | 16.1500   
8      | 48.6629    | 48.7500    | 32.3818    | 31.9000   
9      | 46.3002    | 46.3750    | 36.7510    | 34.3250   

TIME TAKEN = 545.04711 ms
Run 40

 CPU ACCELERATED IMPLEMENTATION
--------------------------------------------------------------

Index  | Call Model | Call Actual | Put Model  | Put Actual
--------------------------------------------------------------
0      | 51.3883    | 51.7000    | 28.5523    | 29.6500   
1      | 53.1439    | 53.6500    | 24.8999    | 27.3750   
2      | 55.5507    | 56.4000    | 21.9540    | 25.3500   
3      | 58.3779    | 59.9750    | 18.8546    | 23.2750   
4      | 60.7531    | 63.1750    | 16.0375    | 21.2000   
5      | 62.9777    | 66.3250    | 13.9869    | 19.5250   
6      | 65.1464    | 69.7250    | 11.9810    | 17.7500   
7      | 67.0319    | 72.9000    | 10.2835    | 16.1500   
8      | 48.6629    | 48.7500    | 32.3818    | 31.9000   
9      | 46.3002    | 46.3750    | 36.7510    | 34.3250   

TIME TAKEN = 555.06945 ms
Run 41

 CPU ACCELERATED IMPLEMENTATION
--------------------------------------------------------------

Index  | Call Model | Call Actual | Put Model  | Put Actual
--------------------------------------------------------------
0      | 51.3883    | 51.7000    | 28.5523    | 29.6500   
1      | 53.1439    | 53.6500    | 24.8999    | 27.3750   
2      | 55.5507    | 56.4000    | 21.9540    | 25.3500   
3      | 58.3779    | 59.9750    | 18.8546    | 23.2750   
4      | 60.7531    | 63.1750    | 16.0375    | 21.2000   
5      | 62.9777    | 66.3250    | 13.9869    | 19.5250   
6      | 65.1464    | 69.7250    | 11.9810    | 17.7500   
7      | 67.0319    | 72.9000    | 10.2835    | 16.1500   
8      | 48.6629    | 48.7500    | 32.3818    | 31.9000   
9      | 46.3002    | 46.3750    | 36.7510    | 34.3250   

TIME TAKEN = 597.09738 ms
Run 42

 CPU ACCELERATED IMPLEMENTATION
--------------------------------------------------------------

Index  | Call Model | Call Actual | Put Model  | Put Actual
--------------------------------------------------------------
0      | 51.3883    | 51.7000    | 28.5523    | 29.6500   
1      | 53.1439    | 53.6500    | 24.8999    | 27.3750   
2      | 55.5507    | 56.4000    | 21.9540    | 25.3500   
3      | 58.3779    | 59.9750    | 18.8546    | 23.2750   
4      | 60.7531    | 63.1750    | 16.0375    | 21.2000   
5      | 62.9777    | 66.3250    | 13.9869    | 19.5250   
6      | 65.1464    | 69.7250    | 11.9810    | 17.7500   
7      | 67.0319    | 72.9000    | 10.2835    | 16.1500   
8      | 48.6629    | 48.7500    | 32.3818    | 31.9000   
9      | 46.3002    | 46.3750    | 36.7510    | 34.3250   

TIME TAKEN = 590.00345 ms
Run 43

 CPU ACCELERATED IMPLEMENTATION
--------------------------------------------------------------

Index  | Call Model | Call Actual | Put Model  | Put Actual
--------------------------------------------------------------
0      | 51.3883    | 51.7000    | 28.5523    | 29.6500   
1      | 53.1439    | 53.6500    | 24.8999    | 27.3750   
2      | 55.5507    | 56.4000    | 21.9540    | 25.3500   
3      | 58.3779    | 59.9750    | 18.8546    | 23.2750   
4      | 60.7531    | 63.1750    | 16.0375    | 21.2000   
5      | 62.9777    | 66.3250    | 13.9869    | 19.5250   
6      | 65.1464    | 69.7250    | 11.9810    | 17.7500   
7      | 67.0319    | 72.9000    | 10.2835    | 16.1500   
8      | 48.6629    | 48.7500    | 32.3818    | 31.9000   
9      | 46.3002    | 46.3750    | 36.7510    | 34.3250   

TIME TAKEN = 545.01192 ms
Run 44

 CPU ACCELERATED IMPLEMENTATION
--------------------------------------------------------------

Index  | Call Model | Call Actual | Put Model  | Put Actual
--------------------------------------------------------------
0      | 51.3883    | 51.7000    | 28.5523    | 29.6500   
1      | 53.1439    | 53.6500    | 24.8999    | 27.3750   
2      | 55.5507    | 56.4000    | 21.9540    | 25.3500   
3      | 58.3779    | 59.9750    | 18.8546    | 23.2750   
4      | 60.7531    | 63.1750    | 16.0375    | 21.2000   
5      | 62.9777    | 66.3250    | 13.9869    | 19.5250   
6      | 65.1464    | 69.7250    | 11.9810    | 17.7500   
7      | 67.0319    | 72.9000    | 10.2835    | 16.1500   
8      | 48.6629    | 48.7500    | 32.3818    | 31.9000   
9      | 46.3002    | 46.3750    | 36.7510    | 34.3250   

TIME TAKEN = 543.26215 ms
Run 45

 CPU ACCELERATED IMPLEMENTATION
--------------------------------------------------------------

Index  | Call Model | Call Actual | Put Model  | Put Actual
--------------------------------------------------------------
0      | 51.3883    | 51.7000    | 28.5523    | 29.6500   
1      | 53.1439    | 53.6500    | 24.8999    | 27.3750   
2      | 55.5507    | 56.4000    | 21.9540    | 25.3500   
3      | 58.3779    | 59.9750    | 18.8546    | 23.2750   
4      | 60.7531    | 63.1750    | 16.0375    | 21.2000   
5      | 62.9777    | 66.3250    | 13.9869    | 19.5250   
6      | 65.1464    | 69.7250    | 11.9810    | 17.7500   
7      | 67.0319    | 72.9000    | 10.2835    | 16.1500   
8      | 48.6629    | 48.7500    | 32.3818    | 31.9000   
9      | 46.3002    | 46.3750    | 36.7510    | 34.3250   

TIME TAKEN = 540.67198 ms
Run 46

 CPU ACCELERATED IMPLEMENTATION
--------------------------------------------------------------

Index  | Call Model | Call Actual | Put Model  | Put Actual
--------------------------------------------------------------
0      | 51.3883    | 51.7000    | 28.5523    | 29.6500   
1      | 53.1439    | 53.6500    | 24.8999    | 27.3750   
2      | 55.5507    | 56.4000    | 21.9540    | 25.3500   
3      | 58.3779    | 59.9750    | 18.8546    | 23.2750   
4      | 60.7531    | 63.1750    | 16.0375    | 21.2000   
5      | 62.9777    | 66.3250    | 13.9869    | 19.5250   
6      | 65.1464    | 69.7250    | 11.9810    | 17.7500   
7      | 67.0319    | 72.9000    | 10.2835    | 16.1500   
8      | 48.6629    | 48.7500    | 32.3818    | 31.9000   
9      | 46.3002    | 46.3750    | 36.7510    | 34.3250   

TIME TAKEN = 545.45712 ms
Run 47

 CPU ACCELERATED IMPLEMENTATION
--------------------------------------------------------------

Index  | Call Model | Call Actual | Put Model  | Put Actual
--------------------------------------------------------------
0      | 51.3883    | 51.7000    | 28.5523    | 29.6500   
1      | 53.1439    | 53.6500    | 24.8999    | 27.3750   
2      | 55.5507    | 56.4000    | 21.9540    | 25.3500   
3      | 58.3779    | 59.9750    | 18.8546    | 23.2750   
4      | 60.7531    | 63.1750    | 16.0375    | 21.2000   
5      | 62.9777    | 66.3250    | 13.9869    | 19.5250   
6      | 65.1464    | 69.7250    | 11.9810    | 17.7500   
7      | 67.0319    | 72.9000    | 10.2835    | 16.1500   
8      | 48.6629    | 48.7500    | 32.3818    | 31.9000   
9      | 46.3002    | 46.3750    | 36.7510    | 34.3250   

TIME TAKEN = 544.02552 ms
Run 48

 CPU ACCELERATED IMPLEMENTATION
--------------------------------------------------------------

Index  | Call Model | Call Actual | Put Model  | Put Actual
--------------------------------------------------------------
0      | 51.3883    | 51.7000    | 28.5523    | 29.6500   
1      | 53.1439    | 53.6500    | 24.8999    | 27.3750   
2      | 55.5507    | 56.4000    | 21.9540    | 25.3500   
3      | 58.3779    | 59.9750    | 18.8546    | 23.2750   
4      | 60.7531    | 63.1750    | 16.0375    | 21.2000   
5      | 62.9777    | 66.3250    | 13.9869    | 19.5250   
6      | 65.1464    | 69.7250    | 11.9810    | 17.7500   
7      | 67.0319    | 72.9000    | 10.2835    | 16.1500   
8      | 48.6629    | 48.7500    | 32.3818    | 31.9000   
9      | 46.3002    | 46.3750    | 36.7510    | 34.3250   

TIME TAKEN = 538.81374 ms
Run 49

 CPU ACCELERATED IMPLEMENTATION
--------------------------------------------------------------

Index  | Call Model | Call Actual | Put Model  | Put Actual
--------------------------------------------------------------
0      | 51.3883    | 51.7000    | 28.5523    | 29.6500   
1      | 53.1439    | 53.6500    | 24.8999    | 27.3750   
2      | 55.5507    | 56.4000    | 21.9540    | 25.3500   
3      | 58.3779    | 59.9750    | 18.8546    | 23.2750   
4      | 60.7531    | 63.1750    | 16.0375    | 21.2000   
5      | 62.9777    | 66.3250    | 13.9869    | 19.5250   
6      | 65.1464    | 69.7250    | 11.9810    | 17.7500   
7      | 67.0319    | 72.9000    | 10.2835    | 16.1500   
8      | 48.6629    | 48.7500    | 32.3818    | 31.9000   
9      | 46.3002    | 46.3750    | 36.7510    | 34.3250   

TIME TAKEN = 542.02730 ms
Run 50

 CPU ACCELERATED IMPLEMENTATION
--------------------------------------------------------------

Index  | Call Model | Call Actual | Put Model  | Put Actual
--------------------------------------------------------------
0      | 51.3883    | 51.7000    | 28.5523    | 29.6500   
1      | 53.1439    | 53.6500    | 24.8999    | 27.3750   
2      | 55.5507    | 56.4000    | 21.9540    | 25.3500   
3      | 58.3779    | 59.9750    | 18.8546    | 23.2750   
4      | 60.7531    | 63.1750    | 16.0375    | 21.2000   
5      | 62.9777    | 66.3250    | 13.9869    | 19.5250   
6      | 65.1464    | 69.7250    | 11.9810    | 17.7500   
7      | 67.0319    | 72.9000    | 10.2835    | 16.1500   
8      | 48.6629    | 48.7500    | 32.3818    | 31.9000   
9      | 46.3002    | 46.3750    | 36.7510    | 34.3250   

TIME TAKEN = 544.24649 ms
Run 51

 CPU ACCELERATED IMPLEMENTATION
--------------------------------------------------------------

Index  | Call Model | Call Actual | Put Model  | Put Actual
--------------------------------------------------------------
0      | 51.3883    | 51.7000    | 28.5523    | 29.6500   
1      | 53.1439    | 53.6500    | 24.8999    | 27.3750   
2      | 55.5507    | 56.4000    | 21.9540    | 25.3500   
3      | 58.3779    | 59.9750    | 18.8546    | 23.2750   
4      | 60.7531    | 63.1750    | 16.0375    | 21.2000   
5      | 62.9777    | 66.3250    | 13.9869    | 19.5250   
6      | 65.1464    | 69.7250    | 11.9810    | 17.7500   
7      | 67.0319    | 72.9000    | 10.2835    | 16.1500   
8      | 48.6629    | 48.7500    | 32.3818    | 31.9000   
9      | 46.3002    | 46.3750    | 36.7510    | 34.3250   

TIME TAKEN = 541.06526 ms
Run 52

 CPU ACCELERATED IMPLEMENTATION
--------------------------------------------------------------

Index  | Call Model | Call Actual | Put Model  | Put Actual
--------------------------------------------------------------
0      | 51.3883    | 51.7000    | 28.5523    | 29.6500   
1      | 53.1439    | 53.6500    | 24.8999    | 27.3750   
2      | 55.5507    | 56.4000    | 21.9540    | 25.3500   
3      | 58.3779    | 59.9750    | 18.8546    | 23.2750   
4      | 60.7531    | 63.1750    | 16.0375    | 21.2000   
5      | 62.9777    | 66.3250    | 13.9869    | 19.5250   
6      | 65.1464    | 69.7250    | 11.9810    | 17.7500   
7      | 67.0319    | 72.9000    | 10.2835    | 16.1500   
8      | 48.6629    | 48.7500    | 32.3818    | 31.9000   
9      | 46.3002    | 46.3750    | 36.7510    | 34.3250   

TIME TAKEN = 541.31797 ms
Run 53

 CPU ACCELERATED IMPLEMENTATION
--------------------------------------------------------------

Index  | Call Model | Call Actual | Put Model  | Put Actual
--------------------------------------------------------------
0      | 51.3883    | 51.7000    | 28.5523    | 29.6500   
1      | 53.1439    | 53.6500    | 24.8999    | 27.3750   
2      | 55.5507    | 56.4000    | 21.9540    | 25.3500   
3      | 58.3779    | 59.9750    | 18.8546    | 23.2750   
4      | 60.7531    | 63.1750    | 16.0375    | 21.2000   
5      | 62.9777    | 66.3250    | 13.9869    | 19.5250   
6      | 65.1464    | 69.7250    | 11.9810    | 17.7500   
7      | 67.0319    | 72.9000    | 10.2835    | 16.1500   
8      | 48.6629    | 48.7500    | 32.3818    | 31.9000   
9      | 46.3002    | 46.3750    | 36.7510    | 34.3250   

TIME TAKEN = 597.23213 ms
Run 54

 CPU ACCELERATED IMPLEMENTATION
--------------------------------------------------------------

Index  | Call Model | Call Actual | Put Model  | Put Actual
--------------------------------------------------------------
0      | 51.3883    | 51.7000    | 28.5523    | 29.6500   
1      | 53.1439    | 53.6500    | 24.8999    | 27.3750   
2      | 55.5507    | 56.4000    | 21.9540    | 25.3500   
3      | 58.3779    | 59.9750    | 18.8546    | 23.2750   
4      | 60.7531    | 63.1750    | 16.0375    | 21.2000   
5      | 62.9777    | 66.3250    | 13.9869    | 19.5250   
6      | 65.1464    | 69.7250    | 11.9810    | 17.7500   
7      | 67.0319    | 72.9000    | 10.2835    | 16.1500   
8      | 48.6629    | 48.7500    | 32.3818    | 31.9000   
9      | 46.3002    | 46.3750    | 36.7510    | 34.3250   

TIME TAKEN = 542.94803 ms
Run 55

 CPU ACCELERATED IMPLEMENTATION
--------------------------------------------------------------

Index  | Call Model | Call Actual | Put Model  | Put Actual
--------------------------------------------------------------
0      | 51.3883    | 51.7000    | 28.5523    | 29.6500   
1      | 53.1439    | 53.6500    | 24.8999    | 27.3750   
2      | 55.5507    | 56.4000    | 21.9540    | 25.3500   
3      | 58.3779    | 59.9750    | 18.8546    | 23.2750   
4      | 60.7531    | 63.1750    | 16.0375    | 21.2000   
5      | 62.9777    | 66.3250    | 13.9869    | 19.5250   
6      | 65.1464    | 69.7250    | 11.9810    | 17.7500   
7      | 67.0319    | 72.9000    | 10.2835    | 16.1500   
8      | 48.6629    | 48.7500    | 32.3818    | 31.9000   
9      | 46.3002    | 46.3750    | 36.7510    | 34.3250   

TIME TAKEN = 542.98155 ms
Run 56

 CPU ACCELERATED IMPLEMENTATION
--------------------------------------------------------------

Index  | Call Model | Call Actual | Put Model  | Put Actual
--------------------------------------------------------------
0      | 51.3883    | 51.7000    | 28.5523    | 29.6500   
1      | 53.1439    | 53.6500    | 24.8999    | 27.3750   
2      | 55.5507    | 56.4000    | 21.9540    | 25.3500   
3      | 58.3779    | 59.9750    | 18.8546    | 23.2750   
4      | 60.7531    | 63.1750    | 16.0375    | 21.2000   
5      | 62.9777    | 66.3250    | 13.9869    | 19.5250   
6      | 65.1464    | 69.7250    | 11.9810    | 17.7500   
7      | 67.0319    | 72.9000    | 10.2835    | 16.1500   
8      | 48.6629    | 48.7500    | 32.3818    | 31.9000   
9      | 46.3002    | 46.3750    | 36.7510    | 34.3250   

TIME TAKEN = 585.92114 ms
Run 57

 CPU ACCELERATED IMPLEMENTATION
--------------------------------------------------------------

Index  | Call Model | Call Actual | Put Model  | Put Actual
--------------------------------------------------------------
0      | 51.3883    | 51.7000    | 28.5523    | 29.6500   
1      | 53.1439    | 53.6500    | 24.8999    | 27.3750   
2      | 55.5507    | 56.4000    | 21.9540    | 25.3500   
3      | 58.3779    | 59.9750    | 18.8546    | 23.2750   
4      | 60.7531    | 63.1750    | 16.0375    | 21.2000   
5      | 62.9777    | 66.3250    | 13.9869    | 19.5250   
6      | 65.1464    | 69.7250    | 11.9810    | 17.7500   
7      | 67.0319    | 72.9000    | 10.2835    | 16.1500   
8      | 48.6629    | 48.7500    | 32.3818    | 31.9000   
9      | 46.3002    | 46.3750    | 36.7510    | 34.3250   

TIME TAKEN = 539.88330 ms
Run 58

 CPU ACCELERATED IMPLEMENTATION
--------------------------------------------------------------

Index  | Call Model | Call Actual | Put Model  | Put Actual
--------------------------------------------------------------
0      | 51.3883    | 51.7000    | 28.5523    | 29.6500   
1      | 53.1439    | 53.6500    | 24.8999    | 27.3750   
2      | 55.5507    | 56.4000    | 21.9540    | 25.3500   
3      | 58.3779    | 59.9750    | 18.8546    | 23.2750   
4      | 60.7531    | 63.1750    | 16.0375    | 21.2000   
5      | 62.9777    | 66.3250    | 13.9869    | 19.5250   
6      | 65.1464    | 69.7250    | 11.9810    | 17.7500   
7      | 67.0319    | 72.9000    | 10.2835    | 16.1500   
8      | 48.6629    | 48.7500    | 32.3818    | 31.9000   
9      | 46.3002    | 46.3750    | 36.7510    | 34.3250   

TIME TAKEN = 542.73416 ms
Run 59

 CPU ACCELERATED IMPLEMENTATION
--------------------------------------------------------------

Index  | Call Model | Call Actual | Put Model  | Put Actual
--------------------------------------------------------------
0      | 51.3883    | 51.7000    | 28.5523    | 29.6500   
1      | 53.1439    | 53.6500    | 24.8999    | 27.3750   
2      | 55.5507    | 56.4000    | 21.9540    | 25.3500   
3      | 58.3779    | 59.9750    | 18.8546    | 23.2750   
4      | 60.7531    | 63.1750    | 16.0375    | 21.2000   
5      | 62.9777    | 66.3250    | 13.9869    | 19.5250   
6      | 65.1464    | 69.7250    | 11.9810    | 17.7500   
7      | 67.0319    | 72.9000    | 10.2835    | 16.1500   
8      | 48.6629    | 48.7500    | 32.3818    | 31.9000   
9      | 46.3002    | 46.3750    | 36.7510    | 34.3250   

TIME TAKEN = 538.16324 ms
Run 60

 CPU ACCELERATED IMPLEMENTATION
--------------------------------------------------------------

Index  | Call Model | Call Actual | Put Model  | Put Actual
--------------------------------------------------------------
0      | 51.3883    | 51.7000    | 28.5523    | 29.6500   
1      | 53.1439    | 53.6500    | 24.8999    | 27.3750   
2      | 55.5507    | 56.4000    | 21.9540    | 25.3500   
3      | 58.3779    | 59.9750    | 18.8546    | 23.2750   
4      | 60.7531    | 63.1750    | 16.0375    | 21.2000   
5      | 62.9777    | 66.3250    | 13.9869    | 19.5250   
6      | 65.1464    | 69.7250    | 11.9810    | 17.7500   
7      | 67.0319    | 72.9000    | 10.2835    | 16.1500   
8      | 48.6629    | 48.7500    | 32.3818    | 31.9000   
9      | 46.3002    | 46.3750    | 36.7510    | 34.3250   

TIME TAKEN = 634.99833 ms
Run 61

 CPU ACCELERATED IMPLEMENTATION
--------------------------------------------------------------

Index  | Call Model | Call Actual | Put Model  | Put Actual
--------------------------------------------------------------
0      | 51.3883    | 51.7000    | 28.5523    | 29.6500   
1      | 53.1439    | 53.6500    | 24.8999    | 27.3750   
2      | 55.5507    | 56.4000    | 21.9540    | 25.3500   
3      | 58.3779    | 59.9750    | 18.8546    | 23.2750   
4      | 60.7531    | 63.1750    | 16.0375    | 21.2000   
5      | 62.9777    | 66.3250    | 13.9869    | 19.5250   
6      | 65.1464    | 69.7250    | 11.9810    | 17.7500   
7      | 67.0319    | 72.9000    | 10.2835    | 16.1500   
8      | 48.6629    | 48.7500    | 32.3818    | 31.9000   
9      | 46.3002    | 46.3750    | 36.7510    | 34.3250   

TIME TAKEN = 537.61948 ms
Run 62

 CPU ACCELERATED IMPLEMENTATION
--------------------------------------------------------------

Index  | Call Model | Call Actual | Put Model  | Put Actual
--------------------------------------------------------------
0      | 51.3883    | 51.7000    | 28.5523    | 29.6500   
1      | 53.1439    | 53.6500    | 24.8999    | 27.3750   
2      | 55.5507    | 56.4000    | 21.9540    | 25.3500   
3      | 58.3779    | 59.9750    | 18.8546    | 23.2750   
4      | 60.7531    | 63.1750    | 16.0375    | 21.2000   
5      | 62.9777    | 66.3250    | 13.9869    | 19.5250   
6      | 65.1464    | 69.7250    | 11.9810    | 17.7500   
7      | 67.0319    | 72.9000    | 10.2835    | 16.1500   
8      | 48.6629    | 48.7500    | 32.3818    | 31.9000   
9      | 46.3002    | 46.3750    | 36.7510    | 34.3250   

TIME TAKEN = 536.88453 ms
Run 63

 CPU ACCELERATED IMPLEMENTATION
--------------------------------------------------------------

Index  | Call Model | Call Actual | Put Model  | Put Actual
--------------------------------------------------------------
0      | 51.3883    | 51.7000    | 28.5523    | 29.6500   
1      | 53.1439    | 53.6500    | 24.8999    | 27.3750   
2      | 55.5507    | 56.4000    | 21.9540    | 25.3500   
3      | 58.3779    | 59.9750    | 18.8546    | 23.2750   
4      | 60.7531    | 63.1750    | 16.0375    | 21.2000   
5      | 62.9777    | 66.3250    | 13.9869    | 19.5250   
6      | 65.1464    | 69.7250    | 11.9810    | 17.7500   
7      | 67.0319    | 72.9000    | 10.2835    | 16.1500   
8      | 48.6629    | 48.7500    | 32.3818    | 31.9000   
9      | 46.3002    | 46.3750    | 36.7510    | 34.3250   

TIME TAKEN = 542.36894 ms
Run 64

 CPU ACCELERATED IMPLEMENTATION
--------------------------------------------------------------

Index  | Call Model | Call Actual | Put Model  | Put Actual
--------------------------------------------------------------
0      | 51.3883    | 51.7000    | 28.5523    | 29.6500   
1      | 53.1439    | 53.6500    | 24.8999    | 27.3750   
2      | 55.5507    | 56.4000    | 21.9540    | 25.3500   
3      | 58.3779    | 59.9750    | 18.8546    | 23.2750   
4      | 60.7531    | 63.1750    | 16.0375    | 21.2000   
5      | 62.9777    | 66.3250    | 13.9869    | 19.5250   
6      | 65.1464    | 69.7250    | 11.9810    | 17.7500   
7      | 67.0319    | 72.9000    | 10.2835    | 16.1500   
8      | 48.6629    | 48.7500    | 32.3818    | 31.9000   
9      | 46.3002    | 46.3750    | 36.7510    | 34.3250   

TIME TAKEN = 607.33269 ms
Run 65

 CPU ACCELERATED IMPLEMENTATION
--------------------------------------------------------------

Index  | Call Model | Call Actual | Put Model  | Put Actual
--------------------------------------------------------------
0      | 51.3883    | 51.7000    | 28.5523    | 29.6500   
1      | 53.1439    | 53.6500    | 24.8999    | 27.3750   
2      | 55.5507    | 56.4000    | 21.9540    | 25.3500   
3      | 58.3779    | 59.9750    | 18.8546    | 23.2750   
4      | 60.7531    | 63.1750    | 16.0375    | 21.2000   
5      | 62.9777    | 66.3250    | 13.9869    | 19.5250   
6      | 65.1464    | 69.7250    | 11.9810    | 17.7500   
7      | 67.0319    | 72.9000    | 10.2835    | 16.1500   
8      | 48.6629    | 48.7500    | 32.3818    | 31.9000   
9      | 46.3002    | 46.3750    | 36.7510    | 34.3250   

TIME TAKEN = 538.11389 ms
Run 66

 CPU ACCELERATED IMPLEMENTATION
--------------------------------------------------------------

Index  | Call Model | Call Actual | Put Model  | Put Actual
--------------------------------------------------------------
0      | 51.3883    | 51.7000    | 28.5523    | 29.6500   
1      | 53.1439    | 53.6500    | 24.8999    | 27.3750   
2      | 55.5507    | 56.4000    | 21.9540    | 25.3500   
3      | 58.3779    | 59.9750    | 18.8546    | 23.2750   
4      | 60.7531    | 63.1750    | 16.0375    | 21.2000   
5      | 62.9777    | 66.3250    | 13.9869    | 19.5250   
6      | 65.1464    | 69.7250    | 11.9810    | 17.7500   
7      | 67.0319    | 72.9000    | 10.2835    | 16.1500   
8      | 48.6629    | 48.7500    | 32.3818    | 31.9000   
9      | 46.3002    | 46.3750    | 36.7510    | 34.3250   

TIME TAKEN = 536.81806 ms
Run 67

 CPU ACCELERATED IMPLEMENTATION
--------------------------------------------------------------

Index  | Call Model | Call Actual | Put Model  | Put Actual
--------------------------------------------------------------
0      | 51.3883    | 51.7000    | 28.5523    | 29.6500   
1      | 53.1439    | 53.6500    | 24.8999    | 27.3750   
2      | 55.5507    | 56.4000    | 21.9540    | 25.3500   
3      | 58.3779    | 59.9750    | 18.8546    | 23.2750   
4      | 60.7531    | 63.1750    | 16.0375    | 21.2000   
5      | 62.9777    | 66.3250    | 13.9869    | 19.5250   
6      | 65.1464    | 69.7250    | 11.9810    | 17.7500   
7      | 67.0319    | 72.9000    | 10.2835    | 16.1500   
8      | 48.6629    | 48.7500    | 32.3818    | 31.9000   
9      | 46.3002    | 46.3750    | 36.7510    | 34.3250   

TIME TAKEN = 538.06930 ms
Run 68

 CPU ACCELERATED IMPLEMENTATION
--------------------------------------------------------------

Index  | Call Model | Call Actual | Put Model  | Put Actual
--------------------------------------------------------------
0      | 51.3883    | 51.7000    | 28.5523    | 29.6500   
1      | 53.1439    | 53.6500    | 24.8999    | 27.3750   
2      | 55.5507    | 56.4000    | 21.9540    | 25.3500   
3      | 58.3779    | 59.9750    | 18.8546    | 23.2750   
4      | 60.7531    | 63.1750    | 16.0375    | 21.2000   
5      | 62.9777    | 66.3250    | 13.9869    | 19.5250   
6      | 65.1464    | 69.7250    | 11.9810    | 17.7500   
7      | 67.0319    | 72.9000    | 10.2835    | 16.1500   
8      | 48.6629    | 48.7500    | 32.3818    | 31.9000   
9      | 46.3002    | 46.3750    | 36.7510    | 34.3250   

TIME TAKEN = 542.11577 ms
Run 69

 CPU ACCELERATED IMPLEMENTATION
--------------------------------------------------------------

Index  | Call Model | Call Actual | Put Model  | Put Actual
--------------------------------------------------------------
0      | 51.3883    | 51.7000    | 28.5523    | 29.6500   
1      | 53.1439    | 53.6500    | 24.8999    | 27.3750   
2      | 55.5507    | 56.4000    | 21.9540    | 25.3500   
3      | 58.3779    | 59.9750    | 18.8546    | 23.2750   
4      | 60.7531    | 63.1750    | 16.0375    | 21.2000   
5      | 62.9777    | 66.3250    | 13.9869    | 19.5250   
6      | 65.1464    | 69.7250    | 11.9810    | 17.7500   
7      | 67.0319    | 72.9000    | 10.2835    | 16.1500   
8      | 48.6629    | 48.7500    | 32.3818    | 31.9000   
9      | 46.3002    | 46.3750    | 36.7510    | 34.3250   

TIME TAKEN = 541.29476 ms
Run 70

 CPU ACCELERATED IMPLEMENTATION
--------------------------------------------------------------

Index  | Call Model | Call Actual | Put Model  | Put Actual
--------------------------------------------------------------
0      | 51.3883    | 51.7000    | 28.5523    | 29.6500   
1      | 53.1439    | 53.6500    | 24.8999    | 27.3750   
2      | 55.5507    | 56.4000    | 21.9540    | 25.3500   
3      | 58.3779    | 59.9750    | 18.8546    | 23.2750   
4      | 60.7531    | 63.1750    | 16.0375    | 21.2000   
5      | 62.9777    | 66.3250    | 13.9869    | 19.5250   
6      | 65.1464    | 69.7250    | 11.9810    | 17.7500   
7      | 67.0319    | 72.9000    | 10.2835    | 16.1500   
8      | 48.6629    | 48.7500    | 32.3818    | 31.9000   
9      | 46.3002    | 46.3750    | 36.7510    | 34.3250   

TIME TAKEN = 542.34707 ms
Run 71

 CPU ACCELERATED IMPLEMENTATION
--------------------------------------------------------------

Index  | Call Model | Call Actual | Put Model  | Put Actual
--------------------------------------------------------------
0      | 51.3883    | 51.7000    | 28.5523    | 29.6500   
1      | 53.1439    | 53.6500    | 24.8999    | 27.3750   
2      | 55.5507    | 56.4000    | 21.9540    | 25.3500   
3      | 58.3779    | 59.9750    | 18.8546    | 23.2750   
4      | 60.7531    | 63.1750    | 16.0375    | 21.2000   
5      | 62.9777    | 66.3250    | 13.9869    | 19.5250   
6      | 65.1464    | 69.7250    | 11.9810    | 17.7500   
7      | 67.0319    | 72.9000    | 10.2835    | 16.1500   
8      | 48.6629    | 48.7500    | 32.3818    | 31.9000   
9      | 46.3002    | 46.3750    | 36.7510    | 34.3250   

TIME TAKEN = 542.19423 ms
Run 72

 CPU ACCELERATED IMPLEMENTATION
--------------------------------------------------------------

Index  | Call Model | Call Actual | Put Model  | Put Actual
--------------------------------------------------------------
0      | 51.3883    | 51.7000    | 28.5523    | 29.6500   
1      | 53.1439    | 53.6500    | 24.8999    | 27.3750   
2      | 55.5507    | 56.4000    | 21.9540    | 25.3500   
3      | 58.3779    | 59.9750    | 18.8546    | 23.2750   
4      | 60.7531    | 63.1750    | 16.0375    | 21.2000   
5      | 62.9777    | 66.3250    | 13.9869    | 19.5250   
6      | 65.1464    | 69.7250    | 11.9810    | 17.7500   
7      | 67.0319    | 72.9000    | 10.2835    | 16.1500   
8      | 48.6629    | 48.7500    | 32.3818    | 31.9000   
9      | 46.3002    | 46.3750    | 36.7510    | 34.3250   

TIME TAKEN = 538.31359 ms
Run 73

 CPU ACCELERATED IMPLEMENTATION
--------------------------------------------------------------

Index  | Call Model | Call Actual | Put Model  | Put Actual
--------------------------------------------------------------
0      | 51.3883    | 51.7000    | 28.5523    | 29.6500   
1      | 53.1439    | 53.6500    | 24.8999    | 27.3750   
2      | 55.5507    | 56.4000    | 21.9540    | 25.3500   
3      | 58.3779    | 59.9750    | 18.8546    | 23.2750   
4      | 60.7531    | 63.1750    | 16.0375    | 21.2000   
5      | 62.9777    | 66.3250    | 13.9869    | 19.5250   
6      | 65.1464    | 69.7250    | 11.9810    | 17.7500   
7      | 67.0319    | 72.9000    | 10.2835    | 16.1500   
8      | 48.6629    | 48.7500    | 32.3818    | 31.9000   
9      | 46.3002    | 46.3750    | 36.7510    | 34.3250   

TIME TAKEN = 536.62021 ms
Run 74

 CPU ACCELERATED IMPLEMENTATION
--------------------------------------------------------------

Index  | Call Model | Call Actual | Put Model  | Put Actual
--------------------------------------------------------------
0      | 51.3883    | 51.7000    | 28.5523    | 29.6500   
1      | 53.1439    | 53.6500    | 24.8999    | 27.3750   
2      | 55.5507    | 56.4000    | 21.9540    | 25.3500   
3      | 58.3779    | 59.9750    | 18.8546    | 23.2750   
4      | 60.7531    | 63.1750    | 16.0375    | 21.2000   
5      | 62.9777    | 66.3250    | 13.9869    | 19.5250   
6      | 65.1464    | 69.7250    | 11.9810    | 17.7500   
7      | 67.0319    | 72.9000    | 10.2835    | 16.1500   
8      | 48.6629    | 48.7500    | 32.3818    | 31.9000   
9      | 46.3002    | 46.3750    | 36.7510    | 34.3250   

TIME TAKEN = 537.17904 ms
Run 75

 CPU ACCELERATED IMPLEMENTATION
--------------------------------------------------------------

Index  | Call Model | Call Actual | Put Model  | Put Actual
--------------------------------------------------------------
0      | 51.3883    | 51.7000    | 28.5523    | 29.6500   
1      | 53.1439    | 53.6500    | 24.8999    | 27.3750   
2      | 55.5507    | 56.4000    | 21.9540    | 25.3500   
3      | 58.3779    | 59.9750    | 18.8546    | 23.2750   
4      | 60.7531    | 63.1750    | 16.0375    | 21.2000   
5      | 62.9777    | 66.3250    | 13.9869    | 19.5250   
6      | 65.1464    | 69.7250    | 11.9810    | 17.7500   
7      | 67.0319    | 72.9000    | 10.2835    | 16.1500   
8      | 48.6629    | 48.7500    | 32.3818    | 31.9000   
9      | 46.3002    | 46.3750    | 36.7510    | 34.3250   

TIME TAKEN = 539.97585 ms
Run 76

 CPU ACCELERATED IMPLEMENTATION
--------------------------------------------------------------

Index  | Call Model | Call Actual | Put Model  | Put Actual
--------------------------------------------------------------
0      | 51.3883    | 51.7000    | 28.5523    | 29.6500   
1      | 53.1439    | 53.6500    | 24.8999    | 27.3750   
2      | 55.5507    | 56.4000    | 21.9540    | 25.3500   
3      | 58.3779    | 59.9750    | 18.8546    | 23.2750   
4      | 60.7531    | 63.1750    | 16.0375    | 21.2000   
5      | 62.9777    | 66.3250    | 13.9869    | 19.5250   
6      | 65.1464    | 69.7250    | 11.9810    | 17.7500   
7      | 67.0319    | 72.9000    | 10.2835    | 16.1500   
8      | 48.6629    | 48.7500    | 32.3818    | 31.9000   
9      | 46.3002    | 46.3750    | 36.7510    | 34.3250   

TIME TAKEN = 537.45541 ms
Run 77

 CPU ACCELERATED IMPLEMENTATION
--------------------------------------------------------------

Index  | Call Model | Call Actual | Put Model  | Put Actual
--------------------------------------------------------------
0      | 51.3883    | 51.7000    | 28.5523    | 29.6500   
1      | 53.1439    | 53.6500    | 24.8999    | 27.3750   
2      | 55.5507    | 56.4000    | 21.9540    | 25.3500   
3      | 58.3779    | 59.9750    | 18.8546    | 23.2750   
4      | 60.7531    | 63.1750    | 16.0375    | 21.2000   
5      | 62.9777    | 66.3250    | 13.9869    | 19.5250   
6      | 65.1464    | 69.7250    | 11.9810    | 17.7500   
7      | 67.0319    | 72.9000    | 10.2835    | 16.1500   
8      | 48.6629    | 48.7500    | 32.3818    | 31.9000   
9      | 46.3002    | 46.3750    | 36.7510    | 34.3250   

TIME TAKEN = 537.10026 ms
Run 78

 CPU ACCELERATED IMPLEMENTATION
--------------------------------------------------------------

Index  | Call Model | Call Actual | Put Model  | Put Actual
--------------------------------------------------------------
0      | 51.3883    | 51.7000    | 28.5523    | 29.6500   
1      | 53.1439    | 53.6500    | 24.8999    | 27.3750   
2      | 55.5507    | 56.4000    | 21.9540    | 25.3500   
3      | 58.3779    | 59.9750    | 18.8546    | 23.2750   
4      | 60.7531    | 63.1750    | 16.0375    | 21.2000   
5      | 62.9777    | 66.3250    | 13.9869    | 19.5250   
6      | 65.1464    | 69.7250    | 11.9810    | 17.7500   
7      | 67.0319    | 72.9000    | 10.2835    | 16.1500   
8      | 48.6629    | 48.7500    | 32.3818    | 31.9000   
9      | 46.3002    | 46.3750    | 36.7510    | 34.3250   

TIME TAKEN = 538.32713 ms
Run 79

 CPU ACCELERATED IMPLEMENTATION
--------------------------------------------------------------

Index  | Call Model | Call Actual | Put Model  | Put Actual
--------------------------------------------------------------
0      | 51.3883    | 51.7000    | 28.5523    | 29.6500   
1      | 53.1439    | 53.6500    | 24.8999    | 27.3750   
2      | 55.5507    | 56.4000    | 21.9540    | 25.3500   
3      | 58.3779    | 59.9750    | 18.8546    | 23.2750   
4      | 60.7531    | 63.1750    | 16.0375    | 21.2000   
5      | 62.9777    | 66.3250    | 13.9869    | 19.5250   
6      | 65.1464    | 69.7250    | 11.9810    | 17.7500   
7      | 67.0319    | 72.9000    | 10.2835    | 16.1500   
8      | 48.6629    | 48.7500    | 32.3818    | 31.9000   
9      | 46.3002    | 46.3750    | 36.7510    | 34.3250   

TIME TAKEN = 535.40676 ms
Run 80

 CPU ACCELERATED IMPLEMENTATION
--------------------------------------------------------------

Index  | Call Model | Call Actual | Put Model  | Put Actual
--------------------------------------------------------------
0      | 51.3883    | 51.7000    | 28.5523    | 29.6500   
1      | 53.1439    | 53.6500    | 24.8999    | 27.3750   
2      | 55.5507    | 56.4000    | 21.9540    | 25.3500   
3      | 58.3779    | 59.9750    | 18.8546    | 23.2750   
4      | 60.7531    | 63.1750    | 16.0375    | 21.2000   
5      | 62.9777    | 66.3250    | 13.9869    | 19.5250   
6      | 65.1464    | 69.7250    | 11.9810    | 17.7500   
7      | 67.0319    | 72.9000    | 10.2835    | 16.1500   
8      | 48.6629    | 48.7500    | 32.3818    | 31.9000   
9      | 46.3002    | 46.3750    | 36.7510    | 34.3250   

TIME TAKEN = 540.31827 ms
Run 81

 CPU ACCELERATED IMPLEMENTATION
--------------------------------------------------------------

Index  | Call Model | Call Actual | Put Model  | Put Actual
--------------------------------------------------------------
0      | 51.3883    | 51.7000    | 28.5523    | 29.6500   
1      | 53.1439    | 53.6500    | 24.8999    | 27.3750   
2      | 55.5507    | 56.4000    | 21.9540    | 25.3500   
3      | 58.3779    | 59.9750    | 18.8546    | 23.2750   
4      | 60.7531    | 63.1750    | 16.0375    | 21.2000   
5      | 62.9777    | 66.3250    | 13.9869    | 19.5250   
6      | 65.1464    | 69.7250    | 11.9810    | 17.7500   
7      | 67.0319    | 72.9000    | 10.2835    | 16.1500   
8      | 48.6629    | 48.7500    | 32.3818    | 31.9000   
9      | 46.3002    | 46.3750    | 36.7510    | 34.3250   

TIME TAKEN = 555.12244 ms
Run 82

 CPU ACCELERATED IMPLEMENTATION
--------------------------------------------------------------

Index  | Call Model | Call Actual | Put Model  | Put Actual
--------------------------------------------------------------
0      | 51.3883    | 51.7000    | 28.5523    | 29.6500   
1      | 53.1439    | 53.6500    | 24.8999    | 27.3750   
2      | 55.5507    | 56.4000    | 21.9540    | 25.3500   
3      | 58.3779    | 59.9750    | 18.8546    | 23.2750   
4      | 60.7531    | 63.1750    | 16.0375    | 21.2000   
5      | 62.9777    | 66.3250    | 13.9869    | 19.5250   
6      | 65.1464    | 69.7250    | 11.9810    | 17.7500   
7      | 67.0319    | 72.9000    | 10.2835    | 16.1500   
8      | 48.6629    | 48.7500    | 32.3818    | 31.9000   
9      | 46.3002    | 46.3750    | 36.7510    | 34.3250   

TIME TAKEN = 536.42095 ms
Run 83

 CPU ACCELERATED IMPLEMENTATION
--------------------------------------------------------------

Index  | Call Model | Call Actual | Put Model  | Put Actual
--------------------------------------------------------------
0      | 51.3883    | 51.7000    | 28.5523    | 29.6500   
1      | 53.1439    | 53.6500    | 24.8999    | 27.3750   
2      | 55.5507    | 56.4000    | 21.9540    | 25.3500   
3      | 58.3779    | 59.9750    | 18.8546    | 23.2750   
4      | 60.7531    | 63.1750    | 16.0375    | 21.2000   
5      | 62.9777    | 66.3250    | 13.9869    | 19.5250   
6      | 65.1464    | 69.7250    | 11.9810    | 17.7500   
7      | 67.0319    | 72.9000    | 10.2835    | 16.1500   
8      | 48.6629    | 48.7500    | 32.3818    | 31.9000   
9      | 46.3002    | 46.3750    | 36.7510    | 34.3250   

TIME TAKEN = 538.25838 ms
Run 84

 CPU ACCELERATED IMPLEMENTATION
--------------------------------------------------------------

Index  | Call Model | Call Actual | Put Model  | Put Actual
--------------------------------------------------------------
0      | 51.3883    | 51.7000    | 28.5523    | 29.6500   
1      | 53.1439    | 53.6500    | 24.8999    | 27.3750   
2      | 55.5507    | 56.4000    | 21.9540    | 25.3500   
3      | 58.3779    | 59.9750    | 18.8546    | 23.2750   
4      | 60.7531    | 63.1750    | 16.0375    | 21.2000   
5      | 62.9777    | 66.3250    | 13.9869    | 19.5250   
6      | 65.1464    | 69.7250    | 11.9810    | 17.7500   
7      | 67.0319    | 72.9000    | 10.2835    | 16.1500   
8      | 48.6629    | 48.7500    | 32.3818    | 31.9000   
9      | 46.3002    | 46.3750    | 36.7510    | 34.3250   

TIME TAKEN = 536.25235 ms
Run 85

 CPU ACCELERATED IMPLEMENTATION
--------------------------------------------------------------

Index  | Call Model | Call Actual | Put Model  | Put Actual
--------------------------------------------------------------
0      | 51.3883    | 51.7000    | 28.5523    | 29.6500   
1      | 53.1439    | 53.6500    | 24.8999    | 27.3750   
2      | 55.5507    | 56.4000    | 21.9540    | 25.3500   
3      | 58.3779    | 59.9750    | 18.8546    | 23.2750   
4      | 60.7531    | 63.1750    | 16.0375    | 21.2000   
5      | 62.9777    | 66.3250    | 13.9869    | 19.5250   
6      | 65.1464    | 69.7250    | 11.9810    | 17.7500   
7      | 67.0319    | 72.9000    | 10.2835    | 16.1500   
8      | 48.6629    | 48.7500    | 32.3818    | 31.9000   
9      | 46.3002    | 46.3750    | 36.7510    | 34.3250   

TIME TAKEN = 536.31995 ms
Run 86

 CPU ACCELERATED IMPLEMENTATION
--------------------------------------------------------------

Index  | Call Model | Call Actual | Put Model  | Put Actual
--------------------------------------------------------------
0      | 51.3883    | 51.7000    | 28.5523    | 29.6500   
1      | 53.1439    | 53.6500    | 24.8999    | 27.3750   
2      | 55.5507    | 56.4000    | 21.9540    | 25.3500   
3      | 58.3779    | 59.9750    | 18.8546    | 23.2750   
4      | 60.7531    | 63.1750    | 16.0375    | 21.2000   
5      | 62.9777    | 66.3250    | 13.9869    | 19.5250   
6      | 65.1464    | 69.7250    | 11.9810    | 17.7500   
7      | 67.0319    | 72.9000    | 10.2835    | 16.1500   
8      | 48.6629    | 48.7500    | 32.3818    | 31.9000   
9      | 46.3002    | 46.3750    | 36.7510    | 34.3250   

TIME TAKEN = 539.03750 ms
Run 87

 CPU ACCELERATED IMPLEMENTATION
--------------------------------------------------------------

Index  | Call Model | Call Actual | Put Model  | Put Actual
--------------------------------------------------------------
0      | 51.3883    | 51.7000    | 28.5523    | 29.6500   
1      | 53.1439    | 53.6500    | 24.8999    | 27.3750   
2      | 55.5507    | 56.4000    | 21.9540    | 25.3500   
3      | 58.3779    | 59.9750    | 18.8546    | 23.2750   
4      | 60.7531    | 63.1750    | 16.0375    | 21.2000   
5      | 62.9777    | 66.3250    | 13.9869    | 19.5250   
6      | 65.1464    | 69.7250    | 11.9810    | 17.7500   
7      | 67.0319    | 72.9000    | 10.2835    | 16.1500   
8      | 48.6629    | 48.7500    | 32.3818    | 31.9000   
9      | 46.3002    | 46.3750    | 36.7510    | 34.3250   

TIME TAKEN = 573.01480 ms
Run 88

 CPU ACCELERATED IMPLEMENTATION
--------------------------------------------------------------

Index  | Call Model | Call Actual | Put Model  | Put Actual
--------------------------------------------------------------
0      | 51.3883    | 51.7000    | 28.5523    | 29.6500   
1      | 53.1439    | 53.6500    | 24.8999    | 27.3750   
2      | 55.5507    | 56.4000    | 21.9540    | 25.3500   
3      | 58.3779    | 59.9750    | 18.8546    | 23.2750   
4      | 60.7531    | 63.1750    | 16.0375    | 21.2000   
5      | 62.9777    | 66.3250    | 13.9869    | 19.5250   
6      | 65.1464    | 69.7250    | 11.9810    | 17.7500   
7      | 67.0319    | 72.9000    | 10.2835    | 16.1500   
8      | 48.6629    | 48.7500    | 32.3818    | 31.9000   
9      | 46.3002    | 46.3750    | 36.7510    | 34.3250   

TIME TAKEN = 539.53505 ms
Run 89

 CPU ACCELERATED IMPLEMENTATION
--------------------------------------------------------------

Index  | Call Model | Call Actual | Put Model  | Put Actual
--------------------------------------------------------------
0      | 51.3883    | 51.7000    | 28.5523    | 29.6500   
1      | 53.1439    | 53.6500    | 24.8999    | 27.3750   
2      | 55.5507    | 56.4000    | 21.9540    | 25.3500   
3      | 58.3779    | 59.9750    | 18.8546    | 23.2750   
4      | 60.7531    | 63.1750    | 16.0375    | 21.2000   
5      | 62.9777    | 66.3250    | 13.9869    | 19.5250   
6      | 65.1464    | 69.7250    | 11.9810    | 17.7500   
7      | 67.0319    | 72.9000    | 10.2835    | 16.1500   
8      | 48.6629    | 48.7500    | 32.3818    | 31.9000   
9      | 46.3002    | 46.3750    | 36.7510    | 34.3250   

TIME TAKEN = 537.02530 ms
Run 90

 CPU ACCELERATED IMPLEMENTATION
--------------------------------------------------------------

Index  | Call Model | Call Actual | Put Model  | Put Actual
--------------------------------------------------------------
0      | 51.3883    | 51.7000    | 28.5523    | 29.6500   
1      | 53.1439    | 53.6500    | 24.8999    | 27.3750   
2      | 55.5507    | 56.4000    | 21.9540    | 25.3500   
3      | 58.3779    | 59.9750    | 18.8546    | 23.2750   
4      | 60.7531    | 63.1750    | 16.0375    | 21.2000   
5      | 62.9777    | 66.3250    | 13.9869    | 19.5250   
6      | 65.1464    | 69.7250    | 11.9810    | 17.7500   
7      | 67.0319    | 72.9000    | 10.2835    | 16.1500   
8      | 48.6629    | 48.7500    | 32.3818    | 31.9000   
9      | 46.3002    | 46.3750    | 36.7510    | 34.3250   

TIME TAKEN = 542.43755 ms
Run 91

 CPU ACCELERATED IMPLEMENTATION
--------------------------------------------------------------

Index  | Call Model | Call Actual | Put Model  | Put Actual
--------------------------------------------------------------
0      | 51.3883    | 51.7000    | 28.5523    | 29.6500   
1      | 53.1439    | 53.6500    | 24.8999    | 27.3750   
2      | 55.5507    | 56.4000    | 21.9540    | 25.3500   
3      | 58.3779    | 59.9750    | 18.8546    | 23.2750   
4      | 60.7531    | 63.1750    | 16.0375    | 21.2000   
5      | 62.9777    | 66.3250    | 13.9869    | 19.5250   
6      | 65.1464    | 69.7250    | 11.9810    | 17.7500   
7      | 67.0319    | 72.9000    | 10.2835    | 16.1500   
8      | 48.6629    | 48.7500    | 32.3818    | 31.9000   
9      | 46.3002    | 46.3750    | 36.7510    | 34.3250   

TIME TAKEN = 536.35601 ms
Run 92

 CPU ACCELERATED IMPLEMENTATION
--------------------------------------------------------------

Index  | Call Model | Call Actual | Put Model  | Put Actual
--------------------------------------------------------------
0      | 51.3883    | 51.7000    | 28.5523    | 29.6500   
1      | 53.1439    | 53.6500    | 24.8999    | 27.3750   
2      | 55.5507    | 56.4000    | 21.9540    | 25.3500   
3      | 58.3779    | 59.9750    | 18.8546    | 23.2750   
4      | 60.7531    | 63.1750    | 16.0375    | 21.2000   
5      | 62.9777    | 66.3250    | 13.9869    | 19.5250   
6      | 65.1464    | 69.7250    | 11.9810    | 17.7500   
7      | 67.0319    | 72.9000    | 10.2835    | 16.1500   
8      | 48.6629    | 48.7500    | 32.3818    | 31.9000   
9      | 46.3002    | 46.3750    | 36.7510    | 34.3250   

TIME TAKEN = 541.24591 ms
Run 93

 CPU ACCELERATED IMPLEMENTATION
--------------------------------------------------------------

Index  | Call Model | Call Actual | Put Model  | Put Actual
--------------------------------------------------------------
0      | 51.3883    | 51.7000    | 28.5523    | 29.6500   
1      | 53.1439    | 53.6500    | 24.8999    | 27.3750   
2      | 55.5507    | 56.4000    | 21.9540    | 25.3500   
3      | 58.3779    | 59.9750    | 18.8546    | 23.2750   
4      | 60.7531    | 63.1750    | 16.0375    | 21.2000   
5      | 62.9777    | 66.3250    | 13.9869    | 19.5250   
6      | 65.1464    | 69.7250    | 11.9810    | 17.7500   
7      | 67.0319    | 72.9000    | 10.2835    | 16.1500   
8      | 48.6629    | 48.7500    | 32.3818    | 31.9000   
9      | 46.3002    | 46.3750    | 36.7510    | 34.3250   

TIME TAKEN = 535.41163 ms
Run 94

 CPU ACCELERATED IMPLEMENTATION
--------------------------------------------------------------

Index  | Call Model | Call Actual | Put Model  | Put Actual
--------------------------------------------------------------
0      | 51.3883    | 51.7000    | 28.5523    | 29.6500   
1      | 53.1439    | 53.6500    | 24.8999    | 27.3750   
2      | 55.5507    | 56.4000    | 21.9540    | 25.3500   
3      | 58.3779    | 59.9750    | 18.8546    | 23.2750   
4      | 60.7531    | 63.1750    | 16.0375    | 21.2000   
5      | 62.9777    | 66.3250    | 13.9869    | 19.5250   
6      | 65.1464    | 69.7250    | 11.9810    | 17.7500   
7      | 67.0319    | 72.9000    | 10.2835    | 16.1500   
8      | 48.6629    | 48.7500    | 32.3818    | 31.9000   
9      | 46.3002    | 46.3750    | 36.7510    | 34.3250   

TIME TAKEN = 547.69541 ms
Run 95

 CPU ACCELERATED IMPLEMENTATION
--------------------------------------------------------------

Index  | Call Model | Call Actual | Put Model  | Put Actual
--------------------------------------------------------------
0      | 51.3883    | 51.7000    | 28.5523    | 29.6500   
1      | 53.1439    | 53.6500    | 24.8999    | 27.3750   
2      | 55.5507    | 56.4000    | 21.9540    | 25.3500   
3      | 58.3779    | 59.9750    | 18.8546    | 23.2750   
4      | 60.7531    | 63.1750    | 16.0375    | 21.2000   
5      | 62.9777    | 66.3250    | 13.9869    | 19.5250   
6      | 65.1464    | 69.7250    | 11.9810    | 17.7500   
7      | 67.0319    | 72.9000    | 10.2835    | 16.1500   
8      | 48.6629    | 48.7500    | 32.3818    | 31.9000   
9      | 46.3002    | 46.3750    | 36.7510    | 34.3250   

TIME TAKEN = 578.00850 ms
Run 96

 CPU ACCELERATED IMPLEMENTATION
--------------------------------------------------------------

Index  | Call Model | Call Actual | Put Model  | Put Actual
--------------------------------------------------------------
0      | 51.3883    | 51.7000    | 28.5523    | 29.6500   
1      | 53.1439    | 53.6500    | 24.8999    | 27.3750   
2      | 55.5507    | 56.4000    | 21.9540    | 25.3500   
3      | 58.3779    | 59.9750    | 18.8546    | 23.2750   
4      | 60.7531    | 63.1750    | 16.0375    | 21.2000   
5      | 62.9777    | 66.3250    | 13.9869    | 19.5250   
6      | 65.1464    | 69.7250    | 11.9810    | 17.7500   
7      | 67.0319    | 72.9000    | 10.2835    | 16.1500   
8      | 48.6629    | 48.7500    | 32.3818    | 31.9000   
9      | 46.3002    | 46.3750    | 36.7510    | 34.3250   

TIME TAKEN = 522.76125 ms
Run 97

 CPU ACCELERATED IMPLEMENTATION
--------------------------------------------------------------

Index  | Call Model | Call Actual | Put Model  | Put Actual
--------------------------------------------------------------
0      | 51.3883    | 51.7000    | 28.5523    | 29.6500   
1      | 53.1439    | 53.6500    | 24.8999    | 27.3750   
2      | 55.5507    | 56.4000    | 21.9540    | 25.3500   
3      | 58.3779    | 59.9750    | 18.8546    | 23.2750   
4      | 60.7531    | 63.1750    | 16.0375    | 21.2000   
5      | 62.9777    | 66.3250    | 13.9869    | 19.5250   
6      | 65.1464    | 69.7250    | 11.9810    | 17.7500   
7      | 67.0319    | 72.9000    | 10.2835    | 16.1500   
8      | 48.6629    | 48.7500    | 32.3818    | 31.9000   
9      | 46.3002    | 46.3750    | 36.7510    | 34.3250   

TIME TAKEN = 511.99837 ms
Run 98

 CPU ACCELERATED IMPLEMENTATION
--------------------------------------------------------------

Index  | Call Model | Call Actual | Put Model  | Put Actual
--------------------------------------------------------------
0      | 51.3883    | 51.7000    | 28.5523    | 29.6500   
1      | 53.1439    | 53.6500    | 24.8999    | 27.3750   
2      | 55.5507    | 56.4000    | 21.9540    | 25.3500   
3      | 58.3779    | 59.9750    | 18.8546    | 23.2750   
4      | 60.7531    | 63.1750    | 16.0375    | 21.2000   
5      | 62.9777    | 66.3250    | 13.9869    | 19.5250   
6      | 65.1464    | 69.7250    | 11.9810    | 17.7500   
7      | 67.0319    | 72.9000    | 10.2835    | 16.1500   
8      | 48.6629    | 48.7500    | 32.3818    | 31.9000   
9      | 46.3002    | 46.3750    | 36.7510    | 34.3250   

TIME TAKEN = 509.25664 ms
Run 99

 CPU ACCELERATED IMPLEMENTATION
--------------------------------------------------------------

Index  | Call Model | Call Actual | Put Model  | Put Actual
--------------------------------------------------------------
0      | 51.3883    | 51.7000    | 28.5523    | 29.6500   
1      | 53.1439    | 53.6500    | 24.8999    | 27.3750   
2      | 55.5507    | 56.4000    | 21.9540    | 25.3500   
3      | 58.3779    | 59.9750    | 18.8546    | 23.2750   
4      | 60.7531    | 63.1750    | 16.0375    | 21.2000   
5      | 62.9777    | 66.3250    | 13.9869    | 19.5250   
6      | 65.1464    | 69.7250    | 11.9810    | 17.7500   
7      | 67.0319    | 72.9000    | 10.2835    | 16.1500   
8      | 48.6629    | 48.7500    | 32.3818    | 31.9000   
9      | 46.3002    | 46.3750    | 36.7510    | 34.3250   

TIME TAKEN = 509.26824 ms
Run 100

 CPU ACCELERATED IMPLEMENTATION
--------------------------------------------------------------

Index  | Call Model | Call Actual | Put Model  | Put Actual
--------------------------------------------------------------
0      | 51.3883    | 51.7000    | 28.5523    | 29.6500   
1      | 53.1439    | 53.6500    | 24.8999    | 27.3750   
2      | 55.5507    | 56.4000    | 21.9540    | 25.3500   
3      | 58.3779    | 59.9750    | 18.8546    | 23.2750   
4      | 60.7531    | 63.1750    | 16.0375    | 21.2000   
5      | 62.9777    | 66.3250    | 13.9869    | 19.5250   
6      | 65.1464    | 69.7250    | 11.9810    | 17.7500   
7      | 67.0319    | 72.9000    | 10.2835    | 16.1500   
8      | 48.6629    | 48.7500    | 32.3818    | 31.9000   
9      | 46.3002    | 46.3750    | 36.7510    | 34.3250   

TIME TAKEN = 508.55199 ms
Benchmarking: bin/black_scholes_cpu_acc
Run 1

 CPU ACCELERATED IMPLEMENTATION
--------------------------------------------------------------

Index  | Call Model | Call Actual | Put Model  | Put Actual
--------------------------------------------------------------
0      | 51.3883    | 51.7000    | 28.5523    | 29.6500   
1      | 53.1439    | 53.6500    | 24.8999    | 27.3750   
2      | 55.5507    | 56.4000    | 21.9540    | 25.3500   
3      | 58.3779    | 59.9750    | 18.8546    | 23.2750   
4      | 60.7531    | 63.1750    | 16.0375    | 21.2000   
5      | 62.9777    | 66.3250    | 13.9869    | 19.5250   
6      | 65.1464    | 69.7250    | 11.9810    | 17.7500   
7      | 67.0319    | 72.9000    | 10.2835    | 16.1500   
8      | 48.6629    | 48.7500    | 32.3818    | 31.9000   
9      | 46.3002    | 46.3750    | 36.7510    | 34.3250   

TIME TAKEN = 570.26571 ms
Run 2

 CPU ACCELERATED IMPLEMENTATION
--------------------------------------------------------------

Index  | Call Model | Call Actual | Put Model  | Put Actual
--------------------------------------------------------------
0      | 51.3883    | 51.7000    | 28.5523    | 29.6500   
1      | 53.1439    | 53.6500    | 24.8999    | 27.3750   
2      | 55.5507    | 56.4000    | 21.9540    | 25.3500   
3      | 58.3779    | 59.9750    | 18.8546    | 23.2750   
4      | 60.7531    | 63.1750    | 16.0375    | 21.2000   
5      | 62.9777    | 66.3250    | 13.9869    | 19.5250   
6      | 65.1464    | 69.7250    | 11.9810    | 17.7500   
7      | 67.0319    | 72.9000    | 10.2835    | 16.1500   
8      | 48.6629    | 48.7500    | 32.3818    | 31.9000   
9      | 46.3002    | 46.3750    | 36.7510    | 34.3250   

TIME TAKEN = 622.19501 ms
Run 3

 CPU ACCELERATED IMPLEMENTATION
--------------------------------------------------------------

Index  | Call Model | Call Actual | Put Model  | Put Actual
--------------------------------------------------------------
0      | 51.3883    | 51.7000    | 28.5523    | 29.6500   
1      | 53.1439    | 53.6500    | 24.8999    | 27.3750   
2      | 55.5507    | 56.4000    | 21.9540    | 25.3500   
3      | 58.3779    | 59.9750    | 18.8546    | 23.2750   
4      | 60.7531    | 63.1750    | 16.0375    | 21.2000   
5      | 62.9777    | 66.3250    | 13.9869    | 19.5250   
6      | 65.1464    | 69.7250    | 11.9810    | 17.7500   
7      | 67.0319    | 72.9000    | 10.2835    | 16.1500   
8      | 48.6629    | 48.7500    | 32.3818    | 31.9000   
9      | 46.3002    | 46.3750    | 36.7510    | 34.3250   

TIME TAKEN = 730.50907 ms
Run 4

 CPU ACCELERATED IMPLEMENTATION
--------------------------------------------------------------

Index  | Call Model | Call Actual | Put Model  | Put Actual
--------------------------------------------------------------
0      | 51.3883    | 51.7000    | 28.5523    | 29.6500   
1      | 53.1439    | 53.6500    | 24.8999    | 27.3750   
2      | 55.5507    | 56.4000    | 21.9540    | 25.3500   
3      | 58.3779    | 59.9750    | 18.8546    | 23.2750   
4      | 60.7531    | 63.1750    | 16.0375    | 21.2000   
5      | 62.9777    | 66.3250    | 13.9869    | 19.5250   
6      | 65.1464    | 69.7250    | 11.9810    | 17.7500   
7      | 67.0319    | 72.9000    | 10.2835    | 16.1500   
8      | 48.6629    | 48.7500    | 32.3818    | 31.9000   
9      | 46.3002    | 46.3750    | 36.7510    | 34.3250   

TIME TAKEN = 615.22863 ms
Run 5

 CPU ACCELERATED IMPLEMENTATION
--------------------------------------------------------------

Index  | Call Model | Call Actual | Put Model  | Put Actual
--------------------------------------------------------------
0      | 51.3883    | 51.7000    | 28.5523    | 29.6500   
1      | 53.1439    | 53.6500    | 24.8999    | 27.3750   
2      | 55.5507    | 56.4000    | 21.9540    | 25.3500   
3      | 58.3779    | 59.9750    | 18.8546    | 23.2750   
4      | 60.7531    | 63.1750    | 16.0375    | 21.2000   
5      | 62.9777    | 66.3250    | 13.9869    | 19.5250   
6      | 65.1464    | 69.7250    | 11.9810    | 17.7500   
7      | 67.0319    | 72.9000    | 10.2835    | 16.1500   
8      | 48.6629    | 48.7500    | 32.3818    | 31.9000   
9      | 46.3002    | 46.3750    | 36.7510    | 34.3250   

TIME TAKEN = 504.84602 ms
Run 6

 CPU ACCELERATED IMPLEMENTATION
--------------------------------------------------------------

Index  | Call Model | Call Actual | Put Model  | Put Actual
--------------------------------------------------------------
0      | 51.3883    | 51.7000    | 28.5523    | 29.6500   
1      | 53.1439    | 53.6500    | 24.8999    | 27.3750   
2      | 55.5507    | 56.4000    | 21.9540    | 25.3500   
3      | 58.3779    | 59.9750    | 18.8546    | 23.2750   
4      | 60.7531    | 63.1750    | 16.0375    | 21.2000   
5      | 62.9777    | 66.3250    | 13.9869    | 19.5250   
6      | 65.1464    | 69.7250    | 11.9810    | 17.7500   
7      | 67.0319    | 72.9000    | 10.2835    | 16.1500   
8      | 48.6629    | 48.7500    | 32.3818    | 31.9000   
9      | 46.3002    | 46.3750    | 36.7510    | 34.3250   

TIME TAKEN = 547.81388 ms
Run 7

 CPU ACCELERATED IMPLEMENTATION
--------------------------------------------------------------

Index  | Call Model | Call Actual | Put Model  | Put Actual
--------------------------------------------------------------
0      | 51.3883    | 51.7000    | 28.5523    | 29.6500   
1      | 53.1439    | 53.6500    | 24.8999    | 27.3750   
2      | 55.5507    | 56.4000    | 21.9540    | 25.3500   
3      | 58.3779    | 59.9750    | 18.8546    | 23.2750   
4      | 60.7531    | 63.1750    | 16.0375    | 21.2000   
5      | 62.9777    | 66.3250    | 13.9869    | 19.5250   
6      | 65.1464    | 69.7250    | 11.9810    | 17.7500   
7      | 67.0319    | 72.9000    | 10.2835    | 16.1500   
8      | 48.6629    | 48.7500    | 32.3818    | 31.9000   
9      | 46.3002    | 46.3750    | 36.7510    | 34.3250   

TIME TAKEN = 584.39627 ms
Run 8

 CPU ACCELERATED IMPLEMENTATION
--------------------------------------------------------------

Index  | Call Model | Call Actual | Put Model  | Put Actual
--------------------------------------------------------------
0      | 51.3883    | 51.7000    | 28.5523    | 29.6500   
1      | 53.1439    | 53.6500    | 24.8999    | 27.3750   
2      | 55.5507    | 56.4000    | 21.9540    | 25.3500   
3      | 58.3779    | 59.9750    | 18.8546    | 23.2750   
4      | 60.7531    | 63.1750    | 16.0375    | 21.2000   
5      | 62.9777    | 66.3250    | 13.9869    | 19.5250   
6      | 65.1464    | 69.7250    | 11.9810    | 17.7500   
7      | 67.0319    | 72.9000    | 10.2835    | 16.1500   
8      | 48.6629    | 48.7500    | 32.3818    | 31.9000   
9      | 46.3002    | 46.3750    | 36.7510    | 34.3250   

TIME TAKEN = 596.07053 ms
Run 9

 CPU ACCELERATED IMPLEMENTATION
--------------------------------------------------------------

Index  | Call Model | Call Actual | Put Model  | Put Actual
--------------------------------------------------------------
0      | 51.3883    | 51.7000    | 28.5523    | 29.6500   
1      | 53.1439    | 53.6500    | 24.8999    | 27.3750   
2      | 55.5507    | 56.4000    | 21.9540    | 25.3500   
3      | 58.3779    | 59.9750    | 18.8546    | 23.2750   
4      | 60.7531    | 63.1750    | 16.0375    | 21.2000   
5      | 62.9777    | 66.3250    | 13.9869    | 19.5250   
6      | 65.1464    | 69.7250    | 11.9810    | 17.7500   
7      | 67.0319    | 72.9000    | 10.2835    | 16.1500   
8      | 48.6629    | 48.7500    | 32.3818    | 31.9000   
9      | 46.3002    | 46.3750    | 36.7510    | 34.3250   

TIME TAKEN = 539.07133 ms
Run 10

 CPU ACCELERATED IMPLEMENTATION
--------------------------------------------------------------

Index  | Call Model | Call Actual | Put Model  | Put Actual
--------------------------------------------------------------
0      | 51.3883    | 51.7000    | 28.5523    | 29.6500   
1      | 53.1439    | 53.6500    | 24.8999    | 27.3750   
2      | 55.5507    | 56.4000    | 21.9540    | 25.3500   
3      | 58.3779    | 59.9750    | 18.8546    | 23.2750   
4      | 60.7531    | 63.1750    | 16.0375    | 21.2000   
5      | 62.9777    | 66.3250    | 13.9869    | 19.5250   
6      | 65.1464    | 69.7250    | 11.9810    | 17.7500   
7      | 67.0319    | 72.9000    | 10.2835    | 16.1500   
8      | 48.6629    | 48.7500    | 32.3818    | 31.9000   
9      | 46.3002    | 46.3750    | 36.7510    | 34.3250   

TIME TAKEN = 568.30871 ms
Run 11

 CPU ACCELERATED IMPLEMENTATION
--------------------------------------------------------------

Index  | Call Model | Call Actual | Put Model  | Put Actual
--------------------------------------------------------------
0      | 51.3883    | 51.7000    | 28.5523    | 29.6500   
1      | 53.1439    | 53.6500    | 24.8999    | 27.3750   
2      | 55.5507    | 56.4000    | 21.9540    | 25.3500   
3      | 58.3779    | 59.9750    | 18.8546    | 23.2750   
4      | 60.7531    | 63.1750    | 16.0375    | 21.2000   
5      | 62.9777    | 66.3250    | 13.9869    | 19.5250   
6      | 65.1464    | 69.7250    | 11.9810    | 17.7500   
7      | 67.0319    | 72.9000    | 10.2835    | 16.1500   
8      | 48.6629    | 48.7500    | 32.3818    | 31.9000   
9      | 46.3002    | 46.3750    | 36.7510    | 34.3250   

TIME TAKEN = 648.43521 ms
Run 12

 CPU ACCELERATED IMPLEMENTATION
--------------------------------------------------------------

Index  | Call Model | Call Actual | Put Model  | Put Actual
--------------------------------------------------------------
0      | 51.3883    | 51.7000    | 28.5523    | 29.6500   
1      | 53.1439    | 53.6500    | 24.8999    | 27.3750   
2      | 55.5507    | 56.4000    | 21.9540    | 25.3500   
3      | 58.3779    | 59.9750    | 18.8546    | 23.2750   
4      | 60.7531    | 63.1750    | 16.0375    | 21.2000   
5      | 62.9777    | 66.3250    | 13.9869    | 19.5250   
6      | 65.1464    | 69.7250    | 11.9810    | 17.7500   
7      | 67.0319    | 72.9000    | 10.2835    | 16.1500   
8      | 48.6629    | 48.7500    | 32.3818    | 31.9000   
9      | 46.3002    | 46.3750    | 36.7510    | 34.3250   

TIME TAKEN = 628.71180 ms
Run 13

 CPU ACCELERATED IMPLEMENTATION
--------------------------------------------------------------

Index  | Call Model | Call Actual | Put Model  | Put Actual
--------------------------------------------------------------
0      | 51.3883    | 51.7000    | 28.5523    | 29.6500   
1      | 53.1439    | 53.6500    | 24.8999    | 27.3750   
2      | 55.5507    | 56.4000    | 21.9540    | 25.3500   
3      | 58.3779    | 59.9750    | 18.8546    | 23.2750   
4      | 60.7531    | 63.1750    | 16.0375    | 21.2000   
5      | 62.9777    | 66.3250    | 13.9869    | 19.5250   
6      | 65.1464    | 69.7250    | 11.9810    | 17.7500   
7      | 67.0319    | 72.9000    | 10.2835    | 16.1500   
8      | 48.6629    | 48.7500    | 32.3818    | 31.9000   
9      | 46.3002    | 46.3750    | 36.7510    | 34.3250   

TIME TAKEN = 597.59211 ms
Run 14

 CPU ACCELERATED IMPLEMENTATION
--------------------------------------------------------------

Index  | Call Model | Call Actual | Put Model  | Put Actual
--------------------------------------------------------------
0      | 51.3883    | 51.7000    | 28.5523    | 29.6500   
1      | 53.1439    | 53.6500    | 24.8999    | 27.3750   
2      | 55.5507    | 56.4000    | 21.9540    | 25.3500   
3      | 58.3779    | 59.9750    | 18.8546    | 23.2750   
4      | 60.7531    | 63.1750    | 16.0375    | 21.2000   
5      | 62.9777    | 66.3250    | 13.9869    | 19.5250   
6      | 65.1464    | 69.7250    | 11.9810    | 17.7500   
7      | 67.0319    | 72.9000    | 10.2835    | 16.1500   
8      | 48.6629    | 48.7500    | 32.3818    | 31.9000   
9      | 46.3002    | 46.3750    | 36.7510    | 34.3250   

TIME TAKEN = 523.17285 ms
Run 15

 CPU ACCELERATED IMPLEMENTATION
--------------------------------------------------------------

Index  | Call Model | Call Actual | Put Model  | Put Actual
--------------------------------------------------------------
0      | 51.3883    | 51.7000    | 28.5523    | 29.6500   
1      | 53.1439    | 53.6500    | 24.8999    | 27.3750   
2      | 55.5507    | 56.4000    | 21.9540    | 25.3500   
3      | 58.3779    | 59.9750    | 18.8546    | 23.2750   
4      | 60.7531    | 63.1750    | 16.0375    | 21.2000   
5      | 62.9777    | 66.3250    | 13.9869    | 19.5250   
6      | 65.1464    | 69.7250    | 11.9810    | 17.7500   
7      | 67.0319    | 72.9000    | 10.2835    | 16.1500   
8      | 48.6629    | 48.7500    | 32.3818    | 31.9000   
9      | 46.3002    | 46.3750    | 36.7510    | 34.3250   

TIME TAKEN = 537.60097 ms
Run 16

 CPU ACCELERATED IMPLEMENTATION
--------------------------------------------------------------

Index  | Call Model | Call Actual | Put Model  | Put Actual
--------------------------------------------------------------
0      | 51.3883    | 51.7000    | 28.5523    | 29.6500   
1      | 53.1439    | 53.6500    | 24.8999    | 27.3750   
2      | 55.5507    | 56.4000    | 21.9540    | 25.3500   
3      | 58.3779    | 59.9750    | 18.8546    | 23.2750   
4      | 60.7531    | 63.1750    | 16.0375    | 21.2000   
5      | 62.9777    | 66.3250    | 13.9869    | 19.5250   
6      | 65.1464    | 69.7250    | 11.9810    | 17.7500   
7      | 67.0319    | 72.9000    | 10.2835    | 16.1500   
8      | 48.6629    | 48.7500    | 32.3818    | 31.9000   
9      | 46.3002    | 46.3750    | 36.7510    | 34.3250   

TIME TAKEN = 502.49575 ms
Run 17

 CPU ACCELERATED IMPLEMENTATION
--------------------------------------------------------------

Index  | Call Model | Call Actual | Put Model  | Put Actual
--------------------------------------------------------------
0      | 51.3883    | 51.7000    | 28.5523    | 29.6500   
1      | 53.1439    | 53.6500    | 24.8999    | 27.3750   
2      | 55.5507    | 56.4000    | 21.9540    | 25.3500   
3      | 58.3779    | 59.9750    | 18.8546    | 23.2750   
4      | 60.7531    | 63.1750    | 16.0375    | 21.2000   
5      | 62.9777    | 66.3250    | 13.9869    | 19.5250   
6      | 65.1464    | 69.7250    | 11.9810    | 17.7500   
7      | 67.0319    | 72.9000    | 10.2835    | 16.1500   
8      | 48.6629    | 48.7500    | 32.3818    | 31.9000   
9      | 46.3002    | 46.3750    | 36.7510    | 34.3250   

TIME TAKEN = 571.65769 ms
Run 18

 CPU ACCELERATED IMPLEMENTATION
--------------------------------------------------------------

Index  | Call Model | Call Actual | Put Model  | Put Actual
--------------------------------------------------------------
0      | 51.3883    | 51.7000    | 28.5523    | 29.6500   
1      | 53.1439    | 53.6500    | 24.8999    | 27.3750   
2      | 55.5507    | 56.4000    | 21.9540    | 25.3500   
3      | 58.3779    | 59.9750    | 18.8546    | 23.2750   
4      | 60.7531    | 63.1750    | 16.0375    | 21.2000   
5      | 62.9777    | 66.3250    | 13.9869    | 19.5250   
6      | 65.1464    | 69.7250    | 11.9810    | 17.7500   
7      | 67.0319    | 72.9000    | 10.2835    | 16.1500   
8      | 48.6629    | 48.7500    | 32.3818    | 31.9000   
9      | 46.3002    | 46.3750    | 36.7510    | 34.3250   

TIME TAKEN = 522.58265 ms
Run 19

 CPU ACCELERATED IMPLEMENTATION
--------------------------------------------------------------

Index  | Call Model | Call Actual | Put Model  | Put Actual
--------------------------------------------------------------
0      | 51.3883    | 51.7000    | 28.5523    | 29.6500   
1      | 53.1439    | 53.6500    | 24.8999    | 27.3750   
2      | 55.5507    | 56.4000    | 21.9540    | 25.3500   
3      | 58.3779    | 59.9750    | 18.8546    | 23.2750   
4      | 60.7531    | 63.1750    | 16.0375    | 21.2000   
5      | 62.9777    | 66.3250    | 13.9869    | 19.5250   
6      | 65.1464    | 69.7250    | 11.9810    | 17.7500   
7      | 67.0319    | 72.9000    | 10.2835    | 16.1500   
8      | 48.6629    | 48.7500    | 32.3818    | 31.9000   
9      | 46.3002    | 46.3750    | 36.7510    | 34.3250   

TIME TAKEN = 601.22753 ms
Run 20

 CPU ACCELERATED IMPLEMENTATION
--------------------------------------------------------------

Index  | Call Model | Call Actual | Put Model  | Put Actual
--------------------------------------------------------------
0      | 51.3883    | 51.7000    | 28.5523    | 29.6500   
1      | 53.1439    | 53.6500    | 24.8999    | 27.3750   
2      | 55.5507    | 56.4000    | 21.9540    | 25.3500   
3      | 58.3779    | 59.9750    | 18.8546    | 23.2750   
4      | 60.7531    | 63.1750    | 16.0375    | 21.2000   
5      | 62.9777    | 66.3250    | 13.9869    | 19.5250   
6      | 65.1464    | 69.7250    | 11.9810    | 17.7500   
7      | 67.0319    | 72.9000    | 10.2835    | 16.1500   
8      | 48.6629    | 48.7500    | 32.3818    | 31.9000   
9      | 46.3002    | 46.3750    | 36.7510    | 34.3250   

TIME TAKEN = 641.55934 ms
Run 21

 CPU ACCELERATED IMPLEMENTATION
--------------------------------------------------------------

Index  | Call Model | Call Actual | Put Model  | Put Actual
--------------------------------------------------------------
0      | 51.3883    | 51.7000    | 28.5523    | 29.6500   
1      | 53.1439    | 53.6500    | 24.8999    | 27.3750   
2      | 55.5507    | 56.4000    | 21.9540    | 25.3500   
3      | 58.3779    | 59.9750    | 18.8546    | 23.2750   
4      | 60.7531    | 63.1750    | 16.0375    | 21.2000   
5      | 62.9777    | 66.3250    | 13.9869    | 19.5250   
6      | 65.1464    | 69.7250    | 11.9810    | 17.7500   
7      | 67.0319    | 72.9000    | 10.2835    | 16.1500   
8      | 48.6629    | 48.7500    | 32.3818    | 31.9000   
9      | 46.3002    | 46.3750    | 36.7510    | 34.3250   

TIME TAKEN = 530.19721 ms
Run 22

 CPU ACCELERATED IMPLEMENTATION
--------------------------------------------------------------

Index  | Call Model | Call Actual | Put Model  | Put Actual
--------------------------------------------------------------
0      | 51.3883    | 51.7000    | 28.5523    | 29.6500   
1      | 53.1439    | 53.6500    | 24.8999    | 27.3750   
2      | 55.5507    | 56.4000    | 21.9540    | 25.3500   
3      | 58.3779    | 59.9750    | 18.8546    | 23.2750   
4      | 60.7531    | 63.1750    | 16.0375    | 21.2000   
5      | 62.9777    | 66.3250    | 13.9869    | 19.5250   
6      | 65.1464    | 69.7250    | 11.9810    | 17.7500   
7      | 67.0319    | 72.9000    | 10.2835    | 16.1500   
8      | 48.6629    | 48.7500    | 32.3818    | 31.9000   
9      | 46.3002    | 46.3750    | 36.7510    | 34.3250   

TIME TAKEN = 567.08166 ms
Run 23

 CPU ACCELERATED IMPLEMENTATION
--------------------------------------------------------------

Index  | Call Model | Call Actual | Put Model  | Put Actual
--------------------------------------------------------------
0      | 51.3883    | 51.7000    | 28.5523    | 29.6500   
1      | 53.1439    | 53.6500    | 24.8999    | 27.3750   
2      | 55.5507    | 56.4000    | 21.9540    | 25.3500   
3      | 58.3779    | 59.9750    | 18.8546    | 23.2750   
4      | 60.7531    | 63.1750    | 16.0375    | 21.2000   
5      | 62.9777    | 66.3250    | 13.9869    | 19.5250   
6      | 65.1464    | 69.7250    | 11.9810    | 17.7500   
7      | 67.0319    | 72.9000    | 10.2835    | 16.1500   
8      | 48.6629    | 48.7500    | 32.3818    | 31.9000   
9      | 46.3002    | 46.3750    | 36.7510    | 34.3250   

TIME TAKEN = 503.23466 ms
Run 24

 CPU ACCELERATED IMPLEMENTATION
--------------------------------------------------------------

Index  | Call Model | Call Actual | Put Model  | Put Actual
--------------------------------------------------------------
0      | 51.3883    | 51.7000    | 28.5523    | 29.6500   
1      | 53.1439    | 53.6500    | 24.8999    | 27.3750   
2      | 55.5507    | 56.4000    | 21.9540    | 25.3500   
3      | 58.3779    | 59.9750    | 18.8546    | 23.2750   
4      | 60.7531    | 63.1750    | 16.0375    | 21.2000   
5      | 62.9777    | 66.3250    | 13.9869    | 19.5250   
6      | 65.1464    | 69.7250    | 11.9810    | 17.7500   
7      | 67.0319    | 72.9000    | 10.2835    | 16.1500   
8      | 48.6629    | 48.7500    | 32.3818    | 31.9000   
9      | 46.3002    | 46.3750    | 36.7510    | 34.3250   

TIME TAKEN = 570.55993 ms
Run 25

 CPU ACCELERATED IMPLEMENTATION
--------------------------------------------------------------

Index  | Call Model | Call Actual | Put Model  | Put Actual
--------------------------------------------------------------
0      | 51.3883    | 51.7000    | 28.5523    | 29.6500   
1      | 53.1439    | 53.6500    | 24.8999    | 27.3750   
2      | 55.5507    | 56.4000    | 21.9540    | 25.3500   
3      | 58.3779    | 59.9750    | 18.8546    | 23.2750   
4      | 60.7531    | 63.1750    | 16.0375    | 21.2000   
5      | 62.9777    | 66.3250    | 13.9869    | 19.5250   
6      | 65.1464    | 69.7250    | 11.9810    | 17.7500   
7      | 67.0319    | 72.9000    | 10.2835    | 16.1500   
8      | 48.6629    | 48.7500    | 32.3818    | 31.9000   
9      | 46.3002    | 46.3750    | 36.7510    | 34.3250   

TIME TAKEN = 522.01446 ms
Run 26

 CPU ACCELERATED IMPLEMENTATION
--------------------------------------------------------------

Index  | Call Model | Call Actual | Put Model  | Put Actual
--------------------------------------------------------------
0      | 51.3883    | 51.7000    | 28.5523    | 29.6500   
1      | 53.1439    | 53.6500    | 24.8999    | 27.3750   
2      | 55.5507    | 56.4000    | 21.9540    | 25.3500   
3      | 58.3779    | 59.9750    | 18.8546    | 23.2750   
4      | 60.7531    | 63.1750    | 16.0375    | 21.2000   
5      | 62.9777    | 66.3250    | 13.9869    | 19.5250   
6      | 65.1464    | 69.7250    | 11.9810    | 17.7500   
7      | 67.0319    | 72.9000    | 10.2835    | 16.1500   
8      | 48.6629    | 48.7500    | 32.3818    | 31.9000   
9      | 46.3002    | 46.3750    | 36.7510    | 34.3250   

TIME TAKEN = 614.32780 ms
Run 27

 CPU ACCELERATED IMPLEMENTATION
--------------------------------------------------------------

Index  | Call Model | Call Actual | Put Model  | Put Actual
--------------------------------------------------------------
0      | 51.3883    | 51.7000    | 28.5523    | 29.6500   
1      | 53.1439    | 53.6500    | 24.8999    | 27.3750   
2      | 55.5507    | 56.4000    | 21.9540    | 25.3500   
3      | 58.3779    | 59.9750    | 18.8546    | 23.2750   
4      | 60.7531    | 63.1750    | 16.0375    | 21.2000   
5      | 62.9777    | 66.3250    | 13.9869    | 19.5250   
6      | 65.1464    | 69.7250    | 11.9810    | 17.7500   
7      | 67.0319    | 72.9000    | 10.2835    | 16.1500   
8      | 48.6629    | 48.7500    | 32.3818    | 31.9000   
9      | 46.3002    | 46.3750    | 36.7510    | 34.3250   

TIME TAKEN = 648.10933 ms
Run 28

 CPU ACCELERATED IMPLEMENTATION
--------------------------------------------------------------

Index  | Call Model | Call Actual | Put Model  | Put Actual
--------------------------------------------------------------
0      | 51.3883    | 51.7000    | 28.5523    | 29.6500   
1      | 53.1439    | 53.6500    | 24.8999    | 27.3750   
2      | 55.5507    | 56.4000    | 21.9540    | 25.3500   
3      | 58.3779    | 59.9750    | 18.8546    | 23.2750   
4      | 60.7531    | 63.1750    | 16.0375    | 21.2000   
5      | 62.9777    | 66.3250    | 13.9869    | 19.5250   
6      | 65.1464    | 69.7250    | 11.9810    | 17.7500   
7      | 67.0319    | 72.9000    | 10.2835    | 16.1500   
8      | 48.6629    | 48.7500    | 32.3818    | 31.9000   
9      | 46.3002    | 46.3750    | 36.7510    | 34.3250   

TIME TAKEN = 571.54553 ms
Run 29

 CPU ACCELERATED IMPLEMENTATION
--------------------------------------------------------------

Index  | Call Model | Call Actual | Put Model  | Put Actual
--------------------------------------------------------------
0      | 51.3883    | 51.7000    | 28.5523    | 29.6500   
1      | 53.1439    | 53.6500    | 24.8999    | 27.3750   
2      | 55.5507    | 56.4000    | 21.9540    | 25.3500   
3      | 58.3779    | 59.9750    | 18.8546    | 23.2750   
4      | 60.7531    | 63.1750    | 16.0375    | 21.2000   
5      | 62.9777    | 66.3250    | 13.9869    | 19.5250   
6      | 65.1464    | 69.7250    | 11.9810    | 17.7500   
7      | 67.0319    | 72.9000    | 10.2835    | 16.1500   
8      | 48.6629    | 48.7500    | 32.3818    | 31.9000   
9      | 46.3002    | 46.3750    | 36.7510    | 34.3250   

TIME TAKEN = 610.85704 ms
Run 30

 CPU ACCELERATED IMPLEMENTATION
--------------------------------------------------------------

Index  | Call Model | Call Actual | Put Model  | Put Actual
--------------------------------------------------------------
0      | 51.3883    | 51.7000    | 28.5523    | 29.6500   
1      | 53.1439    | 53.6500    | 24.8999    | 27.3750   
2      | 55.5507    | 56.4000    | 21.9540    | 25.3500   
3      | 58.3779    | 59.9750    | 18.8546    | 23.2750   
4      | 60.7531    | 63.1750    | 16.0375    | 21.2000   
5      | 62.9777    | 66.3250    | 13.9869    | 19.5250   
6      | 65.1464    | 69.7250    | 11.9810    | 17.7500   
7      | 67.0319    | 72.9000    | 10.2835    | 16.1500   
8      | 48.6629    | 48.7500    | 32.3818    | 31.9000   
9      | 46.3002    | 46.3750    | 36.7510    | 34.3250   

TIME TAKEN = 703.29334 ms
Run 31

 CPU ACCELERATED IMPLEMENTATION
--------------------------------------------------------------

Index  | Call Model | Call Actual | Put Model  | Put Actual
--------------------------------------------------------------
0      | 51.3883    | 51.7000    | 28.5523    | 29.6500   
1      | 53.1439    | 53.6500    | 24.8999    | 27.3750   
2      | 55.5507    | 56.4000    | 21.9540    | 25.3500   
3      | 58.3779    | 59.9750    | 18.8546    | 23.2750   
4      | 60.7531    | 63.1750    | 16.0375    | 21.2000   
5      | 62.9777    | 66.3250    | 13.9869    | 19.5250   
6      | 65.1464    | 69.7250    | 11.9810    | 17.7500   
7      | 67.0319    | 72.9000    | 10.2835    | 16.1500   
8      | 48.6629    | 48.7500    | 32.3818    | 31.9000   
9      | 46.3002    | 46.3750    | 36.7510    | 34.3250   

TIME TAKEN = 568.03113 ms
Run 32

 CPU ACCELERATED IMPLEMENTATION
--------------------------------------------------------------

Index  | Call Model | Call Actual | Put Model  | Put Actual
--------------------------------------------------------------
0      | 51.3883    | 51.7000    | 28.5523    | 29.6500   
1      | 53.1439    | 53.6500    | 24.8999    | 27.3750   
2      | 55.5507    | 56.4000    | 21.9540    | 25.3500   
3      | 58.3779    | 59.9750    | 18.8546    | 23.2750   
4      | 60.7531    | 63.1750    | 16.0375    | 21.2000   
5      | 62.9777    | 66.3250    | 13.9869    | 19.5250   
6      | 65.1464    | 69.7250    | 11.9810    | 17.7500   
7      | 67.0319    | 72.9000    | 10.2835    | 16.1500   
8      | 48.6629    | 48.7500    | 32.3818    | 31.9000   
9      | 46.3002    | 46.3750    | 36.7510    | 34.3250   

TIME TAKEN = 502.55900 ms
Run 33

 CPU ACCELERATED IMPLEMENTATION
--------------------------------------------------------------

Index  | Call Model | Call Actual | Put Model  | Put Actual
--------------------------------------------------------------
0      | 51.3883    | 51.7000    | 28.5523    | 29.6500   
1      | 53.1439    | 53.6500    | 24.8999    | 27.3750   
2      | 55.5507    | 56.4000    | 21.9540    | 25.3500   
3      | 58.3779    | 59.9750    | 18.8546    | 23.2750   
4      | 60.7531    | 63.1750    | 16.0375    | 21.2000   
5      | 62.9777    | 66.3250    | 13.9869    | 19.5250   
6      | 65.1464    | 69.7250    | 11.9810    | 17.7500   
7      | 67.0319    | 72.9000    | 10.2835    | 16.1500   
8      | 48.6629    | 48.7500    | 32.3818    | 31.9000   
9      | 46.3002    | 46.3750    | 36.7510    | 34.3250   

TIME TAKEN = 541.00682 ms
Run 34

 CPU ACCELERATED IMPLEMENTATION
--------------------------------------------------------------

Index  | Call Model | Call Actual | Put Model  | Put Actual
--------------------------------------------------------------
0      | 51.3883    | 51.7000    | 28.5523    | 29.6500   
1      | 53.1439    | 53.6500    | 24.8999    | 27.3750   
2      | 55.5507    | 56.4000    | 21.9540    | 25.3500   
3      | 58.3779    | 59.9750    | 18.8546    | 23.2750   
4      | 60.7531    | 63.1750    | 16.0375    | 21.2000   
5      | 62.9777    | 66.3250    | 13.9869    | 19.5250   
6      | 65.1464    | 69.7250    | 11.9810    | 17.7500   
7      | 67.0319    | 72.9000    | 10.2835    | 16.1500   
8      | 48.6629    | 48.7500    | 32.3818    | 31.9000   
9      | 46.3002    | 46.3750    | 36.7510    | 34.3250   

TIME TAKEN = 596.12603 ms
Run 35

 CPU ACCELERATED IMPLEMENTATION
--------------------------------------------------------------

Index  | Call Model | Call Actual | Put Model  | Put Actual
--------------------------------------------------------------
0      | 51.3883    | 51.7000    | 28.5523    | 29.6500   
1      | 53.1439    | 53.6500    | 24.8999    | 27.3750   
2      | 55.5507    | 56.4000    | 21.9540    | 25.3500   
3      | 58.3779    | 59.9750    | 18.8546    | 23.2750   
4      | 60.7531    | 63.1750    | 16.0375    | 21.2000   
5      | 62.9777    | 66.3250    | 13.9869    | 19.5250   
6      | 65.1464    | 69.7250    | 11.9810    | 17.7500   
7      | 67.0319    | 72.9000    | 10.2835    | 16.1500   
8      | 48.6629    | 48.7500    | 32.3818    | 31.9000   
9      | 46.3002    | 46.3750    | 36.7510    | 34.3250   

TIME TAKEN = 552.86994 ms
Run 36

 CPU ACCELERATED IMPLEMENTATION
--------------------------------------------------------------

Index  | Call Model | Call Actual | Put Model  | Put Actual
--------------------------------------------------------------
0      | 51.3883    | 51.7000    | 28.5523    | 29.6500   
1      | 53.1439    | 53.6500    | 24.8999    | 27.3750   
2      | 55.5507    | 56.4000    | 21.9540    | 25.3500   
3      | 58.3779    | 59.9750    | 18.8546    | 23.2750   
4      | 60.7531    | 63.1750    | 16.0375    | 21.2000   
5      | 62.9777    | 66.3250    | 13.9869    | 19.5250   
6      | 65.1464    | 69.7250    | 11.9810    | 17.7500   
7      | 67.0319    | 72.9000    | 10.2835    | 16.1500   
8      | 48.6629    | 48.7500    | 32.3818    | 31.9000   
9      | 46.3002    | 46.3750    | 36.7510    | 34.3250   

TIME TAKEN = 510.05309 ms
Run 37

 CPU ACCELERATED IMPLEMENTATION
--------------------------------------------------------------

Index  | Call Model | Call Actual | Put Model  | Put Actual
--------------------------------------------------------------
0      | 51.3883    | 51.7000    | 28.5523    | 29.6500   
1      | 53.1439    | 53.6500    | 24.8999    | 27.3750   
2      | 55.5507    | 56.4000    | 21.9540    | 25.3500   
3      | 58.3779    | 59.9750    | 18.8546    | 23.2750   
4      | 60.7531    | 63.1750    | 16.0375    | 21.2000   
5      | 62.9777    | 66.3250    | 13.9869    | 19.5250   
6      | 65.1464    | 69.7250    | 11.9810    | 17.7500   
7      | 67.0319    | 72.9000    | 10.2835    | 16.1500   
8      | 48.6629    | 48.7500    | 32.3818    | 31.9000   
9      | 46.3002    | 46.3750    | 36.7510    | 34.3250   

TIME TAKEN = 771.25381 ms
Run 38

 CPU ACCELERATED IMPLEMENTATION
--------------------------------------------------------------

Index  | Call Model | Call Actual | Put Model  | Put Actual
--------------------------------------------------------------
0      | 51.3883    | 51.7000    | 28.5523    | 29.6500   
1      | 53.1439    | 53.6500    | 24.8999    | 27.3750   
2      | 55.5507    | 56.4000    | 21.9540    | 25.3500   
3      | 58.3779    | 59.9750    | 18.8546    | 23.2750   
4      | 60.7531    | 63.1750    | 16.0375    | 21.2000   
5      | 62.9777    | 66.3250    | 13.9869    | 19.5250   
6      | 65.1464    | 69.7250    | 11.9810    | 17.7500   
7      | 67.0319    | 72.9000    | 10.2835    | 16.1500   
8      | 48.6629    | 48.7500    | 32.3818    | 31.9000   
9      | 46.3002    | 46.3750    | 36.7510    | 34.3250   

TIME TAKEN = 518.89900 ms
Run 39

 CPU ACCELERATED IMPLEMENTATION
--------------------------------------------------------------

Index  | Call Model | Call Actual | Put Model  | Put Actual
--------------------------------------------------------------
0      | 51.3883    | 51.7000    | 28.5523    | 29.6500   
1      | 53.1439    | 53.6500    | 24.8999    | 27.3750   
2      | 55.5507    | 56.4000    | 21.9540    | 25.3500   
3      | 58.3779    | 59.9750    | 18.8546    | 23.2750   
4      | 60.7531    | 63.1750    | 16.0375    | 21.2000   
5      | 62.9777    | 66.3250    | 13.9869    | 19.5250   
6      | 65.1464    | 69.7250    | 11.9810    | 17.7500   
7      | 67.0319    | 72.9000    | 10.2835    | 16.1500   
8      | 48.6629    | 48.7500    | 32.3818    | 31.9000   
9      | 46.3002    | 46.3750    | 36.7510    | 34.3250   

TIME TAKEN = 555.79789 ms
Run 40

 CPU ACCELERATED IMPLEMENTATION
--------------------------------------------------------------

Index  | Call Model | Call Actual | Put Model  | Put Actual
--------------------------------------------------------------
0      | 51.3883    | 51.7000    | 28.5523    | 29.6500   
1      | 53.1439    | 53.6500    | 24.8999    | 27.3750   
2      | 55.5507    | 56.4000    | 21.9540    | 25.3500   
3      | 58.3779    | 59.9750    | 18.8546    | 23.2750   
4      | 60.7531    | 63.1750    | 16.0375    | 21.2000   
5      | 62.9777    | 66.3250    | 13.9869    | 19.5250   
6      | 65.1464    | 69.7250    | 11.9810    | 17.7500   
7      | 67.0319    | 72.9000    | 10.2835    | 16.1500   
8      | 48.6629    | 48.7500    | 32.3818    | 31.9000   
9      | 46.3002    | 46.3750    | 36.7510    | 34.3250   

TIME TAKEN = 624.29452 ms
Run 41

 CPU ACCELERATED IMPLEMENTATION
--------------------------------------------------------------

Index  | Call Model | Call Actual | Put Model  | Put Actual
--------------------------------------------------------------
0      | 51.3883    | 51.7000    | 28.5523    | 29.6500   
1      | 53.1439    | 53.6500    | 24.8999    | 27.3750   
2      | 55.5507    | 56.4000    | 21.9540    | 25.3500   
3      | 58.3779    | 59.9750    | 18.8546    | 23.2750   
4      | 60.7531    | 63.1750    | 16.0375    | 21.2000   
5      | 62.9777    | 66.3250    | 13.9869    | 19.5250   
6      | 65.1464    | 69.7250    | 11.9810    | 17.7500   
7      | 67.0319    | 72.9000    | 10.2835    | 16.1500   
8      | 48.6629    | 48.7500    | 32.3818    | 31.9000   
9      | 46.3002    | 46.3750    | 36.7510    | 34.3250   

TIME TAKEN = 585.83200 ms
Run 42

 CPU ACCELERATED IMPLEMENTATION
--------------------------------------------------------------

Index  | Call Model | Call Actual | Put Model  | Put Actual
--------------------------------------------------------------
0      | 51.3883    | 51.7000    | 28.5523    | 29.6500   
1      | 53.1439    | 53.6500    | 24.8999    | 27.3750   
2      | 55.5507    | 56.4000    | 21.9540    | 25.3500   
3      | 58.3779    | 59.9750    | 18.8546    | 23.2750   
4      | 60.7531    | 63.1750    | 16.0375    | 21.2000   
5      | 62.9777    | 66.3250    | 13.9869    | 19.5250   
6      | 65.1464    | 69.7250    | 11.9810    | 17.7500   
7      | 67.0319    | 72.9000    | 10.2835    | 16.1500   
8      | 48.6629    | 48.7500    | 32.3818    | 31.9000   
9      | 46.3002    | 46.3750    | 36.7510    | 34.3250   

TIME TAKEN = 566.72492 ms
Run 43

 CPU ACCELERATED IMPLEMENTATION
--------------------------------------------------------------

Index  | Call Model | Call Actual | Put Model  | Put Actual
--------------------------------------------------------------
0      | 51.3883    | 51.7000    | 28.5523    | 29.6500   
1      | 53.1439    | 53.6500    | 24.8999    | 27.3750   
2      | 55.5507    | 56.4000    | 21.9540    | 25.3500   
3      | 58.3779    | 59.9750    | 18.8546    | 23.2750   
4      | 60.7531    | 63.1750    | 16.0375    | 21.2000   
5      | 62.9777    | 66.3250    | 13.9869    | 19.5250   
6      | 65.1464    | 69.7250    | 11.9810    | 17.7500   
7      | 67.0319    | 72.9000    | 10.2835    | 16.1500   
8      | 48.6629    | 48.7500    | 32.3818    | 31.9000   
9      | 46.3002    | 46.3750    | 36.7510    | 34.3250   

TIME TAKEN = 539.37765 ms
Run 44

 CPU ACCELERATED IMPLEMENTATION
--------------------------------------------------------------

Index  | Call Model | Call Actual | Put Model  | Put Actual
--------------------------------------------------------------
0      | 51.3883    | 51.7000    | 28.5523    | 29.6500   
1      | 53.1439    | 53.6500    | 24.8999    | 27.3750   
2      | 55.5507    | 56.4000    | 21.9540    | 25.3500   
3      | 58.3779    | 59.9750    | 18.8546    | 23.2750   
4      | 60.7531    | 63.1750    | 16.0375    | 21.2000   
5      | 62.9777    | 66.3250    | 13.9869    | 19.5250   
6      | 65.1464    | 69.7250    | 11.9810    | 17.7500   
7      | 67.0319    | 72.9000    | 10.2835    | 16.1500   
8      | 48.6629    | 48.7500    | 32.3818    | 31.9000   
9      | 46.3002    | 46.3750    | 36.7510    | 34.3250   

TIME TAKEN = 575.19368 ms
Run 45

 CPU ACCELERATED IMPLEMENTATION
--------------------------------------------------------------

Index  | Call Model | Call Actual | Put Model  | Put Actual
--------------------------------------------------------------
0      | 51.3883    | 51.7000    | 28.5523    | 29.6500   
1      | 53.1439    | 53.6500    | 24.8999    | 27.3750   
2      | 55.5507    | 56.4000    | 21.9540    | 25.3500   
3      | 58.3779    | 59.9750    | 18.8546    | 23.2750   
4      | 60.7531    | 63.1750    | 16.0375    | 21.2000   
5      | 62.9777    | 66.3250    | 13.9869    | 19.5250   
6      | 65.1464    | 69.7250    | 11.9810    | 17.7500   
7      | 67.0319    | 72.9000    | 10.2835    | 16.1500   
8      | 48.6629    | 48.7500    | 32.3818    | 31.9000   
9      | 46.3002    | 46.3750    | 36.7510    | 34.3250   

TIME TAKEN = 548.56807 ms
Run 46

 CPU ACCELERATED IMPLEMENTATION
--------------------------------------------------------------

Index  | Call Model | Call Actual | Put Model  | Put Actual
--------------------------------------------------------------
0      | 51.3883    | 51.7000    | 28.5523    | 29.6500   
1      | 53.1439    | 53.6500    | 24.8999    | 27.3750   
2      | 55.5507    | 56.4000    | 21.9540    | 25.3500   
3      | 58.3779    | 59.9750    | 18.8546    | 23.2750   
4      | 60.7531    | 63.1750    | 16.0375    | 21.2000   
5      | 62.9777    | 66.3250    | 13.9869    | 19.5250   
6      | 65.1464    | 69.7250    | 11.9810    | 17.7500   
7      | 67.0319    | 72.9000    | 10.2835    | 16.1500   
8      | 48.6629    | 48.7500    | 32.3818    | 31.9000   
9      | 46.3002    | 46.3750    | 36.7510    | 34.3250   

TIME TAKEN = 555.08532 ms
Run 47

 CPU ACCELERATED IMPLEMENTATION
--------------------------------------------------------------

Index  | Call Model | Call Actual | Put Model  | Put Actual
--------------------------------------------------------------
0      | 51.3883    | 51.7000    | 28.5523    | 29.6500   
1      | 53.1439    | 53.6500    | 24.8999    | 27.3750   
2      | 55.5507    | 56.4000    | 21.9540    | 25.3500   
3      | 58.3779    | 59.9750    | 18.8546    | 23.2750   
4      | 60.7531    | 63.1750    | 16.0375    | 21.2000   
5      | 62.9777    | 66.3250    | 13.9869    | 19.5250   
6      | 65.1464    | 69.7250    | 11.9810    | 17.7500   
7      | 67.0319    | 72.9000    | 10.2835    | 16.1500   
8      | 48.6629    | 48.7500    | 32.3818    | 31.9000   
9      | 46.3002    | 46.3750    | 36.7510    | 34.3250   

TIME TAKEN = 503.31716 ms
Run 48

 CPU ACCELERATED IMPLEMENTATION
--------------------------------------------------------------

Index  | Call Model | Call Actual | Put Model  | Put Actual
--------------------------------------------------------------
0      | 51.3883    | 51.7000    | 28.5523    | 29.6500   
1      | 53.1439    | 53.6500    | 24.8999    | 27.3750   
2      | 55.5507    | 56.4000    | 21.9540    | 25.3500   
3      | 58.3779    | 59.9750    | 18.8546    | 23.2750   
4      | 60.7531    | 63.1750    | 16.0375    | 21.2000   
5      | 62.9777    | 66.3250    | 13.9869    | 19.5250   
6      | 65.1464    | 69.7250    | 11.9810    | 17.7500   
7      | 67.0319    | 72.9000    | 10.2835    | 16.1500   
8      | 48.6629    | 48.7500    | 32.3818    | 31.9000   
9      | 46.3002    | 46.3750    | 36.7510    | 34.3250   

TIME TAKEN = 588.99043 ms
Run 49

 CPU ACCELERATED IMPLEMENTATION
--------------------------------------------------------------

Index  | Call Model | Call Actual | Put Model  | Put Actual
--------------------------------------------------------------
0      | 51.3883    | 51.7000    | 28.5523    | 29.6500   
1      | 53.1439    | 53.6500    | 24.8999    | 27.3750   
2      | 55.5507    | 56.4000    | 21.9540    | 25.3500   
3      | 58.3779    | 59.9750    | 18.8546    | 23.2750   
4      | 60.7531    | 63.1750    | 16.0375    | 21.2000   
5      | 62.9777    | 66.3250    | 13.9869    | 19.5250   
6      | 65.1464    | 69.7250    | 11.9810    | 17.7500   
7      | 67.0319    | 72.9000    | 10.2835    | 16.1500   
8      | 48.6629    | 48.7500    | 32.3818    | 31.9000   
9      | 46.3002    | 46.3750    | 36.7510    | 34.3250   

TIME TAKEN = 518.15518 ms
Run 50

 CPU ACCELERATED IMPLEMENTATION
--------------------------------------------------------------

Index  | Call Model | Call Actual | Put Model  | Put Actual
--------------------------------------------------------------
0      | 51.3883    | 51.7000    | 28.5523    | 29.6500   
1      | 53.1439    | 53.6500    | 24.8999    | 27.3750   
2      | 55.5507    | 56.4000    | 21.9540    | 25.3500   
3      | 58.3779    | 59.9750    | 18.8546    | 23.2750   
4      | 60.7531    | 63.1750    | 16.0375    | 21.2000   
5      | 62.9777    | 66.3250    | 13.9869    | 19.5250   
6      | 65.1464    | 69.7250    | 11.9810    | 17.7500   
7      | 67.0319    | 72.9000    | 10.2835    | 16.1500   
8      | 48.6629    | 48.7500    | 32.3818    | 31.9000   
9      | 46.3002    | 46.3750    | 36.7510    | 34.3250   

TIME TAKEN = 568.07708 ms
Run 51

 CPU ACCELERATED IMPLEMENTATION
--------------------------------------------------------------

Index  | Call Model | Call Actual | Put Model  | Put Actual
--------------------------------------------------------------
0      | 51.3883    | 51.7000    | 28.5523    | 29.6500   
1      | 53.1439    | 53.6500    | 24.8999    | 27.3750   
2      | 55.5507    | 56.4000    | 21.9540    | 25.3500   
3      | 58.3779    | 59.9750    | 18.8546    | 23.2750   
4      | 60.7531    | 63.1750    | 16.0375    | 21.2000   
5      | 62.9777    | 66.3250    | 13.9869    | 19.5250   
6      | 65.1464    | 69.7250    | 11.9810    | 17.7500   
7      | 67.0319    | 72.9000    | 10.2835    | 16.1500   
8      | 48.6629    | 48.7500    | 32.3818    | 31.9000   
9      | 46.3002    | 46.3750    | 36.7510    | 34.3250   

TIME TAKEN = 586.73246 ms
Run 52

 CPU ACCELERATED IMPLEMENTATION
--------------------------------------------------------------

Index  | Call Model | Call Actual | Put Model  | Put Actual
--------------------------------------------------------------
0      | 51.3883    | 51.7000    | 28.5523    | 29.6500   
1      | 53.1439    | 53.6500    | 24.8999    | 27.3750   
2      | 55.5507    | 56.4000    | 21.9540    | 25.3500   
3      | 58.3779    | 59.9750    | 18.8546    | 23.2750   
4      | 60.7531    | 63.1750    | 16.0375    | 21.2000   
5      | 62.9777    | 66.3250    | 13.9869    | 19.5250   
6      | 65.1464    | 69.7250    | 11.9810    | 17.7500   
7      | 67.0319    | 72.9000    | 10.2835    | 16.1500   
8      | 48.6629    | 48.7500    | 32.3818    | 31.9000   
9      | 46.3002    | 46.3750    | 36.7510    | 34.3250   

TIME TAKEN = 526.53647 ms
Run 53

 CPU ACCELERATED IMPLEMENTATION
--------------------------------------------------------------

Index  | Call Model | Call Actual | Put Model  | Put Actual
--------------------------------------------------------------
0      | 51.3883    | 51.7000    | 28.5523    | 29.6500   
1      | 53.1439    | 53.6500    | 24.8999    | 27.3750   
2      | 55.5507    | 56.4000    | 21.9540    | 25.3500   
3      | 58.3779    | 59.9750    | 18.8546    | 23.2750   
4      | 60.7531    | 63.1750    | 16.0375    | 21.2000   
5      | 62.9777    | 66.3250    | 13.9869    | 19.5250   
6      | 65.1464    | 69.7250    | 11.9810    | 17.7500   
7      | 67.0319    | 72.9000    | 10.2835    | 16.1500   
8      | 48.6629    | 48.7500    | 32.3818    | 31.9000   
9      | 46.3002    | 46.3750    | 36.7510    | 34.3250   

TIME TAKEN = 533.53915 ms
Run 54

 CPU ACCELERATED IMPLEMENTATION
--------------------------------------------------------------

Index  | Call Model | Call Actual | Put Model  | Put Actual
--------------------------------------------------------------
0      | 51.3883    | 51.7000    | 28.5523    | 29.6500   
1      | 53.1439    | 53.6500    | 24.8999    | 27.3750   
2      | 55.5507    | 56.4000    | 21.9540    | 25.3500   
3      | 58.3779    | 59.9750    | 18.8546    | 23.2750   
4      | 60.7531    | 63.1750    | 16.0375    | 21.2000   
5      | 62.9777    | 66.3250    | 13.9869    | 19.5250   
6      | 65.1464    | 69.7250    | 11.9810    | 17.7500   
7      | 67.0319    | 72.9000    | 10.2835    | 16.1500   
8      | 48.6629    | 48.7500    | 32.3818    | 31.9000   
9      | 46.3002    | 46.3750    | 36.7510    | 34.3250   

TIME TAKEN = 503.44335 ms
Run 55

 CPU ACCELERATED IMPLEMENTATION
--------------------------------------------------------------

Index  | Call Model | Call Actual | Put Model  | Put Actual
--------------------------------------------------------------
0      | 51.3883    | 51.7000    | 28.5523    | 29.6500   
1      | 53.1439    | 53.6500    | 24.8999    | 27.3750   
2      | 55.5507    | 56.4000    | 21.9540    | 25.3500   
3      | 58.3779    | 59.9750    | 18.8546    | 23.2750   
4      | 60.7531    | 63.1750    | 16.0375    | 21.2000   
5      | 62.9777    | 66.3250    | 13.9869    | 19.5250   
6      | 65.1464    | 69.7250    | 11.9810    | 17.7500   
7      | 67.0319    | 72.9000    | 10.2835    | 16.1500   
8      | 48.6629    | 48.7500    | 32.3818    | 31.9000   
9      | 46.3002    | 46.3750    | 36.7510    | 34.3250   

TIME TAKEN = 611.27607 ms
Run 56

 CPU ACCELERATED IMPLEMENTATION
--------------------------------------------------------------

Index  | Call Model | Call Actual | Put Model  | Put Actual
--------------------------------------------------------------
0      | 51.3883    | 51.7000    | 28.5523    | 29.6500   
1      | 53.1439    | 53.6500    | 24.8999    | 27.3750   
2      | 55.5507    | 56.4000    | 21.9540    | 25.3500   
3      | 58.3779    | 59.9750    | 18.8546    | 23.2750   
4      | 60.7531    | 63.1750    | 16.0375    | 21.2000   
5      | 62.9777    | 66.3250    | 13.9869    | 19.5250   
6      | 65.1464    | 69.7250    | 11.9810    | 17.7500   
7      | 67.0319    | 72.9000    | 10.2835    | 16.1500   
8      | 48.6629    | 48.7500    | 32.3818    | 31.9000   
9      | 46.3002    | 46.3750    | 36.7510    | 34.3250   

TIME TAKEN = 503.67779 ms
Run 57

 CPU ACCELERATED IMPLEMENTATION
--------------------------------------------------------------

Index  | Call Model | Call Actual | Put Model  | Put Actual
--------------------------------------------------------------
0      | 51.3883    | 51.7000    | 28.5523    | 29.6500   
1      | 53.1439    | 53.6500    | 24.8999    | 27.3750   
2      | 55.5507    | 56.4000    | 21.9540    | 25.3500   
3      | 58.3779    | 59.9750    | 18.8546    | 23.2750   
4      | 60.7531    | 63.1750    | 16.0375    | 21.2000   
5      | 62.9777    | 66.3250    | 13.9869    | 19.5250   
6      | 65.1464    | 69.7250    | 11.9810    | 17.7500   
7      | 67.0319    | 72.9000    | 10.2835    | 16.1500   
8      | 48.6629    | 48.7500    | 32.3818    | 31.9000   
9      | 46.3002    | 46.3750    | 36.7510    | 34.3250   

TIME TAKEN = 589.95014 ms
Run 58

 CPU ACCELERATED IMPLEMENTATION
--------------------------------------------------------------

Index  | Call Model | Call Actual | Put Model  | Put Actual
--------------------------------------------------------------
0      | 51.3883    | 51.7000    | 28.5523    | 29.6500   
1      | 53.1439    | 53.6500    | 24.8999    | 27.3750   
2      | 55.5507    | 56.4000    | 21.9540    | 25.3500   
3      | 58.3779    | 59.9750    | 18.8546    | 23.2750   
4      | 60.7531    | 63.1750    | 16.0375    | 21.2000   
5      | 62.9777    | 66.3250    | 13.9869    | 19.5250   
6      | 65.1464    | 69.7250    | 11.9810    | 17.7500   
7      | 67.0319    | 72.9000    | 10.2835    | 16.1500   
8      | 48.6629    | 48.7500    | 32.3818    | 31.9000   
9      | 46.3002    | 46.3750    | 36.7510    | 34.3250   

TIME TAKEN = 662.03127 ms
Run 59

 CPU ACCELERATED IMPLEMENTATION
--------------------------------------------------------------

Index  | Call Model | Call Actual | Put Model  | Put Actual
--------------------------------------------------------------
0      | 51.3883    | 51.7000    | 28.5523    | 29.6500   
1      | 53.1439    | 53.6500    | 24.8999    | 27.3750   
2      | 55.5507    | 56.4000    | 21.9540    | 25.3500   
3      | 58.3779    | 59.9750    | 18.8546    | 23.2750   
4      | 60.7531    | 63.1750    | 16.0375    | 21.2000   
5      | 62.9777    | 66.3250    | 13.9869    | 19.5250   
6      | 65.1464    | 69.7250    | 11.9810    | 17.7500   
7      | 67.0319    | 72.9000    | 10.2835    | 16.1500   
8      | 48.6629    | 48.7500    | 32.3818    | 31.9000   
9      | 46.3002    | 46.3750    | 36.7510    | 34.3250   

TIME TAKEN = 590.09658 ms
Run 60

 CPU ACCELERATED IMPLEMENTATION
--------------------------------------------------------------

Index  | Call Model | Call Actual | Put Model  | Put Actual
--------------------------------------------------------------
0      | 51.3883    | 51.7000    | 28.5523    | 29.6500   
1      | 53.1439    | 53.6500    | 24.8999    | 27.3750   
2      | 55.5507    | 56.4000    | 21.9540    | 25.3500   
3      | 58.3779    | 59.9750    | 18.8546    | 23.2750   
4      | 60.7531    | 63.1750    | 16.0375    | 21.2000   
5      | 62.9777    | 66.3250    | 13.9869    | 19.5250   
6      | 65.1464    | 69.7250    | 11.9810    | 17.7500   
7      | 67.0319    | 72.9000    | 10.2835    | 16.1500   
8      | 48.6629    | 48.7500    | 32.3818    | 31.9000   
9      | 46.3002    | 46.3750    | 36.7510    | 34.3250   

TIME TAKEN = 601.57370 ms
Run 61

 CPU ACCELERATED IMPLEMENTATION
--------------------------------------------------------------

Index  | Call Model | Call Actual | Put Model  | Put Actual
--------------------------------------------------------------
0      | 51.3883    | 51.7000    | 28.5523    | 29.6500   
1      | 53.1439    | 53.6500    | 24.8999    | 27.3750   
2      | 55.5507    | 56.4000    | 21.9540    | 25.3500   
3      | 58.3779    | 59.9750    | 18.8546    | 23.2750   
4      | 60.7531    | 63.1750    | 16.0375    | 21.2000   
5      | 62.9777    | 66.3250    | 13.9869    | 19.5250   
6      | 65.1464    | 69.7250    | 11.9810    | 17.7500   
7      | 67.0319    | 72.9000    | 10.2835    | 16.1500   
8      | 48.6629    | 48.7500    | 32.3818    | 31.9000   
9      | 46.3002    | 46.3750    | 36.7510    | 34.3250   

TIME TAKEN = 594.04302 ms
Run 62

 CPU ACCELERATED IMPLEMENTATION
--------------------------------------------------------------

Index  | Call Model | Call Actual | Put Model  | Put Actual
--------------------------------------------------------------
0      | 51.3883    | 51.7000    | 28.5523    | 29.6500   
1      | 53.1439    | 53.6500    | 24.8999    | 27.3750   
2      | 55.5507    | 56.4000    | 21.9540    | 25.3500   
3      | 58.3779    | 59.9750    | 18.8546    | 23.2750   
4      | 60.7531    | 63.1750    | 16.0375    | 21.2000   
5      | 62.9777    | 66.3250    | 13.9869    | 19.5250   
6      | 65.1464    | 69.7250    | 11.9810    | 17.7500   
7      | 67.0319    | 72.9000    | 10.2835    | 16.1500   
8      | 48.6629    | 48.7500    | 32.3818    | 31.9000   
9      | 46.3002    | 46.3750    | 36.7510    | 34.3250   

TIME TAKEN = 559.74526 ms
Run 63

 CPU ACCELERATED IMPLEMENTATION
--------------------------------------------------------------

Index  | Call Model | Call Actual | Put Model  | Put Actual
--------------------------------------------------------------
0      | 51.3883    | 51.7000    | 28.5523    | 29.6500   
1      | 53.1439    | 53.6500    | 24.8999    | 27.3750   
2      | 55.5507    | 56.4000    | 21.9540    | 25.3500   
3      | 58.3779    | 59.9750    | 18.8546    | 23.2750   
4      | 60.7531    | 63.1750    | 16.0375    | 21.2000   
5      | 62.9777    | 66.3250    | 13.9869    | 19.5250   
6      | 65.1464    | 69.7250    | 11.9810    | 17.7500   
7      | 67.0319    | 72.9000    | 10.2835    | 16.1500   
8      | 48.6629    | 48.7500    | 32.3818    | 31.9000   
9      | 46.3002    | 46.3750    | 36.7510    | 34.3250   

TIME TAKEN = 508.14687 ms
Run 64

 CPU ACCELERATED IMPLEMENTATION
--------------------------------------------------------------

Index  | Call Model | Call Actual | Put Model  | Put Actual
--------------------------------------------------------------
0      | 51.3883    | 51.7000    | 28.5523    | 29.6500   
1      | 53.1439    | 53.6500    | 24.8999    | 27.3750   
2      | 55.5507    | 56.4000    | 21.9540    | 25.3500   
3      | 58.3779    | 59.9750    | 18.8546    | 23.2750   
4      | 60.7531    | 63.1750    | 16.0375    | 21.2000   
5      | 62.9777    | 66.3250    | 13.9869    | 19.5250   
6      | 65.1464    | 69.7250    | 11.9810    | 17.7500   
7      | 67.0319    | 72.9000    | 10.2835    | 16.1500   
8      | 48.6629    | 48.7500    | 32.3818    | 31.9000   
9      | 46.3002    | 46.3750    | 36.7510    | 34.3250   

TIME TAKEN = 520.28736 ms
Run 65

 CPU ACCELERATED IMPLEMENTATION
--------------------------------------------------------------

Index  | Call Model | Call Actual | Put Model  | Put Actual
--------------------------------------------------------------
0      | 51.3883    | 51.7000    | 28.5523    | 29.6500   
1      | 53.1439    | 53.6500    | 24.8999    | 27.3750   
2      | 55.5507    | 56.4000    | 21.9540    | 25.3500   
3      | 58.3779    | 59.9750    | 18.8546    | 23.2750   
4      | 60.7531    | 63.1750    | 16.0375    | 21.2000   
5      | 62.9777    | 66.3250    | 13.9869    | 19.5250   
6      | 65.1464    | 69.7250    | 11.9810    | 17.7500   
7      | 67.0319    | 72.9000    | 10.2835    | 16.1500   
8      | 48.6629    | 48.7500    | 32.3818    | 31.9000   
9      | 46.3002    | 46.3750    | 36.7510    | 34.3250   

TIME TAKEN = 555.50060 ms
Run 66

 CPU ACCELERATED IMPLEMENTATION
--------------------------------------------------------------

Index  | Call Model | Call Actual | Put Model  | Put Actual
--------------------------------------------------------------
0      | 51.3883    | 51.7000    | 28.5523    | 29.6500   
1      | 53.1439    | 53.6500    | 24.8999    | 27.3750   
2      | 55.5507    | 56.4000    | 21.9540    | 25.3500   
3      | 58.3779    | 59.9750    | 18.8546    | 23.2750   
4      | 60.7531    | 63.1750    | 16.0375    | 21.2000   
5      | 62.9777    | 66.3250    | 13.9869    | 19.5250   
6      | 65.1464    | 69.7250    | 11.9810    | 17.7500   
7      | 67.0319    | 72.9000    | 10.2835    | 16.1500   
8      | 48.6629    | 48.7500    | 32.3818    | 31.9000   
9      | 46.3002    | 46.3750    | 36.7510    | 34.3250   

TIME TAKEN = 569.32819 ms
Run 67

 CPU ACCELERATED IMPLEMENTATION
--------------------------------------------------------------

Index  | Call Model | Call Actual | Put Model  | Put Actual
--------------------------------------------------------------
0      | 51.3883    | 51.7000    | 28.5523    | 29.6500   
1      | 53.1439    | 53.6500    | 24.8999    | 27.3750   
2      | 55.5507    | 56.4000    | 21.9540    | 25.3500   
3      | 58.3779    | 59.9750    | 18.8546    | 23.2750   
4      | 60.7531    | 63.1750    | 16.0375    | 21.2000   
5      | 62.9777    | 66.3250    | 13.9869    | 19.5250   
6      | 65.1464    | 69.7250    | 11.9810    | 17.7500   
7      | 67.0319    | 72.9000    | 10.2835    | 16.1500   
8      | 48.6629    | 48.7500    | 32.3818    | 31.9000   
9      | 46.3002    | 46.3750    | 36.7510    | 34.3250   

TIME TAKEN = 646.25112 ms
Run 68

 CPU ACCELERATED IMPLEMENTATION
--------------------------------------------------------------

Index  | Call Model | Call Actual | Put Model  | Put Actual
--------------------------------------------------------------
0      | 51.3883    | 51.7000    | 28.5523    | 29.6500   
1      | 53.1439    | 53.6500    | 24.8999    | 27.3750   
2      | 55.5507    | 56.4000    | 21.9540    | 25.3500   
3      | 58.3779    | 59.9750    | 18.8546    | 23.2750   
4      | 60.7531    | 63.1750    | 16.0375    | 21.2000   
5      | 62.9777    | 66.3250    | 13.9869    | 19.5250   
6      | 65.1464    | 69.7250    | 11.9810    | 17.7500   
7      | 67.0319    | 72.9000    | 10.2835    | 16.1500   
8      | 48.6629    | 48.7500    | 32.3818    | 31.9000   
9      | 46.3002    | 46.3750    | 36.7510    | 34.3250   

TIME TAKEN = 570.91149 ms
Run 69

 CPU ACCELERATED IMPLEMENTATION
--------------------------------------------------------------

Index  | Call Model | Call Actual | Put Model  | Put Actual
--------------------------------------------------------------
0      | 51.3883    | 51.7000    | 28.5523    | 29.6500   
1      | 53.1439    | 53.6500    | 24.8999    | 27.3750   
2      | 55.5507    | 56.4000    | 21.9540    | 25.3500   
3      | 58.3779    | 59.9750    | 18.8546    | 23.2750   
4      | 60.7531    | 63.1750    | 16.0375    | 21.2000   
5      | 62.9777    | 66.3250    | 13.9869    | 19.5250   
6      | 65.1464    | 69.7250    | 11.9810    | 17.7500   
7      | 67.0319    | 72.9000    | 10.2835    | 16.1500   
8      | 48.6629    | 48.7500    | 32.3818    | 31.9000   
9      | 46.3002    | 46.3750    | 36.7510    | 34.3250   

TIME TAKEN = 503.60627 ms
Run 70

 CPU ACCELERATED IMPLEMENTATION
--------------------------------------------------------------

Index  | Call Model | Call Actual | Put Model  | Put Actual
--------------------------------------------------------------
0      | 51.3883    | 51.7000    | 28.5523    | 29.6500   
1      | 53.1439    | 53.6500    | 24.8999    | 27.3750   
2      | 55.5507    | 56.4000    | 21.9540    | 25.3500   
3      | 58.3779    | 59.9750    | 18.8546    | 23.2750   
4      | 60.7531    | 63.1750    | 16.0375    | 21.2000   
5      | 62.9777    | 66.3250    | 13.9869    | 19.5250   
6      | 65.1464    | 69.7250    | 11.9810    | 17.7500   
7      | 67.0319    | 72.9000    | 10.2835    | 16.1500   
8      | 48.6629    | 48.7500    | 32.3818    | 31.9000   
9      | 46.3002    | 46.3750    | 36.7510    | 34.3250   

TIME TAKEN = 535.23462 ms
Run 71

 CPU ACCELERATED IMPLEMENTATION
--------------------------------------------------------------

Index  | Call Model | Call Actual | Put Model  | Put Actual
--------------------------------------------------------------
0      | 51.3883    | 51.7000    | 28.5523    | 29.6500   
1      | 53.1439    | 53.6500    | 24.8999    | 27.3750   
2      | 55.5507    | 56.4000    | 21.9540    | 25.3500   
3      | 58.3779    | 59.9750    | 18.8546    | 23.2750   
4      | 60.7531    | 63.1750    | 16.0375    | 21.2000   
5      | 62.9777    | 66.3250    | 13.9869    | 19.5250   
6      | 65.1464    | 69.7250    | 11.9810    | 17.7500   
7      | 67.0319    | 72.9000    | 10.2835    | 16.1500   
8      | 48.6629    | 48.7500    | 32.3818    | 31.9000   
9      | 46.3002    | 46.3750    | 36.7510    | 34.3250   

TIME TAKEN = 581.37087 ms
Run 72

 CPU ACCELERATED IMPLEMENTATION
--------------------------------------------------------------

Index  | Call Model | Call Actual | Put Model  | Put Actual
--------------------------------------------------------------
0      | 51.3883    | 51.7000    | 28.5523    | 29.6500   
1      | 53.1439    | 53.6500    | 24.8999    | 27.3750   
2      | 55.5507    | 56.4000    | 21.9540    | 25.3500   
3      | 58.3779    | 59.9750    | 18.8546    | 23.2750   
4      | 60.7531    | 63.1750    | 16.0375    | 21.2000   
5      | 62.9777    | 66.3250    | 13.9869    | 19.5250   
6      | 65.1464    | 69.7250    | 11.9810    | 17.7500   
7      | 67.0319    | 72.9000    | 10.2835    | 16.1500   
8      | 48.6629    | 48.7500    | 32.3818    | 31.9000   
9      | 46.3002    | 46.3750    | 36.7510    | 34.3250   

TIME TAKEN = 529.93913 ms
Run 73

 CPU ACCELERATED IMPLEMENTATION
--------------------------------------------------------------

Index  | Call Model | Call Actual | Put Model  | Put Actual
--------------------------------------------------------------
0      | 51.3883    | 51.7000    | 28.5523    | 29.6500   
1      | 53.1439    | 53.6500    | 24.8999    | 27.3750   
2      | 55.5507    | 56.4000    | 21.9540    | 25.3500   
3      | 58.3779    | 59.9750    | 18.8546    | 23.2750   
4      | 60.7531    | 63.1750    | 16.0375    | 21.2000   
5      | 62.9777    | 66.3250    | 13.9869    | 19.5250   
6      | 65.1464    | 69.7250    | 11.9810    | 17.7500   
7      | 67.0319    | 72.9000    | 10.2835    | 16.1500   
8      | 48.6629    | 48.7500    | 32.3818    | 31.9000   
9      | 46.3002    | 46.3750    | 36.7510    | 34.3250   

TIME TAKEN = 640.54239 ms
Run 74

 CPU ACCELERATED IMPLEMENTATION
--------------------------------------------------------------

Index  | Call Model | Call Actual | Put Model  | Put Actual
--------------------------------------------------------------
0      | 51.3883    | 51.7000    | 28.5523    | 29.6500   
1      | 53.1439    | 53.6500    | 24.8999    | 27.3750   
2      | 55.5507    | 56.4000    | 21.9540    | 25.3500   
3      | 58.3779    | 59.9750    | 18.8546    | 23.2750   
4      | 60.7531    | 63.1750    | 16.0375    | 21.2000   
5      | 62.9777    | 66.3250    | 13.9869    | 19.5250   
6      | 65.1464    | 69.7250    | 11.9810    | 17.7500   
7      | 67.0319    | 72.9000    | 10.2835    | 16.1500   
8      | 48.6629    | 48.7500    | 32.3818    | 31.9000   
9      | 46.3002    | 46.3750    | 36.7510    | 34.3250   

TIME TAKEN = 582.82018 ms
Run 75

 CPU ACCELERATED IMPLEMENTATION
--------------------------------------------------------------

Index  | Call Model | Call Actual | Put Model  | Put Actual
--------------------------------------------------------------
0      | 51.3883    | 51.7000    | 28.5523    | 29.6500   
1      | 53.1439    | 53.6500    | 24.8999    | 27.3750   
2      | 55.5507    | 56.4000    | 21.9540    | 25.3500   
3      | 58.3779    | 59.9750    | 18.8546    | 23.2750   
4      | 60.7531    | 63.1750    | 16.0375    | 21.2000   
5      | 62.9777    | 66.3250    | 13.9869    | 19.5250   
6      | 65.1464    | 69.7250    | 11.9810    | 17.7500   
7      | 67.0319    | 72.9000    | 10.2835    | 16.1500   
8      | 48.6629    | 48.7500    | 32.3818    | 31.9000   
9      | 46.3002    | 46.3750    | 36.7510    | 34.3250   

TIME TAKEN = 503.45123 ms
Run 76

 CPU ACCELERATED IMPLEMENTATION
--------------------------------------------------------------

Index  | Call Model | Call Actual | Put Model  | Put Actual
--------------------------------------------------------------
0      | 51.3883    | 51.7000    | 28.5523    | 29.6500   
1      | 53.1439    | 53.6500    | 24.8999    | 27.3750   
2      | 55.5507    | 56.4000    | 21.9540    | 25.3500   
3      | 58.3779    | 59.9750    | 18.8546    | 23.2750   
4      | 60.7531    | 63.1750    | 16.0375    | 21.2000   
5      | 62.9777    | 66.3250    | 13.9869    | 19.5250   
6      | 65.1464    | 69.7250    | 11.9810    | 17.7500   
7      | 67.0319    | 72.9000    | 10.2835    | 16.1500   
8      | 48.6629    | 48.7500    | 32.3818    | 31.9000   
9      | 46.3002    | 46.3750    | 36.7510    | 34.3250   

TIME TAKEN = 586.54306 ms
Run 77

 CPU ACCELERATED IMPLEMENTATION
--------------------------------------------------------------

Index  | Call Model | Call Actual | Put Model  | Put Actual
--------------------------------------------------------------
0      | 51.3883    | 51.7000    | 28.5523    | 29.6500   
1      | 53.1439    | 53.6500    | 24.8999    | 27.3750   
2      | 55.5507    | 56.4000    | 21.9540    | 25.3500   
3      | 58.3779    | 59.9750    | 18.8546    | 23.2750   
4      | 60.7531    | 63.1750    | 16.0375    | 21.2000   
5      | 62.9777    | 66.3250    | 13.9869    | 19.5250   
6      | 65.1464    | 69.7250    | 11.9810    | 17.7500   
7      | 67.0319    | 72.9000    | 10.2835    | 16.1500   
8      | 48.6629    | 48.7500    | 32.3818    | 31.9000   
9      | 46.3002    | 46.3750    | 36.7510    | 34.3250   

TIME TAKEN = 502.76389 ms
Run 78

 CPU ACCELERATED IMPLEMENTATION
--------------------------------------------------------------

Index  | Call Model | Call Actual | Put Model  | Put Actual
--------------------------------------------------------------
0      | 51.3883    | 51.7000    | 28.5523    | 29.6500   
1      | 53.1439    | 53.6500    | 24.8999    | 27.3750   
2      | 55.5507    | 56.4000    | 21.9540    | 25.3500   
3      | 58.3779    | 59.9750    | 18.8546    | 23.2750   
4      | 60.7531    | 63.1750    | 16.0375    | 21.2000   
5      | 62.9777    | 66.3250    | 13.9869    | 19.5250   
6      | 65.1464    | 69.7250    | 11.9810    | 17.7500   
7      | 67.0319    | 72.9000    | 10.2835    | 16.1500   
8      | 48.6629    | 48.7500    | 32.3818    | 31.9000   
9      | 46.3002    | 46.3750    | 36.7510    | 34.3250   

TIME TAKEN = 510.79978 ms
Run 79

 CPU ACCELERATED IMPLEMENTATION
--------------------------------------------------------------

Index  | Call Model | Call Actual | Put Model  | Put Actual
--------------------------------------------------------------
0      | 51.3883    | 51.7000    | 28.5523    | 29.6500   
1      | 53.1439    | 53.6500    | 24.8999    | 27.3750   
2      | 55.5507    | 56.4000    | 21.9540    | 25.3500   
3      | 58.3779    | 59.9750    | 18.8546    | 23.2750   
4      | 60.7531    | 63.1750    | 16.0375    | 21.2000   
5      | 62.9777    | 66.3250    | 13.9869    | 19.5250   
6      | 65.1464    | 69.7250    | 11.9810    | 17.7500   
7      | 67.0319    | 72.9000    | 10.2835    | 16.1500   
8      | 48.6629    | 48.7500    | 32.3818    | 31.9000   
9      | 46.3002    | 46.3750    | 36.7510    | 34.3250   

TIME TAKEN = 644.33127 ms
Run 80

 CPU ACCELERATED IMPLEMENTATION
--------------------------------------------------------------

Index  | Call Model | Call Actual | Put Model  | Put Actual
--------------------------------------------------------------
0      | 51.3883    | 51.7000    | 28.5523    | 29.6500   
1      | 53.1439    | 53.6500    | 24.8999    | 27.3750   
2      | 55.5507    | 56.4000    | 21.9540    | 25.3500   
3      | 58.3779    | 59.9750    | 18.8546    | 23.2750   
4      | 60.7531    | 63.1750    | 16.0375    | 21.2000   
5      | 62.9777    | 66.3250    | 13.9869    | 19.5250   
6      | 65.1464    | 69.7250    | 11.9810    | 17.7500   
7      | 67.0319    | 72.9000    | 10.2835    | 16.1500   
8      | 48.6629    | 48.7500    | 32.3818    | 31.9000   
9      | 46.3002    | 46.3750    | 36.7510    | 34.3250   

TIME TAKEN = 615.17080 ms
Run 81

 CPU ACCELERATED IMPLEMENTATION
--------------------------------------------------------------

Index  | Call Model | Call Actual | Put Model  | Put Actual
--------------------------------------------------------------
0      | 51.3883    | 51.7000    | 28.5523    | 29.6500   
1      | 53.1439    | 53.6500    | 24.8999    | 27.3750   
2      | 55.5507    | 56.4000    | 21.9540    | 25.3500   
3      | 58.3779    | 59.9750    | 18.8546    | 23.2750   
4      | 60.7531    | 63.1750    | 16.0375    | 21.2000   
5      | 62.9777    | 66.3250    | 13.9869    | 19.5250   
6      | 65.1464    | 69.7250    | 11.9810    | 17.7500   
7      | 67.0319    | 72.9000    | 10.2835    | 16.1500   
8      | 48.6629    | 48.7500    | 32.3818    | 31.9000   
9      | 46.3002    | 46.3750    | 36.7510    | 34.3250   

TIME TAKEN = 548.79496 ms
Run 82

 CPU ACCELERATED IMPLEMENTATION
--------------------------------------------------------------

Index  | Call Model | Call Actual | Put Model  | Put Actual
--------------------------------------------------------------
0      | 51.3883    | 51.7000    | 28.5523    | 29.6500   
1      | 53.1439    | 53.6500    | 24.8999    | 27.3750   
2      | 55.5507    | 56.4000    | 21.9540    | 25.3500   
3      | 58.3779    | 59.9750    | 18.8546    | 23.2750   
4      | 60.7531    | 63.1750    | 16.0375    | 21.2000   
5      | 62.9777    | 66.3250    | 13.9869    | 19.5250   
6      | 65.1464    | 69.7250    | 11.9810    | 17.7500   
7      | 67.0319    | 72.9000    | 10.2835    | 16.1500   
8      | 48.6629    | 48.7500    | 32.3818    | 31.9000   
9      | 46.3002    | 46.3750    | 36.7510    | 34.3250   

TIME TAKEN = 629.54344 ms
Run 83

 CPU ACCELERATED IMPLEMENTATION
--------------------------------------------------------------

Index  | Call Model | Call Actual | Put Model  | Put Actual
--------------------------------------------------------------
0      | 51.3883    | 51.7000    | 28.5523    | 29.6500   
1      | 53.1439    | 53.6500    | 24.8999    | 27.3750   
2      | 55.5507    | 56.4000    | 21.9540    | 25.3500   
3      | 58.3779    | 59.9750    | 18.8546    | 23.2750   
4      | 60.7531    | 63.1750    | 16.0375    | 21.2000   
5      | 62.9777    | 66.3250    | 13.9869    | 19.5250   
6      | 65.1464    | 69.7250    | 11.9810    | 17.7500   
7      | 67.0319    | 72.9000    | 10.2835    | 16.1500   
8      | 48.6629    | 48.7500    | 32.3818    | 31.9000   
9      | 46.3002    | 46.3750    | 36.7510    | 34.3250   

TIME TAKEN = 531.80029 ms
Run 84

 CPU ACCELERATED IMPLEMENTATION
--------------------------------------------------------------

Index  | Call Model | Call Actual | Put Model  | Put Actual
--------------------------------------------------------------
0      | 51.3883    | 51.7000    | 28.5523    | 29.6500   
1      | 53.1439    | 53.6500    | 24.8999    | 27.3750   
2      | 55.5507    | 56.4000    | 21.9540    | 25.3500   
3      | 58.3779    | 59.9750    | 18.8546    | 23.2750   
4      | 60.7531    | 63.1750    | 16.0375    | 21.2000   
5      | 62.9777    | 66.3250    | 13.9869    | 19.5250   
6      | 65.1464    | 69.7250    | 11.9810    | 17.7500   
7      | 67.0319    | 72.9000    | 10.2835    | 16.1500   
8      | 48.6629    | 48.7500    | 32.3818    | 31.9000   
9      | 46.3002    | 46.3750    | 36.7510    | 34.3250   

TIME TAKEN = 538.40077 ms
Run 85

 CPU ACCELERATED IMPLEMENTATION
--------------------------------------------------------------

Index  | Call Model | Call Actual | Put Model  | Put Actual
--------------------------------------------------------------
0      | 51.3883    | 51.7000    | 28.5523    | 29.6500   
1      | 53.1439    | 53.6500    | 24.8999    | 27.3750   
2      | 55.5507    | 56.4000    | 21.9540    | 25.3500   
3      | 58.3779    | 59.9750    | 18.8546    | 23.2750   
4      | 60.7531    | 63.1750    | 16.0375    | 21.2000   
5      | 62.9777    | 66.3250    | 13.9869    | 19.5250   
6      | 65.1464    | 69.7250    | 11.9810    | 17.7500   
7      | 67.0319    | 72.9000    | 10.2835    | 16.1500   
8      | 48.6629    | 48.7500    | 32.3818    | 31.9000   
9      | 46.3002    | 46.3750    | 36.7510    | 34.3250   

TIME TAKEN = 589.03043 ms
Run 86

 CPU ACCELERATED IMPLEMENTATION
--------------------------------------------------------------

Index  | Call Model | Call Actual | Put Model  | Put Actual
--------------------------------------------------------------
0      | 51.3883    | 51.7000    | 28.5523    | 29.6500   
1      | 53.1439    | 53.6500    | 24.8999    | 27.3750   
2      | 55.5507    | 56.4000    | 21.9540    | 25.3500   
3      | 58.3779    | 59.9750    | 18.8546    | 23.2750   
4      | 60.7531    | 63.1750    | 16.0375    | 21.2000   
5      | 62.9777    | 66.3250    | 13.9869    | 19.5250   
6      | 65.1464    | 69.7250    | 11.9810    | 17.7500   
7      | 67.0319    | 72.9000    | 10.2835    | 16.1500   
8      | 48.6629    | 48.7500    | 32.3818    | 31.9000   
9      | 46.3002    | 46.3750    | 36.7510    | 34.3250   

TIME TAKEN = 584.61354 ms
Run 87

 CPU ACCELERATED IMPLEMENTATION
--------------------------------------------------------------

Index  | Call Model | Call Actual | Put Model  | Put Actual
--------------------------------------------------------------
0      | 51.3883    | 51.7000    | 28.5523    | 29.6500   
1      | 53.1439    | 53.6500    | 24.8999    | 27.3750   
2      | 55.5507    | 56.4000    | 21.9540    | 25.3500   
3      | 58.3779    | 59.9750    | 18.8546    | 23.2750   
4      | 60.7531    | 63.1750    | 16.0375    | 21.2000   
5      | 62.9777    | 66.3250    | 13.9869    | 19.5250   
6      | 65.1464    | 69.7250    | 11.9810    | 17.7500   
7      | 67.0319    | 72.9000    | 10.2835    | 16.1500   
8      | 48.6629    | 48.7500    | 32.3818    | 31.9000   
9      | 46.3002    | 46.3750    | 36.7510    | 34.3250   

TIME TAKEN = 502.54380 ms
Run 88

 CPU ACCELERATED IMPLEMENTATION
--------------------------------------------------------------

Index  | Call Model | Call Actual | Put Model  | Put Actual
--------------------------------------------------------------
0      | 51.3883    | 51.7000    | 28.5523    | 29.6500   
1      | 53.1439    | 53.6500    | 24.8999    | 27.3750   
2      | 55.5507    | 56.4000    | 21.9540    | 25.3500   
3      | 58.3779    | 59.9750    | 18.8546    | 23.2750   
4      | 60.7531    | 63.1750    | 16.0375    | 21.2000   
5      | 62.9777    | 66.3250    | 13.9869    | 19.5250   
6      | 65.1464    | 69.7250    | 11.9810    | 17.7500   
7      | 67.0319    | 72.9000    | 10.2835    | 16.1500   
8      | 48.6629    | 48.7500    | 32.3818    | 31.9000   
9      | 46.3002    | 46.3750    | 36.7510    | 34.3250   

TIME TAKEN = 581.48774 ms
Run 89

 CPU ACCELERATED IMPLEMENTATION
--------------------------------------------------------------

Index  | Call Model | Call Actual | Put Model  | Put Actual
--------------------------------------------------------------
0      | 51.3883    | 51.7000    | 28.5523    | 29.6500   
1      | 53.1439    | 53.6500    | 24.8999    | 27.3750   
2      | 55.5507    | 56.4000    | 21.9540    | 25.3500   
3      | 58.3779    | 59.9750    | 18.8546    | 23.2750   
4      | 60.7531    | 63.1750    | 16.0375    | 21.2000   
5      | 62.9777    | 66.3250    | 13.9869    | 19.5250   
6      | 65.1464    | 69.7250    | 11.9810    | 17.7500   
7      | 67.0319    | 72.9000    | 10.2835    | 16.1500   
8      | 48.6629    | 48.7500    | 32.3818    | 31.9000   
9      | 46.3002    | 46.3750    | 36.7510    | 34.3250   

TIME TAKEN = 590.62228 ms
Run 90

 CPU ACCELERATED IMPLEMENTATION
--------------------------------------------------------------

Index  | Call Model | Call Actual | Put Model  | Put Actual
--------------------------------------------------------------
0      | 51.3883    | 51.7000    | 28.5523    | 29.6500   
1      | 53.1439    | 53.6500    | 24.8999    | 27.3750   
2      | 55.5507    | 56.4000    | 21.9540    | 25.3500   
3      | 58.3779    | 59.9750    | 18.8546    | 23.2750   
4      | 60.7531    | 63.1750    | 16.0375    | 21.2000   
5      | 62.9777    | 66.3250    | 13.9869    | 19.5250   
6      | 65.1464    | 69.7250    | 11.9810    | 17.7500   
7      | 67.0319    | 72.9000    | 10.2835    | 16.1500   
8      | 48.6629    | 48.7500    | 32.3818    | 31.9000   
9      | 46.3002    | 46.3750    | 36.7510    | 34.3250   

TIME TAKEN = 502.47982 ms
Run 91

 CPU ACCELERATED IMPLEMENTATION
--------------------------------------------------------------

Index  | Call Model | Call Actual | Put Model  | Put Actual
--------------------------------------------------------------
0      | 51.3883    | 51.7000    | 28.5523    | 29.6500   
1      | 53.1439    | 53.6500    | 24.8999    | 27.3750   
2      | 55.5507    | 56.4000    | 21.9540    | 25.3500   
3      | 58.3779    | 59.9750    | 18.8546    | 23.2750   
4      | 60.7531    | 63.1750    | 16.0375    | 21.2000   
5      | 62.9777    | 66.3250    | 13.9869    | 19.5250   
6      | 65.1464    | 69.7250    | 11.9810    | 17.7500   
7      | 67.0319    | 72.9000    | 10.2835    | 16.1500   
8      | 48.6629    | 48.7500    | 32.3818    | 31.9000   
9      | 46.3002    | 46.3750    | 36.7510    | 34.3250   

TIME TAKEN = 588.73675 ms
Run 92

 CPU ACCELERATED IMPLEMENTATION
--------------------------------------------------------------

Index  | Call Model | Call Actual | Put Model  | Put Actual
--------------------------------------------------------------
0      | 51.3883    | 51.7000    | 28.5523    | 29.6500   
1      | 53.1439    | 53.6500    | 24.8999    | 27.3750   
2      | 55.5507    | 56.4000    | 21.9540    | 25.3500   
3      | 58.3779    | 59.9750    | 18.8546    | 23.2750   
4      | 60.7531    | 63.1750    | 16.0375    | 21.2000   
5      | 62.9777    | 66.3250    | 13.9869    | 19.5250   
6      | 65.1464    | 69.7250    | 11.9810    | 17.7500   
7      | 67.0319    | 72.9000    | 10.2835    | 16.1500   
8      | 48.6629    | 48.7500    | 32.3818    | 31.9000   
9      | 46.3002    | 46.3750    | 36.7510    | 34.3250   

TIME TAKEN = 541.07893 ms
Run 93

 CPU ACCELERATED IMPLEMENTATION
--------------------------------------------------------------

Index  | Call Model | Call Actual | Put Model  | Put Actual
--------------------------------------------------------------
0      | 51.3883    | 51.7000    | 28.5523    | 29.6500   
1      | 53.1439    | 53.6500    | 24.8999    | 27.3750   
2      | 55.5507    | 56.4000    | 21.9540    | 25.3500   
3      | 58.3779    | 59.9750    | 18.8546    | 23.2750   
4      | 60.7531    | 63.1750    | 16.0375    | 21.2000   
5      | 62.9777    | 66.3250    | 13.9869    | 19.5250   
6      | 65.1464    | 69.7250    | 11.9810    | 17.7500   
7      | 67.0319    | 72.9000    | 10.2835    | 16.1500   
8      | 48.6629    | 48.7500    | 32.3818    | 31.9000   
9      | 46.3002    | 46.3750    | 36.7510    | 34.3250   

TIME TAKEN = 544.92037 ms
Run 94

 CPU ACCELERATED IMPLEMENTATION
--------------------------------------------------------------

Index  | Call Model | Call Actual | Put Model  | Put Actual
--------------------------------------------------------------
0      | 51.3883    | 51.7000    | 28.5523    | 29.6500   
1      | 53.1439    | 53.6500    | 24.8999    | 27.3750   
2      | 55.5507    | 56.4000    | 21.9540    | 25.3500   
3      | 58.3779    | 59.9750    | 18.8546    | 23.2750   
4      | 60.7531    | 63.1750    | 16.0375    | 21.2000   
5      | 62.9777    | 66.3250    | 13.9869    | 19.5250   
6      | 65.1464    | 69.7250    | 11.9810    | 17.7500   
7      | 67.0319    | 72.9000    | 10.2835    | 16.1500   
8      | 48.6629    | 48.7500    | 32.3818    | 31.9000   
9      | 46.3002    | 46.3750    | 36.7510    | 34.3250   

TIME TAKEN = 520.20657 ms
Run 95

 CPU ACCELERATED IMPLEMENTATION
--------------------------------------------------------------

Index  | Call Model | Call Actual | Put Model  | Put Actual
--------------------------------------------------------------
0      | 51.3883    | 51.7000    | 28.5523    | 29.6500   
1      | 53.1439    | 53.6500    | 24.8999    | 27.3750   
2      | 55.5507    | 56.4000    | 21.9540    | 25.3500   
3      | 58.3779    | 59.9750    | 18.8546    | 23.2750   
4      | 60.7531    | 63.1750    | 16.0375    | 21.2000   
5      | 62.9777    | 66.3250    | 13.9869    | 19.5250   
6      | 65.1464    | 69.7250    | 11.9810    | 17.7500   
7      | 67.0319    | 72.9000    | 10.2835    | 16.1500   
8      | 48.6629    | 48.7500    | 32.3818    | 31.9000   
9      | 46.3002    | 46.3750    | 36.7510    | 34.3250   

TIME TAKEN = 662.02006 ms
Run 96

 CPU ACCELERATED IMPLEMENTATION
--------------------------------------------------------------

Index  | Call Model | Call Actual | Put Model  | Put Actual
--------------------------------------------------------------
0      | 51.3883    | 51.7000    | 28.5523    | 29.6500   
1      | 53.1439    | 53.6500    | 24.8999    | 27.3750   
2      | 55.5507    | 56.4000    | 21.9540    | 25.3500   
3      | 58.3779    | 59.9750    | 18.8546    | 23.2750   
4      | 60.7531    | 63.1750    | 16.0375    | 21.2000   
5      | 62.9777    | 66.3250    | 13.9869    | 19.5250   
6      | 65.1464    | 69.7250    | 11.9810    | 17.7500   
7      | 67.0319    | 72.9000    | 10.2835    | 16.1500   
8      | 48.6629    | 48.7500    | 32.3818    | 31.9000   
9      | 46.3002    | 46.3750    | 36.7510    | 34.3250   

TIME TAKEN = 584.75499 ms
Run 97

 CPU ACCELERATED IMPLEMENTATION
--------------------------------------------------------------

Index  | Call Model | Call Actual | Put Model  | Put Actual
--------------------------------------------------------------
0      | 51.3883    | 51.7000    | 28.5523    | 29.6500   
1      | 53.1439    | 53.6500    | 24.8999    | 27.3750   
2      | 55.5507    | 56.4000    | 21.9540    | 25.3500   
3      | 58.3779    | 59.9750    | 18.8546    | 23.2750   
4      | 60.7531    | 63.1750    | 16.0375    | 21.2000   
5      | 62.9777    | 66.3250    | 13.9869    | 19.5250   
6      | 65.1464    | 69.7250    | 11.9810    | 17.7500   
7      | 67.0319    | 72.9000    | 10.2835    | 16.1500   
8      | 48.6629    | 48.7500    | 32.3818    | 31.9000   
9      | 46.3002    | 46.3750    | 36.7510    | 34.3250   

TIME TAKEN = 664.96490 ms
Run 98

 CPU ACCELERATED IMPLEMENTATION
--------------------------------------------------------------

Index  | Call Model | Call Actual | Put Model  | Put Actual
--------------------------------------------------------------
0      | 51.3883    | 51.7000    | 28.5523    | 29.6500   
1      | 53.1439    | 53.6500    | 24.8999    | 27.3750   
2      | 55.5507    | 56.4000    | 21.9540    | 25.3500   
3      | 58.3779    | 59.9750    | 18.8546    | 23.2750   
4      | 60.7531    | 63.1750    | 16.0375    | 21.2000   
5      | 62.9777    | 66.3250    | 13.9869    | 19.5250   
6      | 65.1464    | 69.7250    | 11.9810    | 17.7500   
7      | 67.0319    | 72.9000    | 10.2835    | 16.1500   
8      | 48.6629    | 48.7500    | 32.3818    | 31.9000   
9      | 46.3002    | 46.3750    | 36.7510    | 34.3250   

TIME TAKEN = 632.22227 ms
Run 99

 CPU ACCELERATED IMPLEMENTATION
--------------------------------------------------------------

Index  | Call Model | Call Actual | Put Model  | Put Actual
--------------------------------------------------------------
0      | 51.3883    | 51.7000    | 28.5523    | 29.6500   
1      | 53.1439    | 53.6500    | 24.8999    | 27.3750   
2      | 55.5507    | 56.4000    | 21.9540    | 25.3500   
3      | 58.3779    | 59.9750    | 18.8546    | 23.2750   
4      | 60.7531    | 63.1750    | 16.0375    | 21.2000   
5      | 62.9777    | 66.3250    | 13.9869    | 19.5250   
6      | 65.1464    | 69.7250    | 11.9810    | 17.7500   
7      | 67.0319    | 72.9000    | 10.2835    | 16.1500   
8      | 48.6629    | 48.7500    | 32.3818    | 31.9000   
9      | 46.3002    | 46.3750    | 36.7510    | 34.3250   

TIME TAKEN = 573.73577 ms
Run 100

 CPU ACCELERATED IMPLEMENTATION
--------------------------------------------------------------

Index  | Call Model | Call Actual | Put Model  | Put Actual
--------------------------------------------------------------
0      | 51.3883    | 51.7000    | 28.5523    | 29.6500   
1      | 53.1439    | 53.6500    | 24.8999    | 27.3750   
2      | 55.5507    | 56.4000    | 21.9540    | 25.3500   
3      | 58.3779    | 59.9750    | 18.8546    | 23.2750   
4      | 60.7531    | 63.1750    | 16.0375    | 21.2000   
5      | 62.9777    | 66.3250    | 13.9869    | 19.5250   
6      | 65.1464    | 69.7250    | 11.9810    | 17.7500   
7      | 67.0319    | 72.9000    | 10.2835    | 16.1500   
8      | 48.6629    | 48.7500    | 32.3818    | 31.9000   
9      | 46.3002    | 46.3750    | 36.7510    | 34.3250   

TIME TAKEN = 578.04267 ms
Benchmarking: bin/black_scholes_cpu_acc
Run 1

 CPU ACCELERATED IMPLEMENTATION
--------------------------------------------------------------

Index  | Call Model | Call Actual | Put Model  | Put Actual
--------------------------------------------------------------
0      | 51.3883    | 51.7000    | 28.5523    | 29.6500   
1      | 53.1439    | 53.6500    | 24.8999    | 27.3750   
2      | 55.5507    | 56.4000    | 21.9540    | 25.3500   
3      | 58.3779    | 59.9750    | 18.8546    | 23.2750   
4      | 60.7531    | 63.1750    | 16.0375    | 21.2000   
5      | 62.9777    | 66.3250    | 13.9869    | 19.5250   
6      | 65.1464    | 69.7250    | 11.9810    | 17.7500   
7      | 67.0319    | 72.9000    | 10.2835    | 16.1500   
8      | 48.6629    | 48.7500    | 32.3818    | 31.9000   
9      | 46.3002    | 46.3750    | 36.7510    | 34.3250   

TIME TAKEN = 662.25739 ms
Run 2

 CPU ACCELERATED IMPLEMENTATION
--------------------------------------------------------------

Index  | Call Model | Call Actual | Put Model  | Put Actual
--------------------------------------------------------------
0      | 51.3883    | 51.7000    | 28.5523    | 29.6500   
1      | 53.1439    | 53.6500    | 24.8999    | 27.3750   
2      | 55.5507    | 56.4000    | 21.9540    | 25.3500   
3      | 58.3779    | 59.9750    | 18.8546    | 23.2750   
4      | 60.7531    | 63.1750    | 16.0375    | 21.2000   
5      | 62.9777    | 66.3250    | 13.9869    | 19.5250   
6      | 65.1464    | 69.7250    | 11.9810    | 17.7500   
7      | 67.0319    | 72.9000    | 10.2835    | 16.1500   
8      | 48.6629    | 48.7500    | 32.3818    | 31.9000   
9      | 46.3002    | 46.3750    | 36.7510    | 34.3250   

TIME TAKEN = 642.30298 ms
Run 3

 CPU ACCELERATED IMPLEMENTATION
--------------------------------------------------------------

Index  | Call Model | Call Actual | Put Model  | Put Actual
--------------------------------------------------------------
0      | 51.3883    | 51.7000    | 28.5523    | 29.6500   
1      | 53.1439    | 53.6500    | 24.8999    | 27.3750   
2      | 55.5507    | 56.4000    | 21.9540    | 25.3500   
3      | 58.3779    | 59.9750    | 18.8546    | 23.2750   
4      | 60.7531    | 63.1750    | 16.0375    | 21.2000   
5      | 62.9777    | 66.3250    | 13.9869    | 19.5250   
6      | 65.1464    | 69.7250    | 11.9810    | 17.7500   
7      | 67.0319    | 72.9000    | 10.2835    | 16.1500   
8      | 48.6629    | 48.7500    | 32.3818    | 31.9000   
9      | 46.3002    | 46.3750    | 36.7510    | 34.3250   

TIME TAKEN = 630.33432 ms
Run 4

 CPU ACCELERATED IMPLEMENTATION
--------------------------------------------------------------

Index  | Call Model | Call Actual | Put Model  | Put Actual
--------------------------------------------------------------
0      | 51.3883    | 51.7000    | 28.5523    | 29.6500   
1      | 53.1439    | 53.6500    | 24.8999    | 27.3750   
2      | 55.5507    | 56.4000    | 21.9540    | 25.3500   
3      | 58.3779    | 59.9750    | 18.8546    | 23.2750   
4      | 60.7531    | 63.1750    | 16.0375    | 21.2000   
5      | 62.9777    | 66.3250    | 13.9869    | 19.5250   
6      | 65.1464    | 69.7250    | 11.9810    | 17.7500   
7      | 67.0319    | 72.9000    | 10.2835    | 16.1500   
8      | 48.6629    | 48.7500    | 32.3818    | 31.9000   
9      | 46.3002    | 46.3750    | 36.7510    | 34.3250   

TIME TAKEN = 635.35285 ms
Run 5

 CPU ACCELERATED IMPLEMENTATION
--------------------------------------------------------------

Index  | Call Model | Call Actual | Put Model  | Put Actual
--------------------------------------------------------------
0      | 51.3883    | 51.7000    | 28.5523    | 29.6500   
1      | 53.1439    | 53.6500    | 24.8999    | 27.3750   
2      | 55.5507    | 56.4000    | 21.9540    | 25.3500   
3      | 58.3779    | 59.9750    | 18.8546    | 23.2750   
4      | 60.7531    | 63.1750    | 16.0375    | 21.2000   
5      | 62.9777    | 66.3250    | 13.9869    | 19.5250   
6      | 65.1464    | 69.7250    | 11.9810    | 17.7500   
7      | 67.0319    | 72.9000    | 10.2835    | 16.1500   
8      | 48.6629    | 48.7500    | 32.3818    | 31.9000   
9      | 46.3002    | 46.3750    | 36.7510    | 34.3250   

TIME TAKEN = 636.63705 ms
Run 6

 CPU ACCELERATED IMPLEMENTATION
--------------------------------------------------------------

Index  | Call Model | Call Actual | Put Model  | Put Actual
--------------------------------------------------------------
0      | 51.3883    | 51.7000    | 28.5523    | 29.6500   
1      | 53.1439    | 53.6500    | 24.8999    | 27.3750   
2      | 55.5507    | 56.4000    | 21.9540    | 25.3500   
3      | 58.3779    | 59.9750    | 18.8546    | 23.2750   
4      | 60.7531    | 63.1750    | 16.0375    | 21.2000   
5      | 62.9777    | 66.3250    | 13.9869    | 19.5250   
6      | 65.1464    | 69.7250    | 11.9810    | 17.7500   
7      | 67.0319    | 72.9000    | 10.2835    | 16.1500   
8      | 48.6629    | 48.7500    | 32.3818    | 31.9000   
9      | 46.3002    | 46.3750    | 36.7510    | 34.3250   

TIME TAKEN = 631.18676 ms
Run 7

 CPU ACCELERATED IMPLEMENTATION
--------------------------------------------------------------

Index  | Call Model | Call Actual | Put Model  | Put Actual
--------------------------------------------------------------
0      | 51.3883    | 51.7000    | 28.5523    | 29.6500   
1      | 53.1439    | 53.6500    | 24.8999    | 27.3750   
2      | 55.5507    | 56.4000    | 21.9540    | 25.3500   
3      | 58.3779    | 59.9750    | 18.8546    | 23.2750   
4      | 60.7531    | 63.1750    | 16.0375    | 21.2000   
5      | 62.9777    | 66.3250    | 13.9869    | 19.5250   
6      | 65.1464    | 69.7250    | 11.9810    | 17.7500   
7      | 67.0319    | 72.9000    | 10.2835    | 16.1500   
8      | 48.6629    | 48.7500    | 32.3818    | 31.9000   
9      | 46.3002    | 46.3750    | 36.7510    | 34.3250   

TIME TAKEN = 648.44262 ms
Run 8

 CPU ACCELERATED IMPLEMENTATION
--------------------------------------------------------------

Index  | Call Model | Call Actual | Put Model  | Put Actual
--------------------------------------------------------------
0      | 51.3883    | 51.7000    | 28.5523    | 29.6500   
1      | 53.1439    | 53.6500    | 24.8999    | 27.3750   
2      | 55.5507    | 56.4000    | 21.9540    | 25.3500   
3      | 58.3779    | 59.9750    | 18.8546    | 23.2750   
4      | 60.7531    | 63.1750    | 16.0375    | 21.2000   
5      | 62.9777    | 66.3250    | 13.9869    | 19.5250   
6      | 65.1464    | 69.7250    | 11.9810    | 17.7500   
7      | 67.0319    | 72.9000    | 10.2835    | 16.1500   
8      | 48.6629    | 48.7500    | 32.3818    | 31.9000   
9      | 46.3002    | 46.3750    | 36.7510    | 34.3250   

TIME TAKEN = 627.23028 ms
Run 9

 CPU ACCELERATED IMPLEMENTATION
--------------------------------------------------------------

Index  | Call Model | Call Actual | Put Model  | Put Actual
--------------------------------------------------------------
0      | 51.3883    | 51.7000    | 28.5523    | 29.6500   
1      | 53.1439    | 53.6500    | 24.8999    | 27.3750   
2      | 55.5507    | 56.4000    | 21.9540    | 25.3500   
3      | 58.3779    | 59.9750    | 18.8546    | 23.2750   
4      | 60.7531    | 63.1750    | 16.0375    | 21.2000   
5      | 62.9777    | 66.3250    | 13.9869    | 19.5250   
6      | 65.1464    | 69.7250    | 11.9810    | 17.7500   
7      | 67.0319    | 72.9000    | 10.2835    | 16.1500   
8      | 48.6629    | 48.7500    | 32.3818    | 31.9000   
9      | 46.3002    | 46.3750    | 36.7510    | 34.3250   

TIME TAKEN = 618.69760 ms
Run 10

 CPU ACCELERATED IMPLEMENTATION
--------------------------------------------------------------

Index  | Call Model | Call Actual | Put Model  | Put Actual
--------------------------------------------------------------
0      | 51.3883    | 51.7000    | 28.5523    | 29.6500   
1      | 53.1439    | 53.6500    | 24.8999    | 27.3750   
2      | 55.5507    | 56.4000    | 21.9540    | 25.3500   
3      | 58.3779    | 59.9750    | 18.8546    | 23.2750   
4      | 60.7531    | 63.1750    | 16.0375    | 21.2000   
5      | 62.9777    | 66.3250    | 13.9869    | 19.5250   
6      | 65.1464    | 69.7250    | 11.9810    | 17.7500   
7      | 67.0319    | 72.9000    | 10.2835    | 16.1500   
8      | 48.6629    | 48.7500    | 32.3818    | 31.9000   
9      | 46.3002    | 46.3750    | 36.7510    | 34.3250   

TIME TAKEN = 628.91453 ms
Run 11

 CPU ACCELERATED IMPLEMENTATION
--------------------------------------------------------------

Index  | Call Model | Call Actual | Put Model  | Put Actual
--------------------------------------------------------------
0      | 51.3883    | 51.7000    | 28.5523    | 29.6500   
1      | 53.1439    | 53.6500    | 24.8999    | 27.3750   
2      | 55.5507    | 56.4000    | 21.9540    | 25.3500   
3      | 58.3779    | 59.9750    | 18.8546    | 23.2750   
4      | 60.7531    | 63.1750    | 16.0375    | 21.2000   
5      | 62.9777    | 66.3250    | 13.9869    | 19.5250   
6      | 65.1464    | 69.7250    | 11.9810    | 17.7500   
7      | 67.0319    | 72.9000    | 10.2835    | 16.1500   
8      | 48.6629    | 48.7500    | 32.3818    | 31.9000   
9      | 46.3002    | 46.3750    | 36.7510    | 34.3250   

TIME TAKEN = 673.77037 ms
Run 12

 CPU ACCELERATED IMPLEMENTATION
--------------------------------------------------------------

Index  | Call Model | Call Actual | Put Model  | Put Actual
--------------------------------------------------------------
0      | 51.3883    | 51.7000    | 28.5523    | 29.6500   
1      | 53.1439    | 53.6500    | 24.8999    | 27.3750   
2      | 55.5507    | 56.4000    | 21.9540    | 25.3500   
3      | 58.3779    | 59.9750    | 18.8546    | 23.2750   
4      | 60.7531    | 63.1750    | 16.0375    | 21.2000   
5      | 62.9777    | 66.3250    | 13.9869    | 19.5250   
6      | 65.1464    | 69.7250    | 11.9810    | 17.7500   
7      | 67.0319    | 72.9000    | 10.2835    | 16.1500   
8      | 48.6629    | 48.7500    | 32.3818    | 31.9000   
9      | 46.3002    | 46.3750    | 36.7510    | 34.3250   

TIME TAKEN = 643.59278 ms
Run 13

 CPU ACCELERATED IMPLEMENTATION
--------------------------------------------------------------

Index  | Call Model | Call Actual | Put Model  | Put Actual
--------------------------------------------------------------
0      | 51.3883    | 51.7000    | 28.5523    | 29.6500   
1      | 53.1439    | 53.6500    | 24.8999    | 27.3750   
2      | 55.5507    | 56.4000    | 21.9540    | 25.3500   
3      | 58.3779    | 59.9750    | 18.8546    | 23.2750   
4      | 60.7531    | 63.1750    | 16.0375    | 21.2000   
5      | 62.9777    | 66.3250    | 13.9869    | 19.5250   
6      | 65.1464    | 69.7250    | 11.9810    | 17.7500   
7      | 67.0319    | 72.9000    | 10.2835    | 16.1500   
8      | 48.6629    | 48.7500    | 32.3818    | 31.9000   
9      | 46.3002    | 46.3750    | 36.7510    | 34.3250   

TIME TAKEN = 641.30114 ms
Run 14

 CPU ACCELERATED IMPLEMENTATION
--------------------------------------------------------------

Index  | Call Model | Call Actual | Put Model  | Put Actual
--------------------------------------------------------------
0      | 51.3883    | 51.7000    | 28.5523    | 29.6500   
1      | 53.1439    | 53.6500    | 24.8999    | 27.3750   
2      | 55.5507    | 56.4000    | 21.9540    | 25.3500   
3      | 58.3779    | 59.9750    | 18.8546    | 23.2750   
4      | 60.7531    | 63.1750    | 16.0375    | 21.2000   
5      | 62.9777    | 66.3250    | 13.9869    | 19.5250   
6      | 65.1464    | 69.7250    | 11.9810    | 17.7500   
7      | 67.0319    | 72.9000    | 10.2835    | 16.1500   
8      | 48.6629    | 48.7500    | 32.3818    | 31.9000   
9      | 46.3002    | 46.3750    | 36.7510    | 34.3250   

TIME TAKEN = 643.95616 ms
Run 15

 CPU ACCELERATED IMPLEMENTATION
--------------------------------------------------------------

Index  | Call Model | Call Actual | Put Model  | Put Actual
--------------------------------------------------------------
0      | 51.3883    | 51.7000    | 28.5523    | 29.6500   
1      | 53.1439    | 53.6500    | 24.8999    | 27.3750   
2      | 55.5507    | 56.4000    | 21.9540    | 25.3500   
3      | 58.3779    | 59.9750    | 18.8546    | 23.2750   
4      | 60.7531    | 63.1750    | 16.0375    | 21.2000   
5      | 62.9777    | 66.3250    | 13.9869    | 19.5250   
6      | 65.1464    | 69.7250    | 11.9810    | 17.7500   
7      | 67.0319    | 72.9000    | 10.2835    | 16.1500   
8      | 48.6629    | 48.7500    | 32.3818    | 31.9000   
9      | 46.3002    | 46.3750    | 36.7510    | 34.3250   

TIME TAKEN = 647.22684 ms
Run 16

 CPU ACCELERATED IMPLEMENTATION
--------------------------------------------------------------

Index  | Call Model | Call Actual | Put Model  | Put Actual
--------------------------------------------------------------
0      | 51.3883    | 51.7000    | 28.5523    | 29.6500   
1      | 53.1439    | 53.6500    | 24.8999    | 27.3750   
2      | 55.5507    | 56.4000    | 21.9540    | 25.3500   
3      | 58.3779    | 59.9750    | 18.8546    | 23.2750   
4      | 60.7531    | 63.1750    | 16.0375    | 21.2000   
5      | 62.9777    | 66.3250    | 13.9869    | 19.5250   
6      | 65.1464    | 69.7250    | 11.9810    | 17.7500   
7      | 67.0319    | 72.9000    | 10.2835    | 16.1500   
8      | 48.6629    | 48.7500    | 32.3818    | 31.9000   
9      | 46.3002    | 46.3750    | 36.7510    | 34.3250   

TIME TAKEN = 624.14925 ms
Run 17

 CPU ACCELERATED IMPLEMENTATION
--------------------------------------------------------------

Index  | Call Model | Call Actual | Put Model  | Put Actual
--------------------------------------------------------------
0      | 51.3883    | 51.7000    | 28.5523    | 29.6500   
1      | 53.1439    | 53.6500    | 24.8999    | 27.3750   
2      | 55.5507    | 56.4000    | 21.9540    | 25.3500   
3      | 58.3779    | 59.9750    | 18.8546    | 23.2750   
4      | 60.7531    | 63.1750    | 16.0375    | 21.2000   
5      | 62.9777    | 66.3250    | 13.9869    | 19.5250   
6      | 65.1464    | 69.7250    | 11.9810    | 17.7500   
7      | 67.0319    | 72.9000    | 10.2835    | 16.1500   
8      | 48.6629    | 48.7500    | 32.3818    | 31.9000   
9      | 46.3002    | 46.3750    | 36.7510    | 34.3250   

TIME TAKEN = 665.23933 ms
Run 18

 CPU ACCELERATED IMPLEMENTATION
--------------------------------------------------------------

Index  | Call Model | Call Actual | Put Model  | Put Actual
--------------------------------------------------------------
0      | 51.3883    | 51.7000    | 28.5523    | 29.6500   
1      | 53.1439    | 53.6500    | 24.8999    | 27.3750   
2      | 55.5507    | 56.4000    | 21.9540    | 25.3500   
3      | 58.3779    | 59.9750    | 18.8546    | 23.2750   
4      | 60.7531    | 63.1750    | 16.0375    | 21.2000   
5      | 62.9777    | 66.3250    | 13.9869    | 19.5250   
6      | 65.1464    | 69.7250    | 11.9810    | 17.7500   
7      | 67.0319    | 72.9000    | 10.2835    | 16.1500   
8      | 48.6629    | 48.7500    | 32.3818    | 31.9000   
9      | 46.3002    | 46.3750    | 36.7510    | 34.3250   

TIME TAKEN = 651.89158 ms
Run 19

 CPU ACCELERATED IMPLEMENTATION
--------------------------------------------------------------

Index  | Call Model | Call Actual | Put Model  | Put Actual
--------------------------------------------------------------
0      | 51.3883    | 51.7000    | 28.5523    | 29.6500   
1      | 53.1439    | 53.6500    | 24.8999    | 27.3750   
2      | 55.5507    | 56.4000    | 21.9540    | 25.3500   
3      | 58.3779    | 59.9750    | 18.8546    | 23.2750   
4      | 60.7531    | 63.1750    | 16.0375    | 21.2000   
5      | 62.9777    | 66.3250    | 13.9869    | 19.5250   
6      | 65.1464    | 69.7250    | 11.9810    | 17.7500   
7      | 67.0319    | 72.9000    | 10.2835    | 16.1500   
8      | 48.6629    | 48.7500    | 32.3818    | 31.9000   
9      | 46.3002    | 46.3750    | 36.7510    | 34.3250   

TIME TAKEN = 637.46605 ms
Run 20

 CPU ACCELERATED IMPLEMENTATION
--------------------------------------------------------------

Index  | Call Model | Call Actual | Put Model  | Put Actual
--------------------------------------------------------------
0      | 51.3883    | 51.7000    | 28.5523    | 29.6500   
1      | 53.1439    | 53.6500    | 24.8999    | 27.3750   
2      | 55.5507    | 56.4000    | 21.9540    | 25.3500   
3      | 58.3779    | 59.9750    | 18.8546    | 23.2750   
4      | 60.7531    | 63.1750    | 16.0375    | 21.2000   
5      | 62.9777    | 66.3250    | 13.9869    | 19.5250   
6      | 65.1464    | 69.7250    | 11.9810    | 17.7500   
7      | 67.0319    | 72.9000    | 10.2835    | 16.1500   
8      | 48.6629    | 48.7500    | 32.3818    | 31.9000   
9      | 46.3002    | 46.3750    | 36.7510    | 34.3250   

TIME TAKEN = 651.63904 ms
Run 21

 CPU ACCELERATED IMPLEMENTATION
--------------------------------------------------------------

Index  | Call Model | Call Actual | Put Model  | Put Actual
--------------------------------------------------------------
0      | 51.3883    | 51.7000    | 28.5523    | 29.6500   
1      | 53.1439    | 53.6500    | 24.8999    | 27.3750   
2      | 55.5507    | 56.4000    | 21.9540    | 25.3500   
3      | 58.3779    | 59.9750    | 18.8546    | 23.2750   
4      | 60.7531    | 63.1750    | 16.0375    | 21.2000   
5      | 62.9777    | 66.3250    | 13.9869    | 19.5250   
6      | 65.1464    | 69.7250    | 11.9810    | 17.7500   
7      | 67.0319    | 72.9000    | 10.2835    | 16.1500   
8      | 48.6629    | 48.7500    | 32.3818    | 31.9000   
9      | 46.3002    | 46.3750    | 36.7510    | 34.3250   

TIME TAKEN = 639.06315 ms
Run 22

 CPU ACCELERATED IMPLEMENTATION
--------------------------------------------------------------

Index  | Call Model | Call Actual | Put Model  | Put Actual
--------------------------------------------------------------
0      | 51.3883    | 51.7000    | 28.5523    | 29.6500   
1      | 53.1439    | 53.6500    | 24.8999    | 27.3750   
2      | 55.5507    | 56.4000    | 21.9540    | 25.3500   
3      | 58.3779    | 59.9750    | 18.8546    | 23.2750   
4      | 60.7531    | 63.1750    | 16.0375    | 21.2000   
5      | 62.9777    | 66.3250    | 13.9869    | 19.5250   
6      | 65.1464    | 69.7250    | 11.9810    | 17.7500   
7      | 67.0319    | 72.9000    | 10.2835    | 16.1500   
8      | 48.6629    | 48.7500    | 32.3818    | 31.9000   
9      | 46.3002    | 46.3750    | 36.7510    | 34.3250   

TIME TAKEN = 635.75648 ms
Run 23

 CPU ACCELERATED IMPLEMENTATION
--------------------------------------------------------------

Index  | Call Model | Call Actual | Put Model  | Put Actual
--------------------------------------------------------------
0      | 51.3883    | 51.7000    | 28.5523    | 29.6500   
1      | 53.1439    | 53.6500    | 24.8999    | 27.3750   
2      | 55.5507    | 56.4000    | 21.9540    | 25.3500   
3      | 58.3779    | 59.9750    | 18.8546    | 23.2750   
4      | 60.7531    | 63.1750    | 16.0375    | 21.2000   
5      | 62.9777    | 66.3250    | 13.9869    | 19.5250   
6      | 65.1464    | 69.7250    | 11.9810    | 17.7500   
7      | 67.0319    | 72.9000    | 10.2835    | 16.1500   
8      | 48.6629    | 48.7500    | 32.3818    | 31.9000   
9      | 46.3002    | 46.3750    | 36.7510    | 34.3250   

TIME TAKEN = 646.78482 ms
Run 24

 CPU ACCELERATED IMPLEMENTATION
--------------------------------------------------------------

Index  | Call Model | Call Actual | Put Model  | Put Actual
--------------------------------------------------------------
0      | 51.3883    | 51.7000    | 28.5523    | 29.6500   
1      | 53.1439    | 53.6500    | 24.8999    | 27.3750   
2      | 55.5507    | 56.4000    | 21.9540    | 25.3500   
3      | 58.3779    | 59.9750    | 18.8546    | 23.2750   
4      | 60.7531    | 63.1750    | 16.0375    | 21.2000   
5      | 62.9777    | 66.3250    | 13.9869    | 19.5250   
6      | 65.1464    | 69.7250    | 11.9810    | 17.7500   
7      | 67.0319    | 72.9000    | 10.2835    | 16.1500   
8      | 48.6629    | 48.7500    | 32.3818    | 31.9000   
9      | 46.3002    | 46.3750    | 36.7510    | 34.3250   

TIME TAKEN = 646.62356 ms
Run 25

 CPU ACCELERATED IMPLEMENTATION
--------------------------------------------------------------

Index  | Call Model | Call Actual | Put Model  | Put Actual
--------------------------------------------------------------
0      | 51.3883    | 51.7000    | 28.5523    | 29.6500   
1      | 53.1439    | 53.6500    | 24.8999    | 27.3750   
2      | 55.5507    | 56.4000    | 21.9540    | 25.3500   
3      | 58.3779    | 59.9750    | 18.8546    | 23.2750   
4      | 60.7531    | 63.1750    | 16.0375    | 21.2000   
5      | 62.9777    | 66.3250    | 13.9869    | 19.5250   
6      | 65.1464    | 69.7250    | 11.9810    | 17.7500   
7      | 67.0319    | 72.9000    | 10.2835    | 16.1500   
8      | 48.6629    | 48.7500    | 32.3818    | 31.9000   
9      | 46.3002    | 46.3750    | 36.7510    | 34.3250   

TIME TAKEN = 665.75175 ms
Run 26

 CPU ACCELERATED IMPLEMENTATION
--------------------------------------------------------------

Index  | Call Model | Call Actual | Put Model  | Put Actual
--------------------------------------------------------------
0      | 51.3883    | 51.7000    | 28.5523    | 29.6500   
1      | 53.1439    | 53.6500    | 24.8999    | 27.3750   
2      | 55.5507    | 56.4000    | 21.9540    | 25.3500   
3      | 58.3779    | 59.9750    | 18.8546    | 23.2750   
4      | 60.7531    | 63.1750    | 16.0375    | 21.2000   
5      | 62.9777    | 66.3250    | 13.9869    | 19.5250   
6      | 65.1464    | 69.7250    | 11.9810    | 17.7500   
7      | 67.0319    | 72.9000    | 10.2835    | 16.1500   
8      | 48.6629    | 48.7500    | 32.3818    | 31.9000   
9      | 46.3002    | 46.3750    | 36.7510    | 34.3250   

TIME TAKEN = 635.70213 ms
Run 27

 CPU ACCELERATED IMPLEMENTATION
--------------------------------------------------------------

Index  | Call Model | Call Actual | Put Model  | Put Actual
--------------------------------------------------------------
0      | 51.3883    | 51.7000    | 28.5523    | 29.6500   
1      | 53.1439    | 53.6500    | 24.8999    | 27.3750   
2      | 55.5507    | 56.4000    | 21.9540    | 25.3500   
3      | 58.3779    | 59.9750    | 18.8546    | 23.2750   
4      | 60.7531    | 63.1750    | 16.0375    | 21.2000   
5      | 62.9777    | 66.3250    | 13.9869    | 19.5250   
6      | 65.1464    | 69.7250    | 11.9810    | 17.7500   
7      | 67.0319    | 72.9000    | 10.2835    | 16.1500   
8      | 48.6629    | 48.7500    | 32.3818    | 31.9000   
9      | 46.3002    | 46.3750    | 36.7510    | 34.3250   

TIME TAKEN = 634.87803 ms
Run 28

 CPU ACCELERATED IMPLEMENTATION
--------------------------------------------------------------

Index  | Call Model | Call Actual | Put Model  | Put Actual
--------------------------------------------------------------
0      | 51.3883    | 51.7000    | 28.5523    | 29.6500   
1      | 53.1439    | 53.6500    | 24.8999    | 27.3750   
2      | 55.5507    | 56.4000    | 21.9540    | 25.3500   
3      | 58.3779    | 59.9750    | 18.8546    | 23.2750   
4      | 60.7531    | 63.1750    | 16.0375    | 21.2000   
5      | 62.9777    | 66.3250    | 13.9869    | 19.5250   
6      | 65.1464    | 69.7250    | 11.9810    | 17.7500   
7      | 67.0319    | 72.9000    | 10.2835    | 16.1500   
8      | 48.6629    | 48.7500    | 32.3818    | 31.9000   
9      | 46.3002    | 46.3750    | 36.7510    | 34.3250   

TIME TAKEN = 624.65539 ms
Run 29

 CPU ACCELERATED IMPLEMENTATION
--------------------------------------------------------------

Index  | Call Model | Call Actual | Put Model  | Put Actual
--------------------------------------------------------------
0      | 51.3883    | 51.7000    | 28.5523    | 29.6500   
1      | 53.1439    | 53.6500    | 24.8999    | 27.3750   
2      | 55.5507    | 56.4000    | 21.9540    | 25.3500   
3      | 58.3779    | 59.9750    | 18.8546    | 23.2750   
4      | 60.7531    | 63.1750    | 16.0375    | 21.2000   
5      | 62.9777    | 66.3250    | 13.9869    | 19.5250   
6      | 65.1464    | 69.7250    | 11.9810    | 17.7500   
7      | 67.0319    | 72.9000    | 10.2835    | 16.1500   
8      | 48.6629    | 48.7500    | 32.3818    | 31.9000   
9      | 46.3002    | 46.3750    | 36.7510    | 34.3250   

TIME TAKEN = 631.32595 ms
Run 30

 CPU ACCELERATED IMPLEMENTATION
--------------------------------------------------------------

Index  | Call Model | Call Actual | Put Model  | Put Actual
--------------------------------------------------------------
0      | 51.3883    | 51.7000    | 28.5523    | 29.6500   
1      | 53.1439    | 53.6500    | 24.8999    | 27.3750   
2      | 55.5507    | 56.4000    | 21.9540    | 25.3500   
3      | 58.3779    | 59.9750    | 18.8546    | 23.2750   
4      | 60.7531    | 63.1750    | 16.0375    | 21.2000   
5      | 62.9777    | 66.3250    | 13.9869    | 19.5250   
6      | 65.1464    | 69.7250    | 11.9810    | 17.7500   
7      | 67.0319    | 72.9000    | 10.2835    | 16.1500   
8      | 48.6629    | 48.7500    | 32.3818    | 31.9000   
9      | 46.3002    | 46.3750    | 36.7510    | 34.3250   

TIME TAKEN = 628.86045 ms
Run 31

 CPU ACCELERATED IMPLEMENTATION
--------------------------------------------------------------

Index  | Call Model | Call Actual | Put Model  | Put Actual
--------------------------------------------------------------
0      | 51.3883    | 51.7000    | 28.5523    | 29.6500   
1      | 53.1439    | 53.6500    | 24.8999    | 27.3750   
2      | 55.5507    | 56.4000    | 21.9540    | 25.3500   
3      | 58.3779    | 59.9750    | 18.8546    | 23.2750   
4      | 60.7531    | 63.1750    | 16.0375    | 21.2000   
5      | 62.9777    | 66.3250    | 13.9869    | 19.5250   
6      | 65.1464    | 69.7250    | 11.9810    | 17.7500   
7      | 67.0319    | 72.9000    | 10.2835    | 16.1500   
8      | 48.6629    | 48.7500    | 32.3818    | 31.9000   
9      | 46.3002    | 46.3750    | 36.7510    | 34.3250   

TIME TAKEN = 647.03766 ms
Run 32

 CPU ACCELERATED IMPLEMENTATION
--------------------------------------------------------------

Index  | Call Model | Call Actual | Put Model  | Put Actual
--------------------------------------------------------------
0      | 51.3883    | 51.7000    | 28.5523    | 29.6500   
1      | 53.1439    | 53.6500    | 24.8999    | 27.3750   
2      | 55.5507    | 56.4000    | 21.9540    | 25.3500   
3      | 58.3779    | 59.9750    | 18.8546    | 23.2750   
4      | 60.7531    | 63.1750    | 16.0375    | 21.2000   
5      | 62.9777    | 66.3250    | 13.9869    | 19.5250   
6      | 65.1464    | 69.7250    | 11.9810    | 17.7500   
7      | 67.0319    | 72.9000    | 10.2835    | 16.1500   
8      | 48.6629    | 48.7500    | 32.3818    | 31.9000   
9      | 46.3002    | 46.3750    | 36.7510    | 34.3250   

TIME TAKEN = 643.27498 ms
Run 33

 CPU ACCELERATED IMPLEMENTATION
--------------------------------------------------------------

Index  | Call Model | Call Actual | Put Model  | Put Actual
--------------------------------------------------------------
0      | 51.3883    | 51.7000    | 28.5523    | 29.6500   
1      | 53.1439    | 53.6500    | 24.8999    | 27.3750   
2      | 55.5507    | 56.4000    | 21.9540    | 25.3500   
3      | 58.3779    | 59.9750    | 18.8546    | 23.2750   
4      | 60.7531    | 63.1750    | 16.0375    | 21.2000   
5      | 62.9777    | 66.3250    | 13.9869    | 19.5250   
6      | 65.1464    | 69.7250    | 11.9810    | 17.7500   
7      | 67.0319    | 72.9000    | 10.2835    | 16.1500   
8      | 48.6629    | 48.7500    | 32.3818    | 31.9000   
9      | 46.3002    | 46.3750    | 36.7510    | 34.3250   

TIME TAKEN = 629.91250 ms
Run 34

 CPU ACCELERATED IMPLEMENTATION
--------------------------------------------------------------

Index  | Call Model | Call Actual | Put Model  | Put Actual
--------------------------------------------------------------
0      | 51.3883    | 51.7000    | 28.5523    | 29.6500   
1      | 53.1439    | 53.6500    | 24.8999    | 27.3750   
2      | 55.5507    | 56.4000    | 21.9540    | 25.3500   
3      | 58.3779    | 59.9750    | 18.8546    | 23.2750   
4      | 60.7531    | 63.1750    | 16.0375    | 21.2000   
5      | 62.9777    | 66.3250    | 13.9869    | 19.5250   
6      | 65.1464    | 69.7250    | 11.9810    | 17.7500   
7      | 67.0319    | 72.9000    | 10.2835    | 16.1500   
8      | 48.6629    | 48.7500    | 32.3818    | 31.9000   
9      | 46.3002    | 46.3750    | 36.7510    | 34.3250   

TIME TAKEN = 650.69333 ms
Run 35

 CPU ACCELERATED IMPLEMENTATION
--------------------------------------------------------------

Index  | Call Model | Call Actual | Put Model  | Put Actual
--------------------------------------------------------------
0      | 51.3883    | 51.7000    | 28.5523    | 29.6500   
1      | 53.1439    | 53.6500    | 24.8999    | 27.3750   
2      | 55.5507    | 56.4000    | 21.9540    | 25.3500   
3      | 58.3779    | 59.9750    | 18.8546    | 23.2750   
4      | 60.7531    | 63.1750    | 16.0375    | 21.2000   
5      | 62.9777    | 66.3250    | 13.9869    | 19.5250   
6      | 65.1464    | 69.7250    | 11.9810    | 17.7500   
7      | 67.0319    | 72.9000    | 10.2835    | 16.1500   
8      | 48.6629    | 48.7500    | 32.3818    | 31.9000   
9      | 46.3002    | 46.3750    | 36.7510    | 34.3250   

TIME TAKEN = 653.51569 ms
Run 36

 CPU ACCELERATED IMPLEMENTATION
--------------------------------------------------------------

Index  | Call Model | Call Actual | Put Model  | Put Actual
--------------------------------------------------------------
0      | 51.3883    | 51.7000    | 28.5523    | 29.6500   
1      | 53.1439    | 53.6500    | 24.8999    | 27.3750   
2      | 55.5507    | 56.4000    | 21.9540    | 25.3500   
3      | 58.3779    | 59.9750    | 18.8546    | 23.2750   
4      | 60.7531    | 63.1750    | 16.0375    | 21.2000   
5      | 62.9777    | 66.3250    | 13.9869    | 19.5250   
6      | 65.1464    | 69.7250    | 11.9810    | 17.7500   
7      | 67.0319    | 72.9000    | 10.2835    | 16.1500   
8      | 48.6629    | 48.7500    | 32.3818    | 31.9000   
9      | 46.3002    | 46.3750    | 36.7510    | 34.3250   

TIME TAKEN = 649.11874 ms
Run 37

 CPU ACCELERATED IMPLEMENTATION
--------------------------------------------------------------

Index  | Call Model | Call Actual | Put Model  | Put Actual
--------------------------------------------------------------
0      | 51.3883    | 51.7000    | 28.5523    | 29.6500   
1      | 53.1439    | 53.6500    | 24.8999    | 27.3750   
2      | 55.5507    | 56.4000    | 21.9540    | 25.3500   
3      | 58.3779    | 59.9750    | 18.8546    | 23.2750   
4      | 60.7531    | 63.1750    | 16.0375    | 21.2000   
5      | 62.9777    | 66.3250    | 13.9869    | 19.5250   
6      | 65.1464    | 69.7250    | 11.9810    | 17.7500   
7      | 67.0319    | 72.9000    | 10.2835    | 16.1500   
8      | 48.6629    | 48.7500    | 32.3818    | 31.9000   
9      | 46.3002    | 46.3750    | 36.7510    | 34.3250   

TIME TAKEN = 647.04376 ms
Run 38

 CPU ACCELERATED IMPLEMENTATION
--------------------------------------------------------------

Index  | Call Model | Call Actual | Put Model  | Put Actual
--------------------------------------------------------------
0      | 51.3883    | 51.7000    | 28.5523    | 29.6500   
1      | 53.1439    | 53.6500    | 24.8999    | 27.3750   
2      | 55.5507    | 56.4000    | 21.9540    | 25.3500   
3      | 58.3779    | 59.9750    | 18.8546    | 23.2750   
4      | 60.7531    | 63.1750    | 16.0375    | 21.2000   
5      | 62.9777    | 66.3250    | 13.9869    | 19.5250   
6      | 65.1464    | 69.7250    | 11.9810    | 17.7500   
7      | 67.0319    | 72.9000    | 10.2835    | 16.1500   
8      | 48.6629    | 48.7500    | 32.3818    | 31.9000   
9      | 46.3002    | 46.3750    | 36.7510    | 34.3250   

TIME TAKEN = 635.41200 ms
Run 39

 CPU ACCELERATED IMPLEMENTATION
--------------------------------------------------------------

Index  | Call Model | Call Actual | Put Model  | Put Actual
--------------------------------------------------------------
0      | 51.3883    | 51.7000    | 28.5523    | 29.6500   
1      | 53.1439    | 53.6500    | 24.8999    | 27.3750   
2      | 55.5507    | 56.4000    | 21.9540    | 25.3500   
3      | 58.3779    | 59.9750    | 18.8546    | 23.2750   
4      | 60.7531    | 63.1750    | 16.0375    | 21.2000   
5      | 62.9777    | 66.3250    | 13.9869    | 19.5250   
6      | 65.1464    | 69.7250    | 11.9810    | 17.7500   
7      | 67.0319    | 72.9000    | 10.2835    | 16.1500   
8      | 48.6629    | 48.7500    | 32.3818    | 31.9000   
9      | 46.3002    | 46.3750    | 36.7510    | 34.3250   

TIME TAKEN = 629.07711 ms
Run 40

 CPU ACCELERATED IMPLEMENTATION
--------------------------------------------------------------

Index  | Call Model | Call Actual | Put Model  | Put Actual
--------------------------------------------------------------
0      | 51.3883    | 51.7000    | 28.5523    | 29.6500   
1      | 53.1439    | 53.6500    | 24.8999    | 27.3750   
2      | 55.5507    | 56.4000    | 21.9540    | 25.3500   
3      | 58.3779    | 59.9750    | 18.8546    | 23.2750   
4      | 60.7531    | 63.1750    | 16.0375    | 21.2000   
5      | 62.9777    | 66.3250    | 13.9869    | 19.5250   
6      | 65.1464    | 69.7250    | 11.9810    | 17.7500   
7      | 67.0319    | 72.9000    | 10.2835    | 16.1500   
8      | 48.6629    | 48.7500    | 32.3818    | 31.9000   
9      | 46.3002    | 46.3750    | 36.7510    | 34.3250   

TIME TAKEN = 650.17216 ms
Run 41

 CPU ACCELERATED IMPLEMENTATION
--------------------------------------------------------------

Index  | Call Model | Call Actual | Put Model  | Put Actual
--------------------------------------------------------------
0      | 51.3883    | 51.7000    | 28.5523    | 29.6500   
1      | 53.1439    | 53.6500    | 24.8999    | 27.3750   
2      | 55.5507    | 56.4000    | 21.9540    | 25.3500   
3      | 58.3779    | 59.9750    | 18.8546    | 23.2750   
4      | 60.7531    | 63.1750    | 16.0375    | 21.2000   
5      | 62.9777    | 66.3250    | 13.9869    | 19.5250   
6      | 65.1464    | 69.7250    | 11.9810    | 17.7500   
7      | 67.0319    | 72.9000    | 10.2835    | 16.1500   
8      | 48.6629    | 48.7500    | 32.3818    | 31.9000   
9      | 46.3002    | 46.3750    | 36.7510    | 34.3250   

TIME TAKEN = 635.63670 ms
Run 42

 CPU ACCELERATED IMPLEMENTATION
--------------------------------------------------------------

Index  | Call Model | Call Actual | Put Model  | Put Actual
--------------------------------------------------------------
0      | 51.3883    | 51.7000    | 28.5523    | 29.6500   
1      | 53.1439    | 53.6500    | 24.8999    | 27.3750   
2      | 55.5507    | 56.4000    | 21.9540    | 25.3500   
3      | 58.3779    | 59.9750    | 18.8546    | 23.2750   
4      | 60.7531    | 63.1750    | 16.0375    | 21.2000   
5      | 62.9777    | 66.3250    | 13.9869    | 19.5250   
6      | 65.1464    | 69.7250    | 11.9810    | 17.7500   
7      | 67.0319    | 72.9000    | 10.2835    | 16.1500   
8      | 48.6629    | 48.7500    | 32.3818    | 31.9000   
9      | 46.3002    | 46.3750    | 36.7510    | 34.3250   

TIME TAKEN = 644.42528 ms
Run 43

 CPU ACCELERATED IMPLEMENTATION
--------------------------------------------------------------

Index  | Call Model | Call Actual | Put Model  | Put Actual
--------------------------------------------------------------
0      | 51.3883    | 51.7000    | 28.5523    | 29.6500   
1      | 53.1439    | 53.6500    | 24.8999    | 27.3750   
2      | 55.5507    | 56.4000    | 21.9540    | 25.3500   
3      | 58.3779    | 59.9750    | 18.8546    | 23.2750   
4      | 60.7531    | 63.1750    | 16.0375    | 21.2000   
5      | 62.9777    | 66.3250    | 13.9869    | 19.5250   
6      | 65.1464    | 69.7250    | 11.9810    | 17.7500   
7      | 67.0319    | 72.9000    | 10.2835    | 16.1500   
8      | 48.6629    | 48.7500    | 32.3818    | 31.9000   
9      | 46.3002    | 46.3750    | 36.7510    | 34.3250   

TIME TAKEN = 626.12664 ms
Run 44

 CPU ACCELERATED IMPLEMENTATION
--------------------------------------------------------------

Index  | Call Model | Call Actual | Put Model  | Put Actual
--------------------------------------------------------------
0      | 51.3883    | 51.7000    | 28.5523    | 29.6500   
1      | 53.1439    | 53.6500    | 24.8999    | 27.3750   
2      | 55.5507    | 56.4000    | 21.9540    | 25.3500   
3      | 58.3779    | 59.9750    | 18.8546    | 23.2750   
4      | 60.7531    | 63.1750    | 16.0375    | 21.2000   
5      | 62.9777    | 66.3250    | 13.9869    | 19.5250   
6      | 65.1464    | 69.7250    | 11.9810    | 17.7500   
7      | 67.0319    | 72.9000    | 10.2835    | 16.1500   
8      | 48.6629    | 48.7500    | 32.3818    | 31.9000   
9      | 46.3002    | 46.3750    | 36.7510    | 34.3250   

TIME TAKEN = 629.54779 ms
Run 45

 CPU ACCELERATED IMPLEMENTATION
--------------------------------------------------------------

Index  | Call Model | Call Actual | Put Model  | Put Actual
--------------------------------------------------------------
0      | 51.3883    | 51.7000    | 28.5523    | 29.6500   
1      | 53.1439    | 53.6500    | 24.8999    | 27.3750   
2      | 55.5507    | 56.4000    | 21.9540    | 25.3500   
3      | 58.3779    | 59.9750    | 18.8546    | 23.2750   
4      | 60.7531    | 63.1750    | 16.0375    | 21.2000   
5      | 62.9777    | 66.3250    | 13.9869    | 19.5250   
6      | 65.1464    | 69.7250    | 11.9810    | 17.7500   
7      | 67.0319    | 72.9000    | 10.2835    | 16.1500   
8      | 48.6629    | 48.7500    | 32.3818    | 31.9000   
9      | 46.3002    | 46.3750    | 36.7510    | 34.3250   

TIME TAKEN = 639.79206 ms
Run 46

 CPU ACCELERATED IMPLEMENTATION
--------------------------------------------------------------

Index  | Call Model | Call Actual | Put Model  | Put Actual
--------------------------------------------------------------
0      | 51.3883    | 51.7000    | 28.5523    | 29.6500   
1      | 53.1439    | 53.6500    | 24.8999    | 27.3750   
2      | 55.5507    | 56.4000    | 21.9540    | 25.3500   
3      | 58.3779    | 59.9750    | 18.8546    | 23.2750   
4      | 60.7531    | 63.1750    | 16.0375    | 21.2000   
5      | 62.9777    | 66.3250    | 13.9869    | 19.5250   
6      | 65.1464    | 69.7250    | 11.9810    | 17.7500   
7      | 67.0319    | 72.9000    | 10.2835    | 16.1500   
8      | 48.6629    | 48.7500    | 32.3818    | 31.9000   
9      | 46.3002    | 46.3750    | 36.7510    | 34.3250   

TIME TAKEN = 638.94919 ms
Run 47

 CPU ACCELERATED IMPLEMENTATION
--------------------------------------------------------------

Index  | Call Model | Call Actual | Put Model  | Put Actual
--------------------------------------------------------------
0      | 51.3883    | 51.7000    | 28.5523    | 29.6500   
1      | 53.1439    | 53.6500    | 24.8999    | 27.3750   
2      | 55.5507    | 56.4000    | 21.9540    | 25.3500   
3      | 58.3779    | 59.9750    | 18.8546    | 23.2750   
4      | 60.7531    | 63.1750    | 16.0375    | 21.2000   
5      | 62.9777    | 66.3250    | 13.9869    | 19.5250   
6      | 65.1464    | 69.7250    | 11.9810    | 17.7500   
7      | 67.0319    | 72.9000    | 10.2835    | 16.1500   
8      | 48.6629    | 48.7500    | 32.3818    | 31.9000   
9      | 46.3002    | 46.3750    | 36.7510    | 34.3250   

TIME TAKEN = 626.64009 ms
Run 48

 CPU ACCELERATED IMPLEMENTATION
--------------------------------------------------------------

Index  | Call Model | Call Actual | Put Model  | Put Actual
--------------------------------------------------------------
0      | 51.3883    | 51.7000    | 28.5523    | 29.6500   
1      | 53.1439    | 53.6500    | 24.8999    | 27.3750   
2      | 55.5507    | 56.4000    | 21.9540    | 25.3500   
3      | 58.3779    | 59.9750    | 18.8546    | 23.2750   
4      | 60.7531    | 63.1750    | 16.0375    | 21.2000   
5      | 62.9777    | 66.3250    | 13.9869    | 19.5250   
6      | 65.1464    | 69.7250    | 11.9810    | 17.7500   
7      | 67.0319    | 72.9000    | 10.2835    | 16.1500   
8      | 48.6629    | 48.7500    | 32.3818    | 31.9000   
9      | 46.3002    | 46.3750    | 36.7510    | 34.3250   

TIME TAKEN = 626.80125 ms
Run 49

 CPU ACCELERATED IMPLEMENTATION
--------------------------------------------------------------

Index  | Call Model | Call Actual | Put Model  | Put Actual
--------------------------------------------------------------
0      | 51.3883    | 51.7000    | 28.5523    | 29.6500   
1      | 53.1439    | 53.6500    | 24.8999    | 27.3750   
2      | 55.5507    | 56.4000    | 21.9540    | 25.3500   
3      | 58.3779    | 59.9750    | 18.8546    | 23.2750   
4      | 60.7531    | 63.1750    | 16.0375    | 21.2000   
5      | 62.9777    | 66.3250    | 13.9869    | 19.5250   
6      | 65.1464    | 69.7250    | 11.9810    | 17.7500   
7      | 67.0319    | 72.9000    | 10.2835    | 16.1500   
8      | 48.6629    | 48.7500    | 32.3818    | 31.9000   
9      | 46.3002    | 46.3750    | 36.7510    | 34.3250   

TIME TAKEN = 636.78884 ms
Run 50

 CPU ACCELERATED IMPLEMENTATION
--------------------------------------------------------------

Index  | Call Model | Call Actual | Put Model  | Put Actual
--------------------------------------------------------------
0      | 51.3883    | 51.7000    | 28.5523    | 29.6500   
1      | 53.1439    | 53.6500    | 24.8999    | 27.3750   
2      | 55.5507    | 56.4000    | 21.9540    | 25.3500   
3      | 58.3779    | 59.9750    | 18.8546    | 23.2750   
4      | 60.7531    | 63.1750    | 16.0375    | 21.2000   
5      | 62.9777    | 66.3250    | 13.9869    | 19.5250   
6      | 65.1464    | 69.7250    | 11.9810    | 17.7500   
7      | 67.0319    | 72.9000    | 10.2835    | 16.1500   
8      | 48.6629    | 48.7500    | 32.3818    | 31.9000   
9      | 46.3002    | 46.3750    | 36.7510    | 34.3250   

TIME TAKEN = 630.52768 ms
Run 51

 CPU ACCELERATED IMPLEMENTATION
--------------------------------------------------------------

Index  | Call Model | Call Actual | Put Model  | Put Actual
--------------------------------------------------------------
0      | 51.3883    | 51.7000    | 28.5523    | 29.6500   
1      | 53.1439    | 53.6500    | 24.8999    | 27.3750   
2      | 55.5507    | 56.4000    | 21.9540    | 25.3500   
3      | 58.3779    | 59.9750    | 18.8546    | 23.2750   
4      | 60.7531    | 63.1750    | 16.0375    | 21.2000   
5      | 62.9777    | 66.3250    | 13.9869    | 19.5250   
6      | 65.1464    | 69.7250    | 11.9810    | 17.7500   
7      | 67.0319    | 72.9000    | 10.2835    | 16.1500   
8      | 48.6629    | 48.7500    | 32.3818    | 31.9000   
9      | 46.3002    | 46.3750    | 36.7510    | 34.3250   

TIME TAKEN = 640.75190 ms
Run 52

 CPU ACCELERATED IMPLEMENTATION
--------------------------------------------------------------

Index  | Call Model | Call Actual | Put Model  | Put Actual
--------------------------------------------------------------
0      | 51.3883    | 51.7000    | 28.5523    | 29.6500   
1      | 53.1439    | 53.6500    | 24.8999    | 27.3750   
2      | 55.5507    | 56.4000    | 21.9540    | 25.3500   
3      | 58.3779    | 59.9750    | 18.8546    | 23.2750   
4      | 60.7531    | 63.1750    | 16.0375    | 21.2000   
5      | 62.9777    | 66.3250    | 13.9869    | 19.5250   
6      | 65.1464    | 69.7250    | 11.9810    | 17.7500   
7      | 67.0319    | 72.9000    | 10.2835    | 16.1500   
8      | 48.6629    | 48.7500    | 32.3818    | 31.9000   
9      | 46.3002    | 46.3750    | 36.7510    | 34.3250   

TIME TAKEN = 631.91868 ms
Run 53

 CPU ACCELERATED IMPLEMENTATION
--------------------------------------------------------------

Index  | Call Model | Call Actual | Put Model  | Put Actual
--------------------------------------------------------------
0      | 51.3883    | 51.7000    | 28.5523    | 29.6500   
1      | 53.1439    | 53.6500    | 24.8999    | 27.3750   
2      | 55.5507    | 56.4000    | 21.9540    | 25.3500   
3      | 58.3779    | 59.9750    | 18.8546    | 23.2750   
4      | 60.7531    | 63.1750    | 16.0375    | 21.2000   
5      | 62.9777    | 66.3250    | 13.9869    | 19.5250   
6      | 65.1464    | 69.7250    | 11.9810    | 17.7500   
7      | 67.0319    | 72.9000    | 10.2835    | 16.1500   
8      | 48.6629    | 48.7500    | 32.3818    | 31.9000   
9      | 46.3002    | 46.3750    | 36.7510    | 34.3250   

TIME TAKEN = 636.07055 ms
Run 54

 CPU ACCELERATED IMPLEMENTATION
--------------------------------------------------------------

Index  | Call Model | Call Actual | Put Model  | Put Actual
--------------------------------------------------------------
0      | 51.3883    | 51.7000    | 28.5523    | 29.6500   
1      | 53.1439    | 53.6500    | 24.8999    | 27.3750   
2      | 55.5507    | 56.4000    | 21.9540    | 25.3500   
3      | 58.3779    | 59.9750    | 18.8546    | 23.2750   
4      | 60.7531    | 63.1750    | 16.0375    | 21.2000   
5      | 62.9777    | 66.3250    | 13.9869    | 19.5250   
6      | 65.1464    | 69.7250    | 11.9810    | 17.7500   
7      | 67.0319    | 72.9000    | 10.2835    | 16.1500   
8      | 48.6629    | 48.7500    | 32.3818    | 31.9000   
9      | 46.3002    | 46.3750    | 36.7510    | 34.3250   

TIME TAKEN = 642.40167 ms
Run 55

 CPU ACCELERATED IMPLEMENTATION
--------------------------------------------------------------

Index  | Call Model | Call Actual | Put Model  | Put Actual
--------------------------------------------------------------
0      | 51.3883    | 51.7000    | 28.5523    | 29.6500   
1      | 53.1439    | 53.6500    | 24.8999    | 27.3750   
2      | 55.5507    | 56.4000    | 21.9540    | 25.3500   
3      | 58.3779    | 59.9750    | 18.8546    | 23.2750   
4      | 60.7531    | 63.1750    | 16.0375    | 21.2000   
5      | 62.9777    | 66.3250    | 13.9869    | 19.5250   
6      | 65.1464    | 69.7250    | 11.9810    | 17.7500   
7      | 67.0319    | 72.9000    | 10.2835    | 16.1500   
8      | 48.6629    | 48.7500    | 32.3818    | 31.9000   
9      | 46.3002    | 46.3750    | 36.7510    | 34.3250   

TIME TAKEN = 643.66535 ms
Run 56

 CPU ACCELERATED IMPLEMENTATION
--------------------------------------------------------------

Index  | Call Model | Call Actual | Put Model  | Put Actual
--------------------------------------------------------------
0      | 51.3883    | 51.7000    | 28.5523    | 29.6500   
1      | 53.1439    | 53.6500    | 24.8999    | 27.3750   
2      | 55.5507    | 56.4000    | 21.9540    | 25.3500   
3      | 58.3779    | 59.9750    | 18.8546    | 23.2750   
4      | 60.7531    | 63.1750    | 16.0375    | 21.2000   
5      | 62.9777    | 66.3250    | 13.9869    | 19.5250   
6      | 65.1464    | 69.7250    | 11.9810    | 17.7500   
7      | 67.0319    | 72.9000    | 10.2835    | 16.1500   
8      | 48.6629    | 48.7500    | 32.3818    | 31.9000   
9      | 46.3002    | 46.3750    | 36.7510    | 34.3250   

TIME TAKEN = 626.41025 ms
Run 57

 CPU ACCELERATED IMPLEMENTATION
--------------------------------------------------------------

Index  | Call Model | Call Actual | Put Model  | Put Actual
--------------------------------------------------------------
0      | 51.3883    | 51.7000    | 28.5523    | 29.6500   
1      | 53.1439    | 53.6500    | 24.8999    | 27.3750   
2      | 55.5507    | 56.4000    | 21.9540    | 25.3500   
3      | 58.3779    | 59.9750    | 18.8546    | 23.2750   
4      | 60.7531    | 63.1750    | 16.0375    | 21.2000   
5      | 62.9777    | 66.3250    | 13.9869    | 19.5250   
6      | 65.1464    | 69.7250    | 11.9810    | 17.7500   
7      | 67.0319    | 72.9000    | 10.2835    | 16.1500   
8      | 48.6629    | 48.7500    | 32.3818    | 31.9000   
9      | 46.3002    | 46.3750    | 36.7510    | 34.3250   

TIME TAKEN = 632.75749 ms
Run 58

 CPU ACCELERATED IMPLEMENTATION
--------------------------------------------------------------

Index  | Call Model | Call Actual | Put Model  | Put Actual
--------------------------------------------------------------
0      | 51.3883    | 51.7000    | 28.5523    | 29.6500   
1      | 53.1439    | 53.6500    | 24.8999    | 27.3750   
2      | 55.5507    | 56.4000    | 21.9540    | 25.3500   
3      | 58.3779    | 59.9750    | 18.8546    | 23.2750   
4      | 60.7531    | 63.1750    | 16.0375    | 21.2000   
5      | 62.9777    | 66.3250    | 13.9869    | 19.5250   
6      | 65.1464    | 69.7250    | 11.9810    | 17.7500   
7      | 67.0319    | 72.9000    | 10.2835    | 16.1500   
8      | 48.6629    | 48.7500    | 32.3818    | 31.9000   
9      | 46.3002    | 46.3750    | 36.7510    | 34.3250   

TIME TAKEN = 647.80530 ms
Run 59

 CPU ACCELERATED IMPLEMENTATION
--------------------------------------------------------------

Index  | Call Model | Call Actual | Put Model  | Put Actual
--------------------------------------------------------------
0      | 51.3883    | 51.7000    | 28.5523    | 29.6500   
1      | 53.1439    | 53.6500    | 24.8999    | 27.3750   
2      | 55.5507    | 56.4000    | 21.9540    | 25.3500   
3      | 58.3779    | 59.9750    | 18.8546    | 23.2750   
4      | 60.7531    | 63.1750    | 16.0375    | 21.2000   
5      | 62.9777    | 66.3250    | 13.9869    | 19.5250   
6      | 65.1464    | 69.7250    | 11.9810    | 17.7500   
7      | 67.0319    | 72.9000    | 10.2835    | 16.1500   
8      | 48.6629    | 48.7500    | 32.3818    | 31.9000   
9      | 46.3002    | 46.3750    | 36.7510    | 34.3250   

TIME TAKEN = 634.35220 ms
Run 60

 CPU ACCELERATED IMPLEMENTATION
--------------------------------------------------------------

Index  | Call Model | Call Actual | Put Model  | Put Actual
--------------------------------------------------------------
0      | 51.3883    | 51.7000    | 28.5523    | 29.6500   
1      | 53.1439    | 53.6500    | 24.8999    | 27.3750   
2      | 55.5507    | 56.4000    | 21.9540    | 25.3500   
3      | 58.3779    | 59.9750    | 18.8546    | 23.2750   
4      | 60.7531    | 63.1750    | 16.0375    | 21.2000   
5      | 62.9777    | 66.3250    | 13.9869    | 19.5250   
6      | 65.1464    | 69.7250    | 11.9810    | 17.7500   
7      | 67.0319    | 72.9000    | 10.2835    | 16.1500   
8      | 48.6629    | 48.7500    | 32.3818    | 31.9000   
9      | 46.3002    | 46.3750    | 36.7510    | 34.3250   

TIME TAKEN = 636.10846 ms
Run 61

 CPU ACCELERATED IMPLEMENTATION
--------------------------------------------------------------

Index  | Call Model | Call Actual | Put Model  | Put Actual
--------------------------------------------------------------
0      | 51.3883    | 51.7000    | 28.5523    | 29.6500   
1      | 53.1439    | 53.6500    | 24.8999    | 27.3750   
2      | 55.5507    | 56.4000    | 21.9540    | 25.3500   
3      | 58.3779    | 59.9750    | 18.8546    | 23.2750   
4      | 60.7531    | 63.1750    | 16.0375    | 21.2000   
5      | 62.9777    | 66.3250    | 13.9869    | 19.5250   
6      | 65.1464    | 69.7250    | 11.9810    | 17.7500   
7      | 67.0319    | 72.9000    | 10.2835    | 16.1500   
8      | 48.6629    | 48.7500    | 32.3818    | 31.9000   
9      | 46.3002    | 46.3750    | 36.7510    | 34.3250   

TIME TAKEN = 627.00673 ms
Run 62

 CPU ACCELERATED IMPLEMENTATION
--------------------------------------------------------------

Index  | Call Model | Call Actual | Put Model  | Put Actual
--------------------------------------------------------------
0      | 51.3883    | 51.7000    | 28.5523    | 29.6500   
1      | 53.1439    | 53.6500    | 24.8999    | 27.3750   
2      | 55.5507    | 56.4000    | 21.9540    | 25.3500   
3      | 58.3779    | 59.9750    | 18.8546    | 23.2750   
4      | 60.7531    | 63.1750    | 16.0375    | 21.2000   
5      | 62.9777    | 66.3250    | 13.9869    | 19.5250   
6      | 65.1464    | 69.7250    | 11.9810    | 17.7500   
7      | 67.0319    | 72.9000    | 10.2835    | 16.1500   
8      | 48.6629    | 48.7500    | 32.3818    | 31.9000   
9      | 46.3002    | 46.3750    | 36.7510    | 34.3250   

TIME TAKEN = 635.53702 ms
Run 63

 CPU ACCELERATED IMPLEMENTATION
--------------------------------------------------------------

Index  | Call Model | Call Actual | Put Model  | Put Actual
--------------------------------------------------------------
0      | 51.3883    | 51.7000    | 28.5523    | 29.6500   
1      | 53.1439    | 53.6500    | 24.8999    | 27.3750   
2      | 55.5507    | 56.4000    | 21.9540    | 25.3500   
3      | 58.3779    | 59.9750    | 18.8546    | 23.2750   
4      | 60.7531    | 63.1750    | 16.0375    | 21.2000   
5      | 62.9777    | 66.3250    | 13.9869    | 19.5250   
6      | 65.1464    | 69.7250    | 11.9810    | 17.7500   
7      | 67.0319    | 72.9000    | 10.2835    | 16.1500   
8      | 48.6629    | 48.7500    | 32.3818    | 31.9000   
9      | 46.3002    | 46.3750    | 36.7510    | 34.3250   

TIME TAKEN = 636.31434 ms
Run 64

 CPU ACCELERATED IMPLEMENTATION
--------------------------------------------------------------

Index  | Call Model | Call Actual | Put Model  | Put Actual
--------------------------------------------------------------
0      | 51.3883    | 51.7000    | 28.5523    | 29.6500   
1      | 53.1439    | 53.6500    | 24.8999    | 27.3750   
2      | 55.5507    | 56.4000    | 21.9540    | 25.3500   
3      | 58.3779    | 59.9750    | 18.8546    | 23.2750   
4      | 60.7531    | 63.1750    | 16.0375    | 21.2000   
5      | 62.9777    | 66.3250    | 13.9869    | 19.5250   
6      | 65.1464    | 69.7250    | 11.9810    | 17.7500   
7      | 67.0319    | 72.9000    | 10.2835    | 16.1500   
8      | 48.6629    | 48.7500    | 32.3818    | 31.9000   
9      | 46.3002    | 46.3750    | 36.7510    | 34.3250   

TIME TAKEN = 638.80184 ms
Run 65

 CPU ACCELERATED IMPLEMENTATION
--------------------------------------------------------------

Index  | Call Model | Call Actual | Put Model  | Put Actual
--------------------------------------------------------------
0      | 51.3883    | 51.7000    | 28.5523    | 29.6500   
1      | 53.1439    | 53.6500    | 24.8999    | 27.3750   
2      | 55.5507    | 56.4000    | 21.9540    | 25.3500   
3      | 58.3779    | 59.9750    | 18.8546    | 23.2750   
4      | 60.7531    | 63.1750    | 16.0375    | 21.2000   
5      | 62.9777    | 66.3250    | 13.9869    | 19.5250   
6      | 65.1464    | 69.7250    | 11.9810    | 17.7500   
7      | 67.0319    | 72.9000    | 10.2835    | 16.1500   
8      | 48.6629    | 48.7500    | 32.3818    | 31.9000   
9      | 46.3002    | 46.3750    | 36.7510    | 34.3250   

TIME TAKEN = 649.38152 ms
Run 66

 CPU ACCELERATED IMPLEMENTATION
--------------------------------------------------------------

Index  | Call Model | Call Actual | Put Model  | Put Actual
--------------------------------------------------------------
0      | 51.3883    | 51.7000    | 28.5523    | 29.6500   
1      | 53.1439    | 53.6500    | 24.8999    | 27.3750   
2      | 55.5507    | 56.4000    | 21.9540    | 25.3500   
3      | 58.3779    | 59.9750    | 18.8546    | 23.2750   
4      | 60.7531    | 63.1750    | 16.0375    | 21.2000   
5      | 62.9777    | 66.3250    | 13.9869    | 19.5250   
6      | 65.1464    | 69.7250    | 11.9810    | 17.7500   
7      | 67.0319    | 72.9000    | 10.2835    | 16.1500   
8      | 48.6629    | 48.7500    | 32.3818    | 31.9000   
9      | 46.3002    | 46.3750    | 36.7510    | 34.3250   

TIME TAKEN = 647.32720 ms
Run 67

 CPU ACCELERATED IMPLEMENTATION
--------------------------------------------------------------

Index  | Call Model | Call Actual | Put Model  | Put Actual
--------------------------------------------------------------
0      | 51.3883    | 51.7000    | 28.5523    | 29.6500   
1      | 53.1439    | 53.6500    | 24.8999    | 27.3750   
2      | 55.5507    | 56.4000    | 21.9540    | 25.3500   
3      | 58.3779    | 59.9750    | 18.8546    | 23.2750   
4      | 60.7531    | 63.1750    | 16.0375    | 21.2000   
5      | 62.9777    | 66.3250    | 13.9869    | 19.5250   
6      | 65.1464    | 69.7250    | 11.9810    | 17.7500   
7      | 67.0319    | 72.9000    | 10.2835    | 16.1500   
8      | 48.6629    | 48.7500    | 32.3818    | 31.9000   
9      | 46.3002    | 46.3750    | 36.7510    | 34.3250   

TIME TAKEN = 640.82607 ms
Run 68

 CPU ACCELERATED IMPLEMENTATION
--------------------------------------------------------------

Index  | Call Model | Call Actual | Put Model  | Put Actual
--------------------------------------------------------------
0      | 51.3883    | 51.7000    | 28.5523    | 29.6500   
1      | 53.1439    | 53.6500    | 24.8999    | 27.3750   
2      | 55.5507    | 56.4000    | 21.9540    | 25.3500   
3      | 58.3779    | 59.9750    | 18.8546    | 23.2750   
4      | 60.7531    | 63.1750    | 16.0375    | 21.2000   
5      | 62.9777    | 66.3250    | 13.9869    | 19.5250   
6      | 65.1464    | 69.7250    | 11.9810    | 17.7500   
7      | 67.0319    | 72.9000    | 10.2835    | 16.1500   
8      | 48.6629    | 48.7500    | 32.3818    | 31.9000   
9      | 46.3002    | 46.3750    | 36.7510    | 34.3250   

TIME TAKEN = 629.71286 ms
Run 69

 CPU ACCELERATED IMPLEMENTATION
--------------------------------------------------------------

Index  | Call Model | Call Actual | Put Model  | Put Actual
--------------------------------------------------------------
0      | 51.3883    | 51.7000    | 28.5523    | 29.6500   
1      | 53.1439    | 53.6500    | 24.8999    | 27.3750   
2      | 55.5507    | 56.4000    | 21.9540    | 25.3500   
3      | 58.3779    | 59.9750    | 18.8546    | 23.2750   
4      | 60.7531    | 63.1750    | 16.0375    | 21.2000   
5      | 62.9777    | 66.3250    | 13.9869    | 19.5250   
6      | 65.1464    | 69.7250    | 11.9810    | 17.7500   
7      | 67.0319    | 72.9000    | 10.2835    | 16.1500   
8      | 48.6629    | 48.7500    | 32.3818    | 31.9000   
9      | 46.3002    | 46.3750    | 36.7510    | 34.3250   

TIME TAKEN = 635.67295 ms
Run 70

 CPU ACCELERATED IMPLEMENTATION
--------------------------------------------------------------

Index  | Call Model | Call Actual | Put Model  | Put Actual
--------------------------------------------------------------
0      | 51.3883    | 51.7000    | 28.5523    | 29.6500   
1      | 53.1439    | 53.6500    | 24.8999    | 27.3750   
2      | 55.5507    | 56.4000    | 21.9540    | 25.3500   
3      | 58.3779    | 59.9750    | 18.8546    | 23.2750   
4      | 60.7531    | 63.1750    | 16.0375    | 21.2000   
5      | 62.9777    | 66.3250    | 13.9869    | 19.5250   
6      | 65.1464    | 69.7250    | 11.9810    | 17.7500   
7      | 67.0319    | 72.9000    | 10.2835    | 16.1500   
8      | 48.6629    | 48.7500    | 32.3818    | 31.9000   
9      | 46.3002    | 46.3750    | 36.7510    | 34.3250   

TIME TAKEN = 627.16317 ms
Run 71

 CPU ACCELERATED IMPLEMENTATION
--------------------------------------------------------------

Index  | Call Model | Call Actual | Put Model  | Put Actual
--------------------------------------------------------------
0      | 51.3883    | 51.7000    | 28.5523    | 29.6500   
1      | 53.1439    | 53.6500    | 24.8999    | 27.3750   
2      | 55.5507    | 56.4000    | 21.9540    | 25.3500   
3      | 58.3779    | 59.9750    | 18.8546    | 23.2750   
4      | 60.7531    | 63.1750    | 16.0375    | 21.2000   
5      | 62.9777    | 66.3250    | 13.9869    | 19.5250   
6      | 65.1464    | 69.7250    | 11.9810    | 17.7500   
7      | 67.0319    | 72.9000    | 10.2835    | 16.1500   
8      | 48.6629    | 48.7500    | 32.3818    | 31.9000   
9      | 46.3002    | 46.3750    | 36.7510    | 34.3250   

TIME TAKEN = 634.07122 ms
Run 72

 CPU ACCELERATED IMPLEMENTATION
--------------------------------------------------------------

Index  | Call Model | Call Actual | Put Model  | Put Actual
--------------------------------------------------------------
0      | 51.3883    | 51.7000    | 28.5523    | 29.6500   
1      | 53.1439    | 53.6500    | 24.8999    | 27.3750   
2      | 55.5507    | 56.4000    | 21.9540    | 25.3500   
3      | 58.3779    | 59.9750    | 18.8546    | 23.2750   
4      | 60.7531    | 63.1750    | 16.0375    | 21.2000   
5      | 62.9777    | 66.3250    | 13.9869    | 19.5250   
6      | 65.1464    | 69.7250    | 11.9810    | 17.7500   
7      | 67.0319    | 72.9000    | 10.2835    | 16.1500   
8      | 48.6629    | 48.7500    | 32.3818    | 31.9000   
9      | 46.3002    | 46.3750    | 36.7510    | 34.3250   

TIME TAKEN = 627.57467 ms
Run 73

 CPU ACCELERATED IMPLEMENTATION
--------------------------------------------------------------

Index  | Call Model | Call Actual | Put Model  | Put Actual
--------------------------------------------------------------
0      | 51.3883    | 51.7000    | 28.5523    | 29.6500   
1      | 53.1439    | 53.6500    | 24.8999    | 27.3750   
2      | 55.5507    | 56.4000    | 21.9540    | 25.3500   
3      | 58.3779    | 59.9750    | 18.8546    | 23.2750   
4      | 60.7531    | 63.1750    | 16.0375    | 21.2000   
5      | 62.9777    | 66.3250    | 13.9869    | 19.5250   
6      | 65.1464    | 69.7250    | 11.9810    | 17.7500   
7      | 67.0319    | 72.9000    | 10.2835    | 16.1500   
8      | 48.6629    | 48.7500    | 32.3818    | 31.9000   
9      | 46.3002    | 46.3750    | 36.7510    | 34.3250   

TIME TAKEN = 629.37183 ms
Run 74

 CPU ACCELERATED IMPLEMENTATION
--------------------------------------------------------------

Index  | Call Model | Call Actual | Put Model  | Put Actual
--------------------------------------------------------------
0      | 51.3883    | 51.7000    | 28.5523    | 29.6500   
1      | 53.1439    | 53.6500    | 24.8999    | 27.3750   
2      | 55.5507    | 56.4000    | 21.9540    | 25.3500   
3      | 58.3779    | 59.9750    | 18.8546    | 23.2750   
4      | 60.7531    | 63.1750    | 16.0375    | 21.2000   
5      | 62.9777    | 66.3250    | 13.9869    | 19.5250   
6      | 65.1464    | 69.7250    | 11.9810    | 17.7500   
7      | 67.0319    | 72.9000    | 10.2835    | 16.1500   
8      | 48.6629    | 48.7500    | 32.3818    | 31.9000   
9      | 46.3002    | 46.3750    | 36.7510    | 34.3250   

TIME TAKEN = 649.72339 ms
Run 75

 CPU ACCELERATED IMPLEMENTATION
--------------------------------------------------------------

Index  | Call Model | Call Actual | Put Model  | Put Actual
--------------------------------------------------------------
0      | 51.3883    | 51.7000    | 28.5523    | 29.6500   
1      | 53.1439    | 53.6500    | 24.8999    | 27.3750   
2      | 55.5507    | 56.4000    | 21.9540    | 25.3500   
3      | 58.3779    | 59.9750    | 18.8546    | 23.2750   
4      | 60.7531    | 63.1750    | 16.0375    | 21.2000   
5      | 62.9777    | 66.3250    | 13.9869    | 19.5250   
6      | 65.1464    | 69.7250    | 11.9810    | 17.7500   
7      | 67.0319    | 72.9000    | 10.2835    | 16.1500   
8      | 48.6629    | 48.7500    | 32.3818    | 31.9000   
9      | 46.3002    | 46.3750    | 36.7510    | 34.3250   

TIME TAKEN = 640.79702 ms
Run 76

 CPU ACCELERATED IMPLEMENTATION
--------------------------------------------------------------

Index  | Call Model | Call Actual | Put Model  | Put Actual
--------------------------------------------------------------
0      | 51.3883    | 51.7000    | 28.5523    | 29.6500   
1      | 53.1439    | 53.6500    | 24.8999    | 27.3750   
2      | 55.5507    | 56.4000    | 21.9540    | 25.3500   
3      | 58.3779    | 59.9750    | 18.8546    | 23.2750   
4      | 60.7531    | 63.1750    | 16.0375    | 21.2000   
5      | 62.9777    | 66.3250    | 13.9869    | 19.5250   
6      | 65.1464    | 69.7250    | 11.9810    | 17.7500   
7      | 67.0319    | 72.9000    | 10.2835    | 16.1500   
8      | 48.6629    | 48.7500    | 32.3818    | 31.9000   
9      | 46.3002    | 46.3750    | 36.7510    | 34.3250   

TIME TAKEN = 648.65254 ms
Run 77

 CPU ACCELERATED IMPLEMENTATION
--------------------------------------------------------------

Index  | Call Model | Call Actual | Put Model  | Put Actual
--------------------------------------------------------------
0      | 51.3883    | 51.7000    | 28.5523    | 29.6500   
1      | 53.1439    | 53.6500    | 24.8999    | 27.3750   
2      | 55.5507    | 56.4000    | 21.9540    | 25.3500   
3      | 58.3779    | 59.9750    | 18.8546    | 23.2750   
4      | 60.7531    | 63.1750    | 16.0375    | 21.2000   
5      | 62.9777    | 66.3250    | 13.9869    | 19.5250   
6      | 65.1464    | 69.7250    | 11.9810    | 17.7500   
7      | 67.0319    | 72.9000    | 10.2835    | 16.1500   
8      | 48.6629    | 48.7500    | 32.3818    | 31.9000   
9      | 46.3002    | 46.3750    | 36.7510    | 34.3250   

TIME TAKEN = 653.63817 ms
Run 78

 CPU ACCELERATED IMPLEMENTATION
--------------------------------------------------------------

Index  | Call Model | Call Actual | Put Model  | Put Actual
--------------------------------------------------------------
0      | 51.3883    | 51.7000    | 28.5523    | 29.6500   
1      | 53.1439    | 53.6500    | 24.8999    | 27.3750   
2      | 55.5507    | 56.4000    | 21.9540    | 25.3500   
3      | 58.3779    | 59.9750    | 18.8546    | 23.2750   
4      | 60.7531    | 63.1750    | 16.0375    | 21.2000   
5      | 62.9777    | 66.3250    | 13.9869    | 19.5250   
6      | 65.1464    | 69.7250    | 11.9810    | 17.7500   
7      | 67.0319    | 72.9000    | 10.2835    | 16.1500   
8      | 48.6629    | 48.7500    | 32.3818    | 31.9000   
9      | 46.3002    | 46.3750    | 36.7510    | 34.3250   

TIME TAKEN = 634.66498 ms
Run 79

 CPU ACCELERATED IMPLEMENTATION
--------------------------------------------------------------

Index  | Call Model | Call Actual | Put Model  | Put Actual
--------------------------------------------------------------
0      | 51.3883    | 51.7000    | 28.5523    | 29.6500   
1      | 53.1439    | 53.6500    | 24.8999    | 27.3750   
2      | 55.5507    | 56.4000    | 21.9540    | 25.3500   
3      | 58.3779    | 59.9750    | 18.8546    | 23.2750   
4      | 60.7531    | 63.1750    | 16.0375    | 21.2000   
5      | 62.9777    | 66.3250    | 13.9869    | 19.5250   
6      | 65.1464    | 69.7250    | 11.9810    | 17.7500   
7      | 67.0319    | 72.9000    | 10.2835    | 16.1500   
8      | 48.6629    | 48.7500    | 32.3818    | 31.9000   
9      | 46.3002    | 46.3750    | 36.7510    | 34.3250   

TIME TAKEN = 636.80057 ms
Run 80

 CPU ACCELERATED IMPLEMENTATION
--------------------------------------------------------------

Index  | Call Model | Call Actual | Put Model  | Put Actual
--------------------------------------------------------------
0      | 51.3883    | 51.7000    | 28.5523    | 29.6500   
1      | 53.1439    | 53.6500    | 24.8999    | 27.3750   
2      | 55.5507    | 56.4000    | 21.9540    | 25.3500   
3      | 58.3779    | 59.9750    | 18.8546    | 23.2750   
4      | 60.7531    | 63.1750    | 16.0375    | 21.2000   
5      | 62.9777    | 66.3250    | 13.9869    | 19.5250   
6      | 65.1464    | 69.7250    | 11.9810    | 17.7500   
7      | 67.0319    | 72.9000    | 10.2835    | 16.1500   
8      | 48.6629    | 48.7500    | 32.3818    | 31.9000   
9      | 46.3002    | 46.3750    | 36.7510    | 34.3250   

TIME TAKEN = 655.95725 ms
Run 81

 CPU ACCELERATED IMPLEMENTATION
--------------------------------------------------------------

Index  | Call Model | Call Actual | Put Model  | Put Actual
--------------------------------------------------------------
0      | 51.3883    | 51.7000    | 28.5523    | 29.6500   
1      | 53.1439    | 53.6500    | 24.8999    | 27.3750   
2      | 55.5507    | 56.4000    | 21.9540    | 25.3500   
3      | 58.3779    | 59.9750    | 18.8546    | 23.2750   
4      | 60.7531    | 63.1750    | 16.0375    | 21.2000   
5      | 62.9777    | 66.3250    | 13.9869    | 19.5250   
6      | 65.1464    | 69.7250    | 11.9810    | 17.7500   
7      | 67.0319    | 72.9000    | 10.2835    | 16.1500   
8      | 48.6629    | 48.7500    | 32.3818    | 31.9000   
9      | 46.3002    | 46.3750    | 36.7510    | 34.3250   

TIME TAKEN = 636.99831 ms
Run 82

 CPU ACCELERATED IMPLEMENTATION
--------------------------------------------------------------

Index  | Call Model | Call Actual | Put Model  | Put Actual
--------------------------------------------------------------
0      | 51.3883    | 51.7000    | 28.5523    | 29.6500   
1      | 53.1439    | 53.6500    | 24.8999    | 27.3750   
2      | 55.5507    | 56.4000    | 21.9540    | 25.3500   
3      | 58.3779    | 59.9750    | 18.8546    | 23.2750   
4      | 60.7531    | 63.1750    | 16.0375    | 21.2000   
5      | 62.9777    | 66.3250    | 13.9869    | 19.5250   
6      | 65.1464    | 69.7250    | 11.9810    | 17.7500   
7      | 67.0319    | 72.9000    | 10.2835    | 16.1500   
8      | 48.6629    | 48.7500    | 32.3818    | 31.9000   
9      | 46.3002    | 46.3750    | 36.7510    | 34.3250   

TIME TAKEN = 632.80914 ms
Run 83

 CPU ACCELERATED IMPLEMENTATION
--------------------------------------------------------------

Index  | Call Model | Call Actual | Put Model  | Put Actual
--------------------------------------------------------------
0      | 51.3883    | 51.7000    | 28.5523    | 29.6500   
1      | 53.1439    | 53.6500    | 24.8999    | 27.3750   
2      | 55.5507    | 56.4000    | 21.9540    | 25.3500   
3      | 58.3779    | 59.9750    | 18.8546    | 23.2750   
4      | 60.7531    | 63.1750    | 16.0375    | 21.2000   
5      | 62.9777    | 66.3250    | 13.9869    | 19.5250   
6      | 65.1464    | 69.7250    | 11.9810    | 17.7500   
7      | 67.0319    | 72.9000    | 10.2835    | 16.1500   
8      | 48.6629    | 48.7500    | 32.3818    | 31.9000   
9      | 46.3002    | 46.3750    | 36.7510    | 34.3250   

TIME TAKEN = 640.76408 ms
Run 84

 CPU ACCELERATED IMPLEMENTATION
--------------------------------------------------------------

Index  | Call Model | Call Actual | Put Model  | Put Actual
--------------------------------------------------------------
0      | 51.3883    | 51.7000    | 28.5523    | 29.6500   
1      | 53.1439    | 53.6500    | 24.8999    | 27.3750   
2      | 55.5507    | 56.4000    | 21.9540    | 25.3500   
3      | 58.3779    | 59.9750    | 18.8546    | 23.2750   
4      | 60.7531    | 63.1750    | 16.0375    | 21.2000   
5      | 62.9777    | 66.3250    | 13.9869    | 19.5250   
6      | 65.1464    | 69.7250    | 11.9810    | 17.7500   
7      | 67.0319    | 72.9000    | 10.2835    | 16.1500   
8      | 48.6629    | 48.7500    | 32.3818    | 31.9000   
9      | 46.3002    | 46.3750    | 36.7510    | 34.3250   

TIME TAKEN = 644.23834 ms
Run 85

 CPU ACCELERATED IMPLEMENTATION
--------------------------------------------------------------

Index  | Call Model | Call Actual | Put Model  | Put Actual
--------------------------------------------------------------
0      | 51.3883    | 51.7000    | 28.5523    | 29.6500   
1      | 53.1439    | 53.6500    | 24.8999    | 27.3750   
2      | 55.5507    | 56.4000    | 21.9540    | 25.3500   
3      | 58.3779    | 59.9750    | 18.8546    | 23.2750   
4      | 60.7531    | 63.1750    | 16.0375    | 21.2000   
5      | 62.9777    | 66.3250    | 13.9869    | 19.5250   
6      | 65.1464    | 69.7250    | 11.9810    | 17.7500   
7      | 67.0319    | 72.9000    | 10.2835    | 16.1500   
8      | 48.6629    | 48.7500    | 32.3818    | 31.9000   
9      | 46.3002    | 46.3750    | 36.7510    | 34.3250   

TIME TAKEN = 628.27334 ms
Run 86

 CPU ACCELERATED IMPLEMENTATION
--------------------------------------------------------------

Index  | Call Model | Call Actual | Put Model  | Put Actual
--------------------------------------------------------------
0      | 51.3883    | 51.7000    | 28.5523    | 29.6500   
1      | 53.1439    | 53.6500    | 24.8999    | 27.3750   
2      | 55.5507    | 56.4000    | 21.9540    | 25.3500   
3      | 58.3779    | 59.9750    | 18.8546    | 23.2750   
4      | 60.7531    | 63.1750    | 16.0375    | 21.2000   
5      | 62.9777    | 66.3250    | 13.9869    | 19.5250   
6      | 65.1464    | 69.7250    | 11.9810    | 17.7500   
7      | 67.0319    | 72.9000    | 10.2835    | 16.1500   
8      | 48.6629    | 48.7500    | 32.3818    | 31.9000   
9      | 46.3002    | 46.3750    | 36.7510    | 34.3250   

TIME TAKEN = 658.86920 ms
Run 87

 CPU ACCELERATED IMPLEMENTATION
--------------------------------------------------------------

Index  | Call Model | Call Actual | Put Model  | Put Actual
--------------------------------------------------------------
0      | 51.3883    | 51.7000    | 28.5523    | 29.6500   
1      | 53.1439    | 53.6500    | 24.8999    | 27.3750   
2      | 55.5507    | 56.4000    | 21.9540    | 25.3500   
3      | 58.3779    | 59.9750    | 18.8546    | 23.2750   
4      | 60.7531    | 63.1750    | 16.0375    | 21.2000   
5      | 62.9777    | 66.3250    | 13.9869    | 19.5250   
6      | 65.1464    | 69.7250    | 11.9810    | 17.7500   
7      | 67.0319    | 72.9000    | 10.2835    | 16.1500   
8      | 48.6629    | 48.7500    | 32.3818    | 31.9000   
9      | 46.3002    | 46.3750    | 36.7510    | 34.3250   

TIME TAKEN = 645.13414 ms
Run 88

 CPU ACCELERATED IMPLEMENTATION
--------------------------------------------------------------

Index  | Call Model | Call Actual | Put Model  | Put Actual
--------------------------------------------------------------
0      | 51.3883    | 51.7000    | 28.5523    | 29.6500   
1      | 53.1439    | 53.6500    | 24.8999    | 27.3750   
2      | 55.5507    | 56.4000    | 21.9540    | 25.3500   
3      | 58.3779    | 59.9750    | 18.8546    | 23.2750   
4      | 60.7531    | 63.1750    | 16.0375    | 21.2000   
5      | 62.9777    | 66.3250    | 13.9869    | 19.5250   
6      | 65.1464    | 69.7250    | 11.9810    | 17.7500   
7      | 67.0319    | 72.9000    | 10.2835    | 16.1500   
8      | 48.6629    | 48.7500    | 32.3818    | 31.9000   
9      | 46.3002    | 46.3750    | 36.7510    | 34.3250   

TIME TAKEN = 633.26612 ms
Run 89

 CPU ACCELERATED IMPLEMENTATION
--------------------------------------------------------------

Index  | Call Model | Call Actual | Put Model  | Put Actual
--------------------------------------------------------------
0      | 51.3883    | 51.7000    | 28.5523    | 29.6500   
1      | 53.1439    | 53.6500    | 24.8999    | 27.3750   
2      | 55.5507    | 56.4000    | 21.9540    | 25.3500   
3      | 58.3779    | 59.9750    | 18.8546    | 23.2750   
4      | 60.7531    | 63.1750    | 16.0375    | 21.2000   
5      | 62.9777    | 66.3250    | 13.9869    | 19.5250   
6      | 65.1464    | 69.7250    | 11.9810    | 17.7500   
7      | 67.0319    | 72.9000    | 10.2835    | 16.1500   
8      | 48.6629    | 48.7500    | 32.3818    | 31.9000   
9      | 46.3002    | 46.3750    | 36.7510    | 34.3250   

TIME TAKEN = 652.17381 ms
Run 90

 CPU ACCELERATED IMPLEMENTATION
--------------------------------------------------------------

Index  | Call Model | Call Actual | Put Model  | Put Actual
--------------------------------------------------------------
0      | 51.3883    | 51.7000    | 28.5523    | 29.6500   
1      | 53.1439    | 53.6500    | 24.8999    | 27.3750   
2      | 55.5507    | 56.4000    | 21.9540    | 25.3500   
3      | 58.3779    | 59.9750    | 18.8546    | 23.2750   
4      | 60.7531    | 63.1750    | 16.0375    | 21.2000   
5      | 62.9777    | 66.3250    | 13.9869    | 19.5250   
6      | 65.1464    | 69.7250    | 11.9810    | 17.7500   
7      | 67.0319    | 72.9000    | 10.2835    | 16.1500   
8      | 48.6629    | 48.7500    | 32.3818    | 31.9000   
9      | 46.3002    | 46.3750    | 36.7510    | 34.3250   

TIME TAKEN = 625.94968 ms
Run 91

 CPU ACCELERATED IMPLEMENTATION
--------------------------------------------------------------

Index  | Call Model | Call Actual | Put Model  | Put Actual
--------------------------------------------------------------
0      | 51.3883    | 51.7000    | 28.5523    | 29.6500   
1      | 53.1439    | 53.6500    | 24.8999    | 27.3750   
2      | 55.5507    | 56.4000    | 21.9540    | 25.3500   
3      | 58.3779    | 59.9750    | 18.8546    | 23.2750   
4      | 60.7531    | 63.1750    | 16.0375    | 21.2000   
5      | 62.9777    | 66.3250    | 13.9869    | 19.5250   
6      | 65.1464    | 69.7250    | 11.9810    | 17.7500   
7      | 67.0319    | 72.9000    | 10.2835    | 16.1500   
8      | 48.6629    | 48.7500    | 32.3818    | 31.9000   
9      | 46.3002    | 46.3750    | 36.7510    | 34.3250   

TIME TAKEN = 631.01714 ms
Run 92

 CPU ACCELERATED IMPLEMENTATION
--------------------------------------------------------------

Index  | Call Model | Call Actual | Put Model  | Put Actual
--------------------------------------------------------------
0      | 51.3883    | 51.7000    | 28.5523    | 29.6500   
1      | 53.1439    | 53.6500    | 24.8999    | 27.3750   
2      | 55.5507    | 56.4000    | 21.9540    | 25.3500   
3      | 58.3779    | 59.9750    | 18.8546    | 23.2750   
4      | 60.7531    | 63.1750    | 16.0375    | 21.2000   
5      | 62.9777    | 66.3250    | 13.9869    | 19.5250   
6      | 65.1464    | 69.7250    | 11.9810    | 17.7500   
7      | 67.0319    | 72.9000    | 10.2835    | 16.1500   
8      | 48.6629    | 48.7500    | 32.3818    | 31.9000   
9      | 46.3002    | 46.3750    | 36.7510    | 34.3250   

TIME TAKEN = 628.20235 ms
Run 93

 CPU ACCELERATED IMPLEMENTATION
--------------------------------------------------------------

Index  | Call Model | Call Actual | Put Model  | Put Actual
--------------------------------------------------------------
0      | 51.3883    | 51.7000    | 28.5523    | 29.6500   
1      | 53.1439    | 53.6500    | 24.8999    | 27.3750   
2      | 55.5507    | 56.4000    | 21.9540    | 25.3500   
3      | 58.3779    | 59.9750    | 18.8546    | 23.2750   
4      | 60.7531    | 63.1750    | 16.0375    | 21.2000   
5      | 62.9777    | 66.3250    | 13.9869    | 19.5250   
6      | 65.1464    | 69.7250    | 11.9810    | 17.7500   
7      | 67.0319    | 72.9000    | 10.2835    | 16.1500   
8      | 48.6629    | 48.7500    | 32.3818    | 31.9000   
9      | 46.3002    | 46.3750    | 36.7510    | 34.3250   

TIME TAKEN = 628.15732 ms
Run 94

 CPU ACCELERATED IMPLEMENTATION
--------------------------------------------------------------

Index  | Call Model | Call Actual | Put Model  | Put Actual
--------------------------------------------------------------
0      | 51.3883    | 51.7000    | 28.5523    | 29.6500   
1      | 53.1439    | 53.6500    | 24.8999    | 27.3750   
2      | 55.5507    | 56.4000    | 21.9540    | 25.3500   
3      | 58.3779    | 59.9750    | 18.8546    | 23.2750   
4      | 60.7531    | 63.1750    | 16.0375    | 21.2000   
5      | 62.9777    | 66.3250    | 13.9869    | 19.5250   
6      | 65.1464    | 69.7250    | 11.9810    | 17.7500   
7      | 67.0319    | 72.9000    | 10.2835    | 16.1500   
8      | 48.6629    | 48.7500    | 32.3818    | 31.9000   
9      | 46.3002    | 46.3750    | 36.7510    | 34.3250   

TIME TAKEN = 641.09494 ms
Run 95

 CPU ACCELERATED IMPLEMENTATION
--------------------------------------------------------------

Index  | Call Model | Call Actual | Put Model  | Put Actual
--------------------------------------------------------------
0      | 51.3883    | 51.7000    | 28.5523    | 29.6500   
1      | 53.1439    | 53.6500    | 24.8999    | 27.3750   
2      | 55.5507    | 56.4000    | 21.9540    | 25.3500   
3      | 58.3779    | 59.9750    | 18.8546    | 23.2750   
4      | 60.7531    | 63.1750    | 16.0375    | 21.2000   
5      | 62.9777    | 66.3250    | 13.9869    | 19.5250   
6      | 65.1464    | 69.7250    | 11.9810    | 17.7500   
7      | 67.0319    | 72.9000    | 10.2835    | 16.1500   
8      | 48.6629    | 48.7500    | 32.3818    | 31.9000   
9      | 46.3002    | 46.3750    | 36.7510    | 34.3250   

TIME TAKEN = 647.50698 ms
Run 96

 CPU ACCELERATED IMPLEMENTATION
--------------------------------------------------------------

Index  | Call Model | Call Actual | Put Model  | Put Actual
--------------------------------------------------------------
0      | 51.3883    | 51.7000    | 28.5523    | 29.6500   
1      | 53.1439    | 53.6500    | 24.8999    | 27.3750   
2      | 55.5507    | 56.4000    | 21.9540    | 25.3500   
3      | 58.3779    | 59.9750    | 18.8546    | 23.2750   
4      | 60.7531    | 63.1750    | 16.0375    | 21.2000   
5      | 62.9777    | 66.3250    | 13.9869    | 19.5250   
6      | 65.1464    | 69.7250    | 11.9810    | 17.7500   
7      | 67.0319    | 72.9000    | 10.2835    | 16.1500   
8      | 48.6629    | 48.7500    | 32.3818    | 31.9000   
9      | 46.3002    | 46.3750    | 36.7510    | 34.3250   

TIME TAKEN = 636.03966 ms
Run 97

 CPU ACCELERATED IMPLEMENTATION
--------------------------------------------------------------

Index  | Call Model | Call Actual | Put Model  | Put Actual
--------------------------------------------------------------
0      | 51.3883    | 51.7000    | 28.5523    | 29.6500   
1      | 53.1439    | 53.6500    | 24.8999    | 27.3750   
2      | 55.5507    | 56.4000    | 21.9540    | 25.3500   
3      | 58.3779    | 59.9750    | 18.8546    | 23.2750   
4      | 60.7531    | 63.1750    | 16.0375    | 21.2000   
5      | 62.9777    | 66.3250    | 13.9869    | 19.5250   
6      | 65.1464    | 69.7250    | 11.9810    | 17.7500   
7      | 67.0319    | 72.9000    | 10.2835    | 16.1500   
8      | 48.6629    | 48.7500    | 32.3818    | 31.9000   
9      | 46.3002    | 46.3750    | 36.7510    | 34.3250   

TIME TAKEN = 642.96710 ms
Run 98

 CPU ACCELERATED IMPLEMENTATION
--------------------------------------------------------------

Index  | Call Model | Call Actual | Put Model  | Put Actual
--------------------------------------------------------------
0      | 51.3883    | 51.7000    | 28.5523    | 29.6500   
1      | 53.1439    | 53.6500    | 24.8999    | 27.3750   
2      | 55.5507    | 56.4000    | 21.9540    | 25.3500   
3      | 58.3779    | 59.9750    | 18.8546    | 23.2750   
4      | 60.7531    | 63.1750    | 16.0375    | 21.2000   
5      | 62.9777    | 66.3250    | 13.9869    | 19.5250   
6      | 65.1464    | 69.7250    | 11.9810    | 17.7500   
7      | 67.0319    | 72.9000    | 10.2835    | 16.1500   
8      | 48.6629    | 48.7500    | 32.3818    | 31.9000   
9      | 46.3002    | 46.3750    | 36.7510    | 34.3250   

TIME TAKEN = 635.92207 ms
Run 99

 CPU ACCELERATED IMPLEMENTATION
--------------------------------------------------------------

Index  | Call Model | Call Actual | Put Model  | Put Actual
--------------------------------------------------------------
0      | 51.3883    | 51.7000    | 28.5523    | 29.6500   
1      | 53.1439    | 53.6500    | 24.8999    | 27.3750   
2      | 55.5507    | 56.4000    | 21.9540    | 25.3500   
3      | 58.3779    | 59.9750    | 18.8546    | 23.2750   
4      | 60.7531    | 63.1750    | 16.0375    | 21.2000   
5      | 62.9777    | 66.3250    | 13.9869    | 19.5250   
6      | 65.1464    | 69.7250    | 11.9810    | 17.7500   
7      | 67.0319    | 72.9000    | 10.2835    | 16.1500   
8      | 48.6629    | 48.7500    | 32.3818    | 31.9000   
9      | 46.3002    | 46.3750    | 36.7510    | 34.3250   

TIME TAKEN = 637.83935 ms
Run 100

 CPU ACCELERATED IMPLEMENTATION
--------------------------------------------------------------

Index  | Call Model | Call Actual | Put Model  | Put Actual
--------------------------------------------------------------
0      | 51.3883    | 51.7000    | 28.5523    | 29.6500   
1      | 53.1439    | 53.6500    | 24.8999    | 27.3750   
2      | 55.5507    | 56.4000    | 21.9540    | 25.3500   
3      | 58.3779    | 59.9750    | 18.8546    | 23.2750   
4      | 60.7531    | 63.1750    | 16.0375    | 21.2000   
5      | 62.9777    | 66.3250    | 13.9869    | 19.5250   
6      | 65.1464    | 69.7250    | 11.9810    | 17.7500   
7      | 67.0319    | 72.9000    | 10.2835    | 16.1500   
8      | 48.6629    | 48.7500    | 32.3818    | 31.9000   
9      | 46.3002    | 46.3750    | 36.7510    | 34.3250   

TIME TAKEN = 662.24860 ms
